status --json 
status --json --session fm-lab-x 
workspace list --session fm-lab-x 
workspace create --cwd /home/node/.no-mistakes/worktrees/450411b3e67c/01M47HX8Y8BQRSDDHWXNW190JH/.live-validation/project --label firstmate --no-focus --session fm-lab-x 
tab list --workspace w1 --session fm-lab-x 
tab create --workspace w1 --cwd /home/node/.no-mistakes/worktrees/450411b3e67c/01M47HX8Y8BQRSDDHWXNW190JH/.live-validation/project --label fm-mine --no-focus --session fm-lab-x 
tab list --workspace w1 --session fm-lab-x 
pane list --workspace w1 --session fm-lab-x 
agent get w1:p1 --session fm-lab-x 
pane close w1:p1 --session fm-lab-x 
status --json --session fm-lab-x 
pane run w1:p2 treehouse\ get --session fm-lab-x 
status --json --session fm-lab-x 
pane get w1:p2 --session fm-lab-x 
status --json --session fm-lab-x 
pane get w1:p2 --session fm-lab-x 
status --json --session fm-lab-x 
pane get w1:p2 --session fm-lab-x 
status --json --session fm-lab-x 
pane run w1:p2 cd\ --\ \'/home/node/.no-mistakes/worktrees/450411b3e67c/01M47HX8Y8BQRSDDHWXNW190JH/.live-validation/pool/.treehouse/project-997b52/1/project\' --session fm-lab-x 
status --json --session fm-lab-x 
pane get w1:p2 --session fm-lab-x 
pane process-info --pane w1:p2 --session fm-lab-x 
pane process-info --pane w1:p2 --session fm-lab-x 
pane get w1:p2 --session fm-lab-x 
status --json --session fm-lab-x 
pane process-info --pane w1:p2 --session fm-lab-x 
status --json --session fm-lab-x 
pane read w1:p2 --source recent --lines 200 --session fm-lab-x 
status --json --session fm-lab-x 
pane process-info --pane w1:p2 --session fm-lab-x 
status --json --session fm-lab-x 
pane read w1:p2 --source recent --lines 200 --session fm-lab-x 
status --json --session fm-lab-x 
pane process-info --pane w1:p2 --session fm-lab-x 
status --json --session fm-lab-x 
agent get w1:p2 --session fm-lab-x 
status --json --session fm-lab-x 
pane run w1:p2 export\ GOTMPDIR=\'/home/node/.no-mistakes/worktrees/450411b3e67c/01M47HX8Y8BQRSDDHWXNW190JH/.live-validation/main/state/mine.tasktmp/gotmp\' --session fm-lab-x 
status --json --session fm-lab-x 
pane run w1:p2 export\ COMPACT_ADVISER_DISABLE=1 --session fm-lab-x 
status --json --session fm-lab-x 
pane run w1:p2 export\ FM_TASK_ID=mine --session fm-lab-x 
status --json --session fm-lab-x 
pane send-text w1:p2 .\ \'/tmp/fm-mine+10ad743f3268ccec6a92a1845ca9f2b0b8d54bd437d1f2164ebcf43a1329702f/launch.s1791327265.423927.21456.sh\' --session fm-lab-x 
status --json --session fm-lab-x 
pane send-keys w1:p2 enter --session fm-lab-x 
status --json 
status --json --session fm-lab-x 
workspace list --session fm-lab-x 
workspace create --cwd /home/node/.no-mistakes/worktrees/450411b3e67c/01M47HX8Y8BQRSDDHWXNW190JH/.live-validation/project --label 2ndmate-mate --no-focus --session fm-lab-x 
tab list --workspace w2 --session fm-lab-x 
tab create --workspace w2 --cwd /home/node/.no-mistakes/worktrees/450411b3e67c/01M47HX8Y8BQRSDDHWXNW190JH/.live-validation/project --label fm-kid --no-focus --session fm-lab-x 
tab list --workspace w2 --session fm-lab-x 
pane list --workspace w2 --session fm-lab-x 
agent get w2:p1 --session fm-lab-x 
pane close w2:p1 --session fm-lab-x 
status --json --session fm-lab-x 
pane run w2:p2 treehouse\ get --session fm-lab-x 
status --json --session fm-lab-x 
pane get w2:p2 --session fm-lab-x 
status --json --session fm-lab-x 
pane get w2:p2 --session fm-lab-x 
status --json --session fm-lab-x 
pane get w2:p2 --session fm-lab-x 
status --json --session fm-lab-x 
pane run w2:p2 cd\ --\ \'/home/node/.no-mistakes/worktrees/450411b3e67c/01M47HX8Y8BQRSDDHWXNW190JH/.live-validation/pool/.treehouse/project-997b52/2/project\' --session fm-lab-x 
status --json --session fm-lab-x 
pane get w2:p2 --session fm-lab-x 
pane process-info --pane w2:p2 --session fm-lab-x 
pane process-info --pane w2:p2 --session fm-lab-x 
pane get w2:p2 --session fm-lab-x 
status --json --session fm-lab-x 
pane process-info --pane w2:p2 --session fm-lab-x 
status --json --session fm-lab-x 
pane read w2:p2 --source recent --lines 200 --session fm-lab-x 
status --json --session fm-lab-x 
pane process-info --pane w2:p2 --session fm-lab-x 
status --json --session fm-lab-x 
pane read w2:p2 --source recent --lines 200 --session fm-lab-x 
status --json --session fm-lab-x 
pane process-info --pane w2:p2 --session fm-lab-x 
status --json --session fm-lab-x 
agent get w2:p2 --session fm-lab-x 
status --json --session fm-lab-x 
pane run w2:p2 export\ GOTMPDIR=\'/home/node/.no-mistakes/worktrees/450411b3e67c/01M47HX8Y8BQRSDDHWXNW190JH/.live-validation/child/state/kid.tasktmp/gotmp\' --session fm-lab-x 
status --json --session fm-lab-x 
pane run w2:p2 export\ COMPACT_ADVISER_DISABLE=1 --session fm-lab-x 
status --json --session fm-lab-x 
pane run w2:p2 export\ FM_TASK_ID=kid --session fm-lab-x 
status --json --session fm-lab-x 
pane send-text w2:p2 .\ \'/tmp/fm-kid+3b31baf3acdd0ddc6a9114977185c50abfffaf1c19b20a31ef7686db2b2dd3b2/launch.s1791327274.429471.27550.sh\' --session fm-lab-x 
status --json --session fm-lab-x 
pane send-keys w2:p2 enter --session fm-lab-x 
pane process-info --pane w1:p2 --session fm-lab-x 
pane process-info --pane w2:p2 --session fm-lab-x 
pane process-info --pane w1:p2 --session fm-lab-x 
pane get w1:p2 --session fm-lab-x 
status --json --session fm-lab-x 
pane process-info --pane w1:p2 --session fm-lab-x 
status --json --session fm-lab-x 
pane read w1:p2 --source recent --lines 200 --session fm-lab-x 
pane process-info --pane w1:p2 --session fm-lab-x 
pane get w1:p2 --session fm-lab-x 
status --json --session fm-lab-x 
pane process-info --pane w1:p2 --session fm-lab-x 
status --json --session fm-lab-x 
pane send-keys w1:p2 C-l --session fm-lab-x 
status --json 
status --json --session fm-lab-x 
workspace list --session fm-lab-x 
workspace create --cwd /home/node/.no-mistakes/worktrees/450411b3e67c/01M47HX8Y8BQRSDDHWXNW190JH/.live-validation/project --label firstmate --no-focus --session fm-lab-x 
tab list --workspace w1 --session fm-lab-x 
tab create --workspace w1 --cwd /home/node/.no-mistakes/worktrees/450411b3e67c/01M47HX8Y8BQRSDDHWXNW190JH/.live-validation/project --label fm-mine --no-focus --session fm-lab-x 
tab list --workspace w1 --session fm-lab-x 
pane list --workspace w1 --session fm-lab-x 
agent get w1:p1 --session fm-lab-x 
pane close w1:p1 --session fm-lab-x 
status --json --session fm-lab-x 
pane run w1:p2 treehouse\ get --session fm-lab-x 
status --json --session fm-lab-x 
pane get w1:p2 --session fm-lab-x 
status --json --session fm-lab-x 
pane get w1:p2 --session fm-lab-x 
status --json --session fm-lab-x 
pane get w1:p2 --session fm-lab-x 
status --json --session fm-lab-x 
pane run w1:p2 cd\ --\ \'/home/node/.no-mistakes/worktrees/450411b3e67c/01M47HX8Y8BQRSDDHWXNW190JH/.live-validation/pool/.treehouse/project-997b52/1/project\' --session fm-lab-x 
status --json --session fm-lab-x 
pane get w1:p2 --session fm-lab-x 
pane process-info --pane w1:p2 --session fm-lab-x 
pane process-info --pane w1:p2 --session fm-lab-x 
pane get w1:p2 --session fm-lab-x 
status --json --session fm-lab-x 
pane process-info --pane w1:p2 --session fm-lab-x 
status --json --session fm-lab-x 
pane read w1:p2 --source recent --lines 200 --session fm-lab-x 
status --json --session fm-lab-x 
pane process-info --pane w1:p2 --session fm-lab-x 
status --json --session fm-lab-x 
pane read w1:p2 --source recent --lines 200 --session fm-lab-x 
status --json --session fm-lab-x 
pane process-info --pane w1:p2 --session fm-lab-x 
status --json --session fm-lab-x 
agent get w1:p2 --session fm-lab-x 
status --json --session fm-lab-x 
pane run w1:p2 export\ GOTMPDIR=\'/home/node/.no-mistakes/worktrees/450411b3e67c/01M47HX8Y8BQRSDDHWXNW190JH/.live-validation/main/state/mine.tasktmp/gotmp\' --session fm-lab-x 
status --json --session fm-lab-x 
pane run w1:p2 export\ COMPACT_ADVISER_DISABLE=1 --session fm-lab-x 
status --json --session fm-lab-x 
pane run w1:p2 export\ FM_TASK_ID=mine --session fm-lab-x 
status --json --session fm-lab-x 
pane send-text w1:p2 .\ \'/tmp/fm-mine+10ad743f3268ccec6a92a1845ca9f2b0b8d54bd437d1f2164ebcf43a1329702f/launch.s1791327313.443061.22978.sh\' --session fm-lab-x 
status --json --session fm-lab-x 
pane send-keys w1:p2 enter --session fm-lab-x 
status --json 
status --json --session fm-lab-x 
workspace list --session fm-lab-x 
workspace create --cwd /home/node/.no-mistakes/worktrees/450411b3e67c/01M47HX8Y8BQRSDDHWXNW190JH/.live-validation/project --label 2ndmate-mate --no-focus --session fm-lab-x 
tab list --workspace w2 --session fm-lab-x 
tab create --workspace w2 --cwd /home/node/.no-mistakes/worktrees/450411b3e67c/01M47HX8Y8BQRSDDHWXNW190JH/.live-validation/project --label fm-kid --no-focus --session fm-lab-x 
tab list --workspace w2 --session fm-lab-x 
pane list --workspace w2 --session fm-lab-x 
agent get w2:p1 --session fm-lab-x 
pane close w2:p1 --session fm-lab-x 
status --json --session fm-lab-x 
pane run w2:p2 treehouse\ get --session fm-lab-x 
status --json --session fm-lab-x 
pane get w2:p2 --session fm-lab-x 
status --json --session fm-lab-x 
pane get w2:p2 --session fm-lab-x 
status --json --session fm-lab-x 
pane run w2:p2 cd\ --\ \'/home/node/.no-mistakes/worktrees/450411b3e67c/01M47HX8Y8BQRSDDHWXNW190JH/.live-validation/pool/.treehouse/project-997b52/2/project\' --session fm-lab-x 
status --json --session fm-lab-x 
pane get w2:p2 --session fm-lab-x 
pane process-info --pane w2:p2 --session fm-lab-x 
pane process-info --pane w2:p2 --session fm-lab-x 
pane get w2:p2 --session fm-lab-x 
status --json --session fm-lab-x 
pane process-info --pane w2:p2 --session fm-lab-x 
status --json --session fm-lab-x 
pane read w2:p2 --source recent --lines 200 --session fm-lab-x 
status --json --session fm-lab-x 
pane process-info --pane w2:p2 --session fm-lab-x 
status --json --session fm-lab-x 
pane read w2:p2 --source recent --lines 200 --session fm-lab-x 
status --json --session fm-lab-x 
pane process-info --pane w2:p2 --session fm-lab-x 
status --json --session fm-lab-x 
agent get w2:p2 --session fm-lab-x 
status --json --session fm-lab-x 
pane run w2:p2 export\ GOTMPDIR=\'/home/node/.no-mistakes/worktrees/450411b3e67c/01M47HX8Y8BQRSDDHWXNW190JH/.live-validation/child/state/kid.tasktmp/gotmp\' --session fm-lab-x 
status --json --session fm-lab-x 
pane run w2:p2 export\ COMPACT_ADVISER_DISABLE=1 --session fm-lab-x 
status --json --session fm-lab-x 
pane run w2:p2 export\ FM_TASK_ID=kid --session fm-lab-x 
status --json --session fm-lab-x 
pane send-text w2:p2 .\ \'/tmp/fm-kid+3b31baf3acdd0ddc6a9114977185c50abfffaf1c19b20a31ef7686db2b2dd3b2/launch.s1791327322.446220.31633.sh\' --session fm-lab-x 
status --json --session fm-lab-x 
pane send-keys w2:p2 enter --session fm-lab-x 
pane process-info --pane w1:p2 --session fm-lab-x 
pane process-info --pane w2:p2 --session fm-lab-x 
pane process-info --pane w1:p2 --session fm-lab-x 
pane get w1:p2 --session fm-lab-x 
status --json --session fm-lab-x 
pane process-info --pane w1:p2 --session fm-lab-x 
status --json --session fm-lab-x 
pane read w1:p2 --source recent --lines 200 --session fm-lab-x 
pane process-info --pane w1:p2 --session fm-lab-x 
pane get w1:p2 --session fm-lab-x 
status --json --session fm-lab-x 
pane process-info --pane w1:p2 --session fm-lab-x 
status --json --session fm-lab-x 
pane send-keys w1:p2 enter --session fm-lab-x 
status --json --session fm-lab-x 
pane process-info --pane w1:p2 --session fm-lab-x 
status --json --session fm-lab-x 
pane read w1:p2 --source recent --lines 200 --session fm-lab-x 
pane process-info --pane w1:p2 --session fm-lab-x 
pane process-info --pane w1:p2 --session fm-lab-x 
pane process-info --pane w1:p2 --session fm-lab-x 
status --json --session fm-lab-x 
pane process-info --pane w1:p2 --session fm-lab-x 
status --json --session fm-lab-x 
pane process-info --pane w1:p2 --session fm-lab-x 
status --json --session fm-lab-x 
pane process-info --pane w1:p2 --session fm-lab-x 
pane process-info --pane w1:p2 --session fm-lab-x 
pane process-info --pane w1:p2 --session fm-lab-x 
pane process-info --pane w2:p2 --session fm-lab-x 
pane process-info --pane w2:p2 --session fm-lab-x 
pane process-info --pane w2:p2 --session fm-lab-x 
status --json --session fm-lab-x 
pane process-info --pane w2:p2 --session fm-lab-x 
status --json --session fm-lab-x 
pane process-info --pane w2:p2 --session fm-lab-x 
status --json --session fm-lab-x 
pane process-info --pane w2:p2 --session fm-lab-x 
pane process-info --pane w2:p2 --session fm-lab-x 
pane process-info --pane w2:p2 --session fm-lab-x 
status --json 
status --json --session fm-lab-x 
workspace list --session fm-lab-x 
workspace create --cwd /home/node/.no-mistakes/worktrees/450411b3e67c/01M47HX8Y8BQRSDDHWXNW190JH/.live-validation/project --label firstmate --no-focus --session fm-lab-x 
tab list --workspace w1 --session fm-lab-x 
tab create --workspace w1 --cwd /home/node/.no-mistakes/worktrees/450411b3e67c/01M47HX8Y8BQRSDDHWXNW190JH/.live-validation/project --label fm-mine --no-focus --session fm-lab-x 
tab list --workspace w1 --session fm-lab-x 
pane list --workspace w1 --session fm-lab-x 
agent get w1:p1 --session fm-lab-x 
pane close w1:p1 --session fm-lab-x 
status --json --session fm-lab-x 
pane run w1:p2 treehouse\ get --session fm-lab-x 
status --json --session fm-lab-x 
pane get w1:p2 --session fm-lab-x 
status --json --session fm-lab-x 
pane get w1:p2 --session fm-lab-x 
status --json --session fm-lab-x 
pane get w1:p2 --session fm-lab-x 
status --json --session fm-lab-x 
pane run w1:p2 cd\ --\ \'/home/node/.no-mistakes/worktrees/450411b3e67c/01M47HX8Y8BQRSDDHWXNW190JH/.live-validation/pool/.treehouse/project-997b52/1/project\' --session fm-lab-x 
status --json --session fm-lab-x 
pane get w1:p2 --session fm-lab-x 
pane process-info --pane w1:p2 --session fm-lab-x 
pane process-info --pane w1:p2 --session fm-lab-x 
pane get w1:p2 --session fm-lab-x 
status --json --session fm-lab-x 
pane process-info --pane w1:p2 --session fm-lab-x 
status --json --session fm-lab-x 
pane read w1:p2 --source recent --lines 200 --session fm-lab-x 
status --json --session fm-lab-x 
pane process-info --pane w1:p2 --session fm-lab-x 
status --json --session fm-lab-x 
pane read w1:p2 --source recent --lines 200 --session fm-lab-x 
status --json --session fm-lab-x 
pane process-info --pane w1:p2 --session fm-lab-x 
status --json --session fm-lab-x 
agent get w1:p2 --session fm-lab-x 
status --json --session fm-lab-x 
pane run w1:p2 export\ GOTMPDIR=\'/home/node/.no-mistakes/worktrees/450411b3e67c/01M47HX8Y8BQRSDDHWXNW190JH/.live-validation/main/state/mine.tasktmp/gotmp\' --session fm-lab-x 
status --json --session fm-lab-x 
pane run w1:p2 export\ COMPACT_ADVISER_DISABLE=1 --session fm-lab-x 
status --json --session fm-lab-x 
pane run w1:p2 export\ FM_TASK_ID=mine --session fm-lab-x 
status --json --session fm-lab-x 
pane send-text w1:p2 .\ \'/tmp/fm-mine+10ad743f3268ccec6a92a1845ca9f2b0b8d54bd437d1f2164ebcf43a1329702f/launch.s1791327357.462808.31816.sh\' --session fm-lab-x 
status --json --session fm-lab-x 
pane send-keys w1:p2 enter --session fm-lab-x 
status --json 
status --json --session fm-lab-x 
workspace list --session fm-lab-x 
workspace create --cwd /home/node/.no-mistakes/worktrees/450411b3e67c/01M47HX8Y8BQRSDDHWXNW190JH/.live-validation/project --label 2ndmate-mate --no-focus --session fm-lab-x 
tab list --workspace w2 --session fm-lab-x 
tab create --workspace w2 --cwd /home/node/.no-mistakes/worktrees/450411b3e67c/01M47HX8Y8BQRSDDHWXNW190JH/.live-validation/project --label fm-kid --no-focus --session fm-lab-x 
tab list --workspace w2 --session fm-lab-x 
pane list --workspace w2 --session fm-lab-x 
agent get w2:p1 --session fm-lab-x 
pane close w2:p1 --session fm-lab-x 
status --json --session fm-lab-x 
pane run w2:p2 treehouse\ get --session fm-lab-x 
status --json --session fm-lab-x 
pane get w2:p2 --session fm-lab-x 
status --json --session fm-lab-x 
pane get w2:p2 --session fm-lab-x 
status --json --session fm-lab-x 
pane get w2:p2 --session fm-lab-x 
status --json --session fm-lab-x 
pane run w2:p2 cd\ --\ \'/home/node/.no-mistakes/worktrees/450411b3e67c/01M47HX8Y8BQRSDDHWXNW190JH/.live-validation/pool/.treehouse/project-997b52/2/project\' --session fm-lab-x 
status --json --session fm-lab-x 
pane get w2:p2 --session fm-lab-x 
pane process-info --pane w2:p2 --session fm-lab-x 
pane process-info --pane w2:p2 --session fm-lab-x 
pane get w2:p2 --session fm-lab-x 
status --json --session fm-lab-x 
pane process-info --pane w2:p2 --session fm-lab-x 
status --json --session fm-lab-x 
pane read w2:p2 --source recent --lines 200 --session fm-lab-x 
status --json --session fm-lab-x 
pane process-info --pane w2:p2 --session fm-lab-x 
status --json --session fm-lab-x 
pane read w2:p2 --source recent --lines 200 --session fm-lab-x 
status --json --session fm-lab-x 
pane process-info --pane w2:p2 --session fm-lab-x 
status --json --session fm-lab-x 
agent get w2:p2 --session fm-lab-x 
status --json --session fm-lab-x 
pane run w2:p2 export\ GOTMPDIR=\'/home/node/.no-mistakes/worktrees/450411b3e67c/01M47HX8Y8BQRSDDHWXNW190JH/.live-validation/child/state/kid.tasktmp/gotmp\' --session fm-lab-x 
status --json --session fm-lab-x 
pane run w2:p2 export\ COMPACT_ADVISER_DISABLE=1 --session fm-lab-x 
status --json --session fm-lab-x 
pane run w2:p2 export\ FM_TASK_ID=kid --session fm-lab-x 
status --json --session fm-lab-x 
pane send-text w2:p2 .\ \'/tmp/fm-kid+3b31baf3acdd0ddc6a9114977185c50abfffaf1c19b20a31ef7686db2b2dd3b2/launch.s1791327366.466639.15389.sh\' --session fm-lab-x 
status --json --session fm-lab-x 
pane send-keys w2:p2 enter --session fm-lab-x 
pane process-info --pane w1:p2 --session fm-lab-x 
pane process-info --pane w2:p2 --session fm-lab-x 
pane process-info --pane w1:p2 --session fm-lab-x 
pane get w1:p2 --session fm-lab-x 
status --json --session fm-lab-x 
pane process-info --pane w1:p2 --session fm-lab-x 
status --json --session fm-lab-x 
pane read w1:p2 --source recent --lines 200 --session fm-lab-x 
pane process-info --pane w1:p2 --session fm-lab-x 
pane get w1:p2 --session fm-lab-x 
status --json --session fm-lab-x 
pane process-info --pane w1:p2 --session fm-lab-x 
status --json --session fm-lab-x 
pane send-keys w1:p2 enter --session fm-lab-x 
status --json --session fm-lab-x 
pane process-info --pane w1:p2 --session fm-lab-x 
status --json --session fm-lab-x 
pane read w1:p2 --source recent --lines 200 --session fm-lab-x 
pane process-info --pane w1:p2 --session fm-lab-x 
pane process-info --pane w1:p2 --session fm-lab-x 
pane process-info --pane w1:p2 --session fm-lab-x 
status --json --session fm-lab-x 
pane process-info --pane w1:p2 --session fm-lab-x 
status --json --session fm-lab-x 
pane process-info --pane w1:p2 --session fm-lab-x 
status --json --session fm-lab-x 
pane process-info --pane w1:p2 --session fm-lab-x 
pane process-info --pane w1:p2 --session fm-lab-x 
pane process-info --pane w1:p2 --session fm-lab-x 
pane process-info --pane w2:p2 --session fm-lab-x 
pane process-info --pane w2:p2 --session fm-lab-x 
pane process-info --pane w2:p2 --session fm-lab-x 
status --json --session fm-lab-x 
pane process-info --pane w2:p2 --session fm-lab-x 
status --json --session fm-lab-x 
pane process-info --pane w2:p2 --session fm-lab-x 
status --json --session fm-lab-x 
pane process-info --pane w2:p2 --session fm-lab-x 
pane process-info --pane w2:p2 --session fm-lab-x 
pane process-info --pane w2:p2 --session fm-lab-x 
pane process-info --pane w1:p2 --session fm-lab-x 
status --json --session fm-lab-x 
pane process-info --pane w1:p2 --session fm-lab-x 
status --json 
status --json --session fm-lab-x 
workspace list --session fm-lab-x 
tab list --workspace w1 --session fm-lab-x 
pane list --workspace w1 --session fm-lab-x 
pane process-info --pane w1:p2 --session fm-lab-x 
tab create --workspace w1 --cwd /home/node/.no-mistakes/worktrees/450411b3e67c/01M47HX8Y8BQRSDDHWXNW190JH/.live-validation/pool/.treehouse/project-997b52/1/project --label fm-mine --no-focus --session fm-lab-x 
status --json --session fm-lab-x 
pane get w1:p3 --session fm-lab-x 
status --json --session fm-lab-x 
pane run w1:p3 cd\ --\ \'/home/node/.no-mistakes/worktrees/450411b3e67c/01M47HX8Y8BQRSDDHWXNW190JH/.live-validation/pool/.treehouse/project-997b52/1/project\' --session fm-lab-x 
status --json --session fm-lab-x 
pane get w1:p3 --session fm-lab-x 
pane process-info --pane w1:p3 --session fm-lab-x 
pane process-info --pane w1:p3 --session fm-lab-x 
pane get w1:p3 --session fm-lab-x 
status --json --session fm-lab-x 
pane process-info --pane w1:p3 --session fm-lab-x 
status --json --session fm-lab-x 
pane read w1:p3 --source recent --lines 200 --session fm-lab-x 
status --json --session fm-lab-x 
pane process-info --pane w1:p3 --session fm-lab-x 
status --json --session fm-lab-x 
pane read w1:p3 --source recent --lines 200 --session fm-lab-x 
status --json --session fm-lab-x 
pane process-info --pane w1:p3 --session fm-lab-x 
status --json --session fm-lab-x 
agent get w1:p3 --session fm-lab-x 
agent get w1:p3 --session fm-lab-x 
status --json --session fm-lab-x 
pane run w1:p3 export\ GOTMPDIR=\'/home/node/.no-mistakes/worktrees/450411b3e67c/01M47HX8Y8BQRSDDHWXNW190JH/.live-validation/main/state/mine.tasktmp/gotmp\' --session fm-lab-x 
status --json --session fm-lab-x 
pane run w1:p3 export\ COMPACT_ADVISER_DISABLE=1 --session fm-lab-x 
status --json --session fm-lab-x 
pane run w1:p3 export\ FM_TASK_ID=mine --session fm-lab-x 
status --json --session fm-lab-x 
pane send-text w1:p3 .\ \'/tmp/fm-mine+10ad743f3268ccec6a92a1845ca9f2b0b8d54bd437d1f2164ebcf43a1329702f/launch.s1791327375.478271.1314.sh\' --session fm-lab-x 
status --json --session fm-lab-x 
pane send-keys w1:p3 enter --session fm-lab-x 
pane process-info --pane w1:p3 --session fm-lab-x 
pane process-info --pane w1:p3 --session fm-lab-x 
pane get w1:p3 --session fm-lab-x 
status --json --session fm-lab-x 
pane process-info --pane w1:p3 --session fm-lab-x 
status --json --session fm-lab-x 
pane read w1:p3 --source recent --lines 200 --session fm-lab-x 
pane process-info --pane w2:p2 --session fm-lab-x 
status --json --session fm-lab-x 
pane process-info --pane w2:p2 --session fm-lab-x 
status --json 
status --json --session fm-lab-x 
workspace list --session fm-lab-x 
tab list --workspace w2 --session fm-lab-x 
pane list --workspace w2 --session fm-lab-x 
pane process-info --pane w2:p2 --session fm-lab-x 
tab create --workspace w2 --cwd /home/node/.no-mistakes/worktrees/450411b3e67c/01M47HX8Y8BQRSDDHWXNW190JH/.live-validation/pool/.treehouse/project-997b52/2/project --label fm-kid --no-focus --session fm-lab-x 
status --json --session fm-lab-x 
pane get w2:p3 --session fm-lab-x 
status --json --session fm-lab-x 
pane run w2:p3 cd\ --\ \'/home/node/.no-mistakes/worktrees/450411b3e67c/01M47HX8Y8BQRSDDHWXNW190JH/.live-validation/pool/.treehouse/project-997b52/2/project\' --session fm-lab-x 
status --json --session fm-lab-x 
pane get w2:p3 --session fm-lab-x 
pane process-info --pane w2:p3 --session fm-lab-x 
pane process-info --pane w2:p3 --session fm-lab-x 
pane get w2:p3 --session fm-lab-x 
status --json --session fm-lab-x 
pane process-info --pane w2:p3 --session fm-lab-x 
status --json --session fm-lab-x 
pane read w2:p3 --source recent --lines 200 --session fm-lab-x 
status --json --session fm-lab-x 
pane process-info --pane w2:p3 --session fm-lab-x 
status --json --session fm-lab-x 
pane read w2:p3 --source recent --lines 200 --session fm-lab-x 
status --json --session fm-lab-x 
pane process-info --pane w2:p3 --session fm-lab-x 
status --json --session fm-lab-x 
agent get w2:p3 --session fm-lab-x 
agent get w2:p3 --session fm-lab-x 
status --json --session fm-lab-x 
pane run w2:p3 export\ GOTMPDIR=\'/home/node/.no-mistakes/worktrees/450411b3e67c/01M47HX8Y8BQRSDDHWXNW190JH/.live-validation/child/state/kid.tasktmp/gotmp\' --session fm-lab-x 
status --json --session fm-lab-x 
pane run w2:p3 export\ COMPACT_ADVISER_DISABLE=1 --session fm-lab-x 
status --json --session fm-lab-x 
pane run w2:p3 export\ FM_TASK_ID=kid --session fm-lab-x 
status --json --session fm-lab-x 
pane send-text w2:p3 .\ \'/tmp/fm-kid+3b31baf3acdd0ddc6a9114977185c50abfffaf1c19b20a31ef7686db2b2dd3b2/launch.s1791327379.482642.6791.sh\' --session fm-lab-x 
status --json --session fm-lab-x 
pane send-keys w2:p3 enter --session fm-lab-x 
pane process-info --pane w2:p3 --session fm-lab-x 
pane process-info --pane w2:p3 --session fm-lab-x 
pane get w2:p3 --session fm-lab-x 
status --json --session fm-lab-x 
pane process-info --pane w2:p3 --session fm-lab-x 
status --json --session fm-lab-x 
pane read w2:p3 --source recent --lines 200 --session fm-lab-x 
status --json 
status --json --session fm-lab-x 
workspace list --session fm-lab-x 
workspace create --cwd /home/node/.no-mistakes/worktrees/450411b3e67c/01M47HX8Y8BQRSDDHWXNW190JH/.live-validation/project --label firstmate --no-focus --session fm-lab-x 
tab list --workspace w1 --session fm-lab-x 
tab create --workspace w1 --cwd /home/node/.no-mistakes/worktrees/450411b3e67c/01M47HX8Y8BQRSDDHWXNW190JH/.live-validation/project --label fm-mine --no-focus --session fm-lab-x 
tab list --workspace w1 --session fm-lab-x 
pane list --workspace w1 --session fm-lab-x 
agent get w1:p1 --session fm-lab-x 
pane close w1:p1 --session fm-lab-x 
status --json --session fm-lab-x 
pane run w1:p2 treehouse\ get --session fm-lab-x 
status --json --session fm-lab-x 
pane get w1:p2 --session fm-lab-x 
status --json --session fm-lab-x 
pane get w1:p2 --session fm-lab-x 
status --json --session fm-lab-x 
pane get w1:p2 --session fm-lab-x 
status --json --session fm-lab-x 
pane run w1:p2 cd\ --\ \'/home/node/.no-mistakes/worktrees/450411b3e67c/01M47HX8Y8BQRSDDHWXNW190JH/.live-validation/pool/.treehouse/project-997b52/1/project\' --session fm-lab-x 
status --json --session fm-lab-x 
pane get w1:p2 --session fm-lab-x 
pane process-info --pane w1:p2 --session fm-lab-x 
pane process-info --pane w1:p2 --session fm-lab-x 
pane get w1:p2 --session fm-lab-x 
status --json --session fm-lab-x 
pane process-info --pane w1:p2 --session fm-lab-x 
status --json --session fm-lab-x 
pane read w1:p2 --source recent --lines 200 --session fm-lab-x 
status --json --session fm-lab-x 
pane process-info --pane w1:p2 --session fm-lab-x 
status --json --session fm-lab-x 
pane read w1:p2 --source recent --lines 200 --session fm-lab-x 
status --json --session fm-lab-x 
pane process-info --pane w1:p2 --session fm-lab-x 
status --json --session fm-lab-x 
agent get w1:p2 --session fm-lab-x 
status --json --session fm-lab-x 
pane run w1:p2 export\ GOTMPDIR=\'/home/node/.no-mistakes/worktrees/450411b3e67c/01M47HX8Y8BQRSDDHWXNW190JH/.live-validation/main/state/mine.tasktmp/gotmp\' --session fm-lab-x 
status --json --session fm-lab-x 
pane run w1:p2 export\ COMPACT_ADVISER_DISABLE=1 --session fm-lab-x 
status --json --session fm-lab-x 
pane run w1:p2 export\ FM_TASK_ID=mine --session fm-lab-x 
status --json --session fm-lab-x 
pane send-text w1:p2 .\ \'/tmp/fm-mine+10ad743f3268ccec6a92a1845ca9f2b0b8d54bd437d1f2164ebcf43a1329702f/launch.s1791327410.494352.13615.sh\' --session fm-lab-x 
status --json --session fm-lab-x 
pane send-keys w1:p2 enter --session fm-lab-x 
status --json 
status --json --session fm-lab-x 
workspace list --session fm-lab-x 
workspace create --cwd /home/node/.no-mistakes/worktrees/450411b3e67c/01M47HX8Y8BQRSDDHWXNW190JH/.live-validation/project --label 2ndmate-mate --no-focus --session fm-lab-x 
tab list --workspace w2 --session fm-lab-x 
tab create --workspace w2 --cwd /home/node/.no-mistakes/worktrees/450411b3e67c/01M47HX8Y8BQRSDDHWXNW190JH/.live-validation/project --label fm-kid --no-focus --session fm-lab-x 
tab list --workspace w2 --session fm-lab-x 
pane list --workspace w2 --session fm-lab-x 
agent get w2:p1 --session fm-lab-x 
pane close w2:p1 --session fm-lab-x 
status --json --session fm-lab-x 
pane run w2:p2 treehouse\ get --session fm-lab-x 
status --json --session fm-lab-x 
pane get w2:p2 --session fm-lab-x 
status --json --session fm-lab-x 
pane get w2:p2 --session fm-lab-x 
status --json --session fm-lab-x 
pane get w2:p2 --session fm-lab-x 
status --json --session fm-lab-x 
pane run w2:p2 cd\ --\ \'/home/node/.no-mistakes/worktrees/450411b3e67c/01M47HX8Y8BQRSDDHWXNW190JH/.live-validation/pool/.treehouse/project-997b52/2/project\' --session fm-lab-x 
status --json --session fm-lab-x 
pane get w2:p2 --session fm-lab-x 
pane process-info --pane w2:p2 --session fm-lab-x 
pane process-info --pane w2:p2 --session fm-lab-x 
pane get w2:p2 --session fm-lab-x 
status --json --session fm-lab-x 
pane process-info --pane w2:p2 --session fm-lab-x 
status --json --session fm-lab-x 
pane read w2:p2 --source recent --lines 200 --session fm-lab-x 
status --json --session fm-lab-x 
pane process-info --pane w2:p2 --session fm-lab-x 
status --json --session fm-lab-x 
pane read w2:p2 --source recent --lines 200 --session fm-lab-x 
status --json --session fm-lab-x 
pane process-info --pane w2:p2 --session fm-lab-x 
status --json --session fm-lab-x 
agent get w2:p2 --session fm-lab-x 
status --json --session fm-lab-x 
pane run w2:p2 export\ GOTMPDIR=\'/home/node/.no-mistakes/worktrees/450411b3e67c/01M47HX8Y8BQRSDDHWXNW190JH/.live-validation/child/state/kid.tasktmp/gotmp\' --session fm-lab-x 
status --json --session fm-lab-x 
pane run w2:p2 export\ COMPACT_ADVISER_DISABLE=1 --session fm-lab-x 
status --json --session fm-lab-x 
pane run w2:p2 export\ FM_TASK_ID=kid --session fm-lab-x 
status --json --session fm-lab-x 
pane send-text w2:p2 .\ \'/tmp/fm-kid+3b31baf3acdd0ddc6a9114977185c50abfffaf1c19b20a31ef7686db2b2dd3b2/launch.s1791327415.496735.23062.sh\' --session fm-lab-x 
status --json --session fm-lab-x 
pane send-keys w2:p2 enter --session fm-lab-x 
pane process-info --pane w1:p2 --session fm-lab-x 
pane process-info --pane w2:p2 --session fm-lab-x 
pane process-info --pane w1:p2 --session fm-lab-x 
pane get w1:p2 --session fm-lab-x 
status --json --session fm-lab-x 
pane process-info --pane w1:p2 --session fm-lab-x 
status --json --session fm-lab-x 
pane read w1:p2 --source recent --lines 200 --session fm-lab-x 
pane process-info --pane w1:p2 --session fm-lab-x 
pane get w1:p2 --session fm-lab-x 
status --json --session fm-lab-x 
pane process-info --pane w1:p2 --session fm-lab-x 
status --json --session fm-lab-x 
pane send-keys w1:p2 enter --session fm-lab-x 
status --json --session fm-lab-x 
pane process-info --pane w1:p2 --session fm-lab-x 
status --json --session fm-lab-x 
pane read w1:p2 --source recent --lines 200 --session fm-lab-x 
pane process-info --pane w1:p2 --session fm-lab-x 
pane process-info --pane w1:p2 --session fm-lab-x 
pane process-info --pane w1:p2 --session fm-lab-x 
status --json --session fm-lab-x 
pane process-info --pane w1:p2 --session fm-lab-x 
status --json --session fm-lab-x 
pane process-info --pane w1:p2 --session fm-lab-x 
status --json --session fm-lab-x 
pane process-info --pane w1:p2 --session fm-lab-x 
pane process-info --pane w1:p2 --session fm-lab-x 
pane process-info --pane w1:p2 --session fm-lab-x 
pane process-info --pane w2:p2 --session fm-lab-x 
pane process-info --pane w2:p2 --session fm-lab-x 
pane process-info --pane w2:p2 --session fm-lab-x 
status --json --session fm-lab-x 
pane process-info --pane w2:p2 --session fm-lab-x 
status --json --session fm-lab-x 
pane process-info --pane w2:p2 --session fm-lab-x 
status --json --session fm-lab-x 
pane process-info --pane w2:p2 --session fm-lab-x 
pane process-info --pane w2:p2 --session fm-lab-x 
pane process-info --pane w2:p2 --session fm-lab-x 
pane process-info --pane w1:p2 --session fm-lab-x 
status --json --session fm-lab-x 
pane process-info --pane w1:p2 --session fm-lab-x 
status --json 
status --json --session fm-lab-x 
workspace list --session fm-lab-x 
tab list --workspace w1 --session fm-lab-x 
pane list --workspace w1 --session fm-lab-x 
pane process-info --pane w1:p2 --session fm-lab-x 
tab create --workspace w1 --cwd /home/node/.no-mistakes/worktrees/450411b3e67c/01M47HX8Y8BQRSDDHWXNW190JH/.live-validation/pool/.treehouse/project-997b52/1/project --label fm-mine --no-focus --session fm-lab-x 
status --json --session fm-lab-x 
pane get w1:p3 --session fm-lab-x 
status --json --session fm-lab-x 
pane run w1:p3 cd\ --\ \'/home/node/.no-mistakes/worktrees/450411b3e67c/01M47HX8Y8BQRSDDHWXNW190JH/.live-validation/pool/.treehouse/project-997b52/1/project\' --session fm-lab-x 
status --json --session fm-lab-x 
pane get w1:p3 --session fm-lab-x 
pane process-info --pane w1:p3 --session fm-lab-x 
pane process-info --pane w1:p3 --session fm-lab-x 
pane get w1:p3 --session fm-lab-x 
status --json --session fm-lab-x 
pane process-info --pane w1:p3 --session fm-lab-x 
status --json --session fm-lab-x 
pane read w1:p3 --source recent --lines 200 --session fm-lab-x 
status --json --session fm-lab-x 
pane process-info --pane w1:p3 --session fm-lab-x 
status --json --session fm-lab-x 
pane read w1:p3 --source recent --lines 200 --session fm-lab-x 
status --json --session fm-lab-x 
pane process-info --pane w1:p3 --session fm-lab-x 
status --json --session fm-lab-x 
agent get w1:p3 --session fm-lab-x 
agent get w1:p3 --session fm-lab-x 
status --json --session fm-lab-x 
pane run w1:p3 export\ GOTMPDIR=\'/home/node/.no-mistakes/worktrees/450411b3e67c/01M47HX8Y8BQRSDDHWXNW190JH/.live-validation/main/state/mine.tasktmp/gotmp\' --session fm-lab-x 
status --json --session fm-lab-x 
pane run w1:p3 export\ COMPACT_ADVISER_DISABLE=1 --session fm-lab-x 
status --json --session fm-lab-x 
pane run w1:p3 export\ FM_TASK_ID=mine --session fm-lab-x 
status --json --session fm-lab-x 
pane send-text w1:p3 .\ \'/tmp/fm-mine+10ad743f3268ccec6a92a1845ca9f2b0b8d54bd437d1f2164ebcf43a1329702f/launch.s1791327422.499438.6533.sh\' --session fm-lab-x 
status --json --session fm-lab-x 
pane send-keys w1:p3 enter --session fm-lab-x 
pane process-info --pane w1:p3 --session fm-lab-x 
pane process-info --pane w1:p3 --session fm-lab-x 
pane get w1:p3 --session fm-lab-x 
status --json --session fm-lab-x 
pane process-info --pane w1:p3 --session fm-lab-x 
status --json --session fm-lab-x 
pane read w1:p3 --source recent --lines 200 --session fm-lab-x 
pane process-info --pane w2:p2 --session fm-lab-x 
status --json --session fm-lab-x 
pane process-info --pane w2:p2 --session fm-lab-x 
status --json 
status --json --session fm-lab-x 
workspace list --session fm-lab-x 
tab list --workspace w2 --session fm-lab-x 
pane list --workspace w2 --session fm-lab-x 
pane process-info --pane w2:p2 --session fm-lab-x 
tab create --workspace w2 --cwd /home/node/.no-mistakes/worktrees/450411b3e67c/01M47HX8Y8BQRSDDHWXNW190JH/.live-validation/pool/.treehouse/project-997b52/2/project --label fm-kid --no-focus --session fm-lab-x 
status --json --session fm-lab-x 
pane get w2:p3 --session fm-lab-x 
status --json --session fm-lab-x 
pane run w2:p3 cd\ --\ \'/home/node/.no-mistakes/worktrees/450411b3e67c/01M47HX8Y8BQRSDDHWXNW190JH/.live-validation/pool/.treehouse/project-997b52/2/project\' --session fm-lab-x 
status --json --session fm-lab-x 
pane get w2:p3 --session fm-lab-x 
pane process-info --pane w2:p3 --session fm-lab-x 
pane process-info --pane w2:p3 --session fm-lab-x 
pane get w2:p3 --session fm-lab-x 
status --json --session fm-lab-x 
pane process-info --pane w2:p3 --session fm-lab-x 
status --json --session fm-lab-x 
pane read w2:p3 --source recent --lines 200 --session fm-lab-x 
status --json --session fm-lab-x 
pane process-info --pane w2:p3 --session fm-lab-x 
status --json --session fm-lab-x 
pane read w2:p3 --source recent --lines 200 --session fm-lab-x 
status --json --session fm-lab-x 
pane process-info --pane w2:p3 --session fm-lab-x 
status --json --session fm-lab-x 
agent get w2:p3 --session fm-lab-x 
agent get w2:p3 --session fm-lab-x 
status --json --session fm-lab-x 
pane run w2:p3 export\ GOTMPDIR=\'/home/node/.no-mistakes/worktrees/450411b3e67c/01M47HX8Y8BQRSDDHWXNW190JH/.live-validation/child/state/kid.tasktmp/gotmp\' --session fm-lab-x 
status --json --session fm-lab-x 
pane run w2:p3 export\ COMPACT_ADVISER_DISABLE=1 --session fm-lab-x 
status --json --session fm-lab-x 
pane run w2:p3 export\ FM_TASK_ID=kid --session fm-lab-x 
status --json --session fm-lab-x 
pane send-text w2:p3 .\ \'/tmp/fm-kid+3b31baf3acdd0ddc6a9114977185c50abfffaf1c19b20a31ef7686db2b2dd3b2/launch.s1791327435.503126.21485.sh\' --session fm-lab-x 
status --json --session fm-lab-x 
pane send-keys w2:p3 enter --session fm-lab-x 
pane process-info --pane w2:p3 --session fm-lab-x 
pane process-info --pane w2:p3 --session fm-lab-x 
pane get w2:p3 --session fm-lab-x 
status --json --session fm-lab-x 
pane process-info --pane w2:p3 --session fm-lab-x 
status --json --session fm-lab-x 
pane read w2:p3 --source recent --lines 200 --session fm-lab-x 
status --json 
status --json --session fm-lab-x 
workspace list --session fm-lab-x 
workspace create --cwd /home/node/.no-mistakes/worktrees/450411b3e67c/01M47HX8Y8BQRSDDHWXNW190JH/.live-validation/project --label firstmate --no-focus --session fm-lab-x 
tab list --workspace w1 --session fm-lab-x 
tab create --workspace w1 --cwd /home/node/.no-mistakes/worktrees/450411b3e67c/01M47HX8Y8BQRSDDHWXNW190JH/.live-validation/project --label fm-mine --no-focus --session fm-lab-x 
tab list --workspace w1 --session fm-lab-x 
pane list --workspace w1 --session fm-lab-x 
agent get w1:p1 --session fm-lab-x 
pane close w1:p1 --session fm-lab-x 
status --json --session fm-lab-x 
pane run w1:p2 treehouse\ get --session fm-lab-x 
status --json --session fm-lab-x 
pane get w1:p2 --session fm-lab-x 
status --json --session fm-lab-x 
pane get w1:p2 --session fm-lab-x 
status --json --session fm-lab-x 
pane get w1:p2 --session fm-lab-x 
status --json --session fm-lab-x 
pane run w1:p2 cd\ --\ \'/home/node/.no-mistakes/worktrees/450411b3e67c/01M47HX8Y8BQRSDDHWXNW190JH/.live-validation/pool/.treehouse/project-997b52/1/project\' --session fm-lab-x 
status --json --session fm-lab-x 
pane get w1:p2 --session fm-lab-x 
pane process-info --pane w1:p2 --session fm-lab-x 
pane process-info --pane w1:p2 --session fm-lab-x 
pane get w1:p2 --session fm-lab-x 
status --json --session fm-lab-x 
pane process-info --pane w1:p2 --session fm-lab-x 
status --json --session fm-lab-x 
pane read w1:p2 --source recent --lines 200 --session fm-lab-x 
status --json --session fm-lab-x 
pane process-info --pane w1:p2 --session fm-lab-x 
status --json --session fm-lab-x 
pane read w1:p2 --source recent --lines 200 --session fm-lab-x 
status --json --session fm-lab-x 
pane process-info --pane w1:p2 --session fm-lab-x 
status --json --session fm-lab-x 
agent get w1:p2 --session fm-lab-x 
status --json --session fm-lab-x 
pane run w1:p2 export\ GOTMPDIR=\'/home/node/.no-mistakes/worktrees/450411b3e67c/01M47HX8Y8BQRSDDHWXNW190JH/.live-validation/main/state/mine.tasktmp/gotmp\' --session fm-lab-x 
status --json --session fm-lab-x 
pane run w1:p2 export\ COMPACT_ADVISER_DISABLE=1 --session fm-lab-x 
status --json --session fm-lab-x 
pane run w1:p2 export\ FM_TASK_ID=mine --session fm-lab-x 
status --json --session fm-lab-x 
pane send-text w1:p2 .\ \'/tmp/fm-mine+10ad743f3268ccec6a92a1845ca9f2b0b8d54bd437d1f2164ebcf43a1329702f/launch.s1791327461.519664.13255.sh\' --session fm-lab-x 
status --json --session fm-lab-x 
pane send-keys w1:p2 enter --session fm-lab-x 
status --json 
status --json --session fm-lab-x 
workspace list --session fm-lab-x 
workspace create --cwd /home/node/.no-mistakes/worktrees/450411b3e67c/01M47HX8Y8BQRSDDHWXNW190JH/.live-validation/project --label 2ndmate-mate --no-focus --session fm-lab-x 
tab list --workspace w2 --session fm-lab-x 
tab create --workspace w2 --cwd /home/node/.no-mistakes/worktrees/450411b3e67c/01M47HX8Y8BQRSDDHWXNW190JH/.live-validation/project --label fm-kid --no-focus --session fm-lab-x 
tab list --workspace w2 --session fm-lab-x 
pane list --workspace w2 --session fm-lab-x 
agent get w2:p1 --session fm-lab-x 
pane close w2:p1 --session fm-lab-x 
status --json --session fm-lab-x 
pane run w2:p2 treehouse\ get --session fm-lab-x 
status --json --session fm-lab-x 
pane get w2:p2 --session fm-lab-x 
status --json --session fm-lab-x 
pane get w2:p2 --session fm-lab-x 
status --json --session fm-lab-x 
pane get w2:p2 --session fm-lab-x 
status --json --session fm-lab-x 
pane run w2:p2 cd\ --\ \'/home/node/.no-mistakes/worktrees/450411b3e67c/01M47HX8Y8BQRSDDHWXNW190JH/.live-validation/pool/.treehouse/project-997b52/2/project\' --session fm-lab-x 
status --json --session fm-lab-x 
pane get w2:p2 --session fm-lab-x 
pane process-info --pane w2:p2 --session fm-lab-x 
pane process-info --pane w2:p2 --session fm-lab-x 
pane get w2:p2 --session fm-lab-x 
status --json --session fm-lab-x 
pane process-info --pane w2:p2 --session fm-lab-x 
status --json --session fm-lab-x 
pane read w2:p2 --source recent --lines 200 --session fm-lab-x 
status --json --session fm-lab-x 
pane process-info --pane w2:p2 --session fm-lab-x 
status --json --session fm-lab-x 
pane read w2:p2 --source recent --lines 200 --session fm-lab-x 
status --json --session fm-lab-x 
pane process-info --pane w2:p2 --session fm-lab-x 
status --json --session fm-lab-x 
agent get w2:p2 --session fm-lab-x 
status --json --session fm-lab-x 
pane run w2:p2 export\ GOTMPDIR=\'/home/node/.no-mistakes/worktrees/450411b3e67c/01M47HX8Y8BQRSDDHWXNW190JH/.live-validation/child/state/kid.tasktmp/gotmp\' --session fm-lab-x 
status --json --session fm-lab-x 
pane run w2:p2 export\ COMPACT_ADVISER_DISABLE=1 --session fm-lab-x 
status --json --session fm-lab-x 
pane run w2:p2 export\ FM_TASK_ID=kid --session fm-lab-x 
status --json --session fm-lab-x 
pane send-text w2:p2 .\ \'/tmp/fm-kid+3b31baf3acdd0ddc6a9114977185c50abfffaf1c19b20a31ef7686db2b2dd3b2/launch.s1791327468.522787.13423.sh\' --session fm-lab-x 
status --json --session fm-lab-x 
pane send-keys w2:p2 enter --session fm-lab-x 
pane process-info --pane w1:p2 --session fm-lab-x 
pane process-info --pane w2:p2 --session fm-lab-x 
pane process-info --pane w1:p2 --session fm-lab-x 
pane get w1:p2 --session fm-lab-x 
status --json --session fm-lab-x 
pane process-info --pane w1:p2 --session fm-lab-x 
status --json --session fm-lab-x 
pane read w1:p2 --source recent --lines 200 --session fm-lab-x 
pane process-info --pane w1:p2 --session fm-lab-x 
pane get w1:p2 --session fm-lab-x 
status --json --session fm-lab-x 
pane process-info --pane w1:p2 --session fm-lab-x 
status --json --session fm-lab-x 
pane send-keys w1:p2 enter --session fm-lab-x 
status --json --session fm-lab-x 
pane process-info --pane w1:p2 --session fm-lab-x 
status --json --session fm-lab-x 
pane read w1:p2 --source recent --lines 200 --session fm-lab-x 
pane process-info --pane w1:p2 --session fm-lab-x 
pane process-info --pane w1:p2 --session fm-lab-x 
pane process-info --pane w1:p2 --session fm-lab-x 
status --json --session fm-lab-x 
pane process-info --pane w1:p2 --session fm-lab-x 
status --json --session fm-lab-x 
pane process-info --pane w1:p2 --session fm-lab-x 
status --json --session fm-lab-x 
pane process-info --pane w1:p2 --session fm-lab-x 
pane process-info --pane w1:p2 --session fm-lab-x 
pane process-info --pane w1:p2 --session fm-lab-x 
pane process-info --pane w2:p2 --session fm-lab-x 
pane process-info --pane w2:p2 --session fm-lab-x 
pane process-info --pane w2:p2 --session fm-lab-x 
status --json --session fm-lab-x 
pane process-info --pane w2:p2 --session fm-lab-x 
status --json --session fm-lab-x 
pane process-info --pane w2:p2 --session fm-lab-x 
status --json --session fm-lab-x 
pane process-info --pane w2:p2 --session fm-lab-x 
pane process-info --pane w2:p2 --session fm-lab-x 
pane process-info --pane w2:p2 --session fm-lab-x 
pane process-info --pane w1:p2 --session fm-lab-x 
status --json --session fm-lab-x 
pane process-info --pane w1:p2 --session fm-lab-x 
status --json 
status --json --session fm-lab-x 
workspace list --session fm-lab-x 
tab list --workspace w1 --session fm-lab-x 
pane list --workspace w1 --session fm-lab-x 
pane process-info --pane w1:p2 --session fm-lab-x 
tab create --workspace w1 --cwd /home/node/.no-mistakes/worktrees/450411b3e67c/01M47HX8Y8BQRSDDHWXNW190JH/.live-validation/pool/.treehouse/project-997b52/1/project --label fm-mine --no-focus --session fm-lab-x 
status --json --session fm-lab-x 
pane get w1:p3 --session fm-lab-x 
status --json --session fm-lab-x 
pane run w1:p3 cd\ --\ \'/home/node/.no-mistakes/worktrees/450411b3e67c/01M47HX8Y8BQRSDDHWXNW190JH/.live-validation/pool/.treehouse/project-997b52/1/project\' --session fm-lab-x 
status --json --session fm-lab-x 
pane get w1:p3 --session fm-lab-x 
pane process-info --pane w1:p3 --session fm-lab-x 
pane process-info --pane w1:p3 --session fm-lab-x 
pane get w1:p3 --session fm-lab-x 
status --json --session fm-lab-x 
pane process-info --pane w1:p3 --session fm-lab-x 
status --json --session fm-lab-x 
pane read w1:p3 --source recent --lines 200 --session fm-lab-x 
status --json --session fm-lab-x 
pane process-info --pane w1:p3 --session fm-lab-x 
status --json --session fm-lab-x 
pane read w1:p3 --source recent --lines 200 --session fm-lab-x 
status --json --session fm-lab-x 
pane process-info --pane w1:p3 --session fm-lab-x 
status --json --session fm-lab-x 
agent get w1:p3 --session fm-lab-x 
agent get w1:p3 --session fm-lab-x 
status --json --session fm-lab-x 
pane run w1:p3 export\ GOTMPDIR=\'/home/node/.no-mistakes/worktrees/450411b3e67c/01M47HX8Y8BQRSDDHWXNW190JH/.live-validation/main/state/mine.tasktmp/gotmp\' --session fm-lab-x 
status --json --session fm-lab-x 
pane run w1:p3 export\ COMPACT_ADVISER_DISABLE=1 --session fm-lab-x 
status --json --session fm-lab-x 
pane run w1:p3 export\ FM_TASK_ID=mine --session fm-lab-x 
status --json --session fm-lab-x 
pane send-text w1:p3 .\ \'/tmp/fm-mine+10ad743f3268ccec6a92a1845ca9f2b0b8d54bd437d1f2164ebcf43a1329702f/launch.s1791327484.530012.21808.sh\' --session fm-lab-x 
status --json --session fm-lab-x 
pane send-keys w1:p3 enter --session fm-lab-x 
pane process-info --pane w1:p3 --session fm-lab-x 
pane process-info --pane w1:p3 --session fm-lab-x 
pane get w1:p3 --session fm-lab-x 
status --json --session fm-lab-x 
pane process-info --pane w1:p3 --session fm-lab-x 
status --json --session fm-lab-x 
pane read w1:p3 --source recent --lines 200 --session fm-lab-x 
pane process-info --pane w2:p2 --session fm-lab-x 
status --json --session fm-lab-x 
pane process-info --pane w2:p2 --session fm-lab-x 
status --json 
status --json --session fm-lab-x 
workspace list --session fm-lab-x 
tab list --workspace w2 --session fm-lab-x 
pane list --workspace w2 --session fm-lab-x 
pane process-info --pane w2:p2 --session fm-lab-x 
tab create --workspace w2 --cwd /home/node/.no-mistakes/worktrees/450411b3e67c/01M47HX8Y8BQRSDDHWXNW190JH/.live-validation/pool/.treehouse/project-997b52/2/project --label fm-kid --no-focus --session fm-lab-x 
status --json --session fm-lab-x 
pane get w2:p3 --session fm-lab-x 
status --json --session fm-lab-x 
pane run w2:p3 cd\ --\ \'/home/node/.no-mistakes/worktrees/450411b3e67c/01M47HX8Y8BQRSDDHWXNW190JH/.live-validation/pool/.treehouse/project-997b52/2/project\' --session fm-lab-x 
status --json --session fm-lab-x 
pane get w2:p3 --session fm-lab-x 
pane process-info --pane w2:p3 --session fm-lab-x 
pane process-info --pane w2:p3 --session fm-lab-x 
pane get w2:p3 --session fm-lab-x 
status --json --session fm-lab-x 
pane process-info --pane w2:p3 --session fm-lab-x 
status --json --session fm-lab-x 
pane read w2:p3 --source recent --lines 200 --session fm-lab-x 
status --json --session fm-lab-x 
pane process-info --pane w2:p3 --session fm-lab-x 
status --json --session fm-lab-x 
pane read w2:p3 --source recent --lines 200 --session fm-lab-x 
status --json --session fm-lab-x 
pane process-info --pane w2:p3 --session fm-lab-x 
status --json --session fm-lab-x 
agent get w2:p3 --session fm-lab-x 
agent get w2:p3 --session fm-lab-x 
status --json --session fm-lab-x 
pane run w2:p3 export\ GOTMPDIR=\'/home/node/.no-mistakes/worktrees/450411b3e67c/01M47HX8Y8BQRSDDHWXNW190JH/.live-validation/child/state/kid.tasktmp/gotmp\' --session fm-lab-x 
status --json --session fm-lab-x 
pane run w2:p3 export\ COMPACT_ADVISER_DISABLE=1 --session fm-lab-x 
status --json --session fm-lab-x 
pane run w2:p3 export\ FM_TASK_ID=kid --session fm-lab-x 
status --json --session fm-lab-x 
pane send-text w2:p3 .\ \'/tmp/fm-kid+3b31baf3acdd0ddc6a9114977185c50abfffaf1c19b20a31ef7686db2b2dd3b2/launch.s1791327494.534641.28886.sh\' --session fm-lab-x 
status --json --session fm-lab-x 
pane send-keys w2:p3 enter --session fm-lab-x 
pane process-info --pane w2:p3 --session fm-lab-x 
pane process-info --pane w2:p3 --session fm-lab-x 
pane get w2:p3 --session fm-lab-x 
status --json --session fm-lab-x 
pane process-info --pane w2:p3 --session fm-lab-x 
status --json --session fm-lab-x 
pane read w2:p3 --source recent --lines 200 --session fm-lab-x 
pane get w1:p3 --session fm-lab-x 
session list --json --session fm-lab-x 
status --json 
status --json --session fm-lab-x 
workspace list --session fm-lab-x 
workspace create --cwd /home/node/.no-mistakes/worktrees/450411b3e67c/01M47HX8Y8BQRSDDHWXNW190JH/.live-validation/project --label firstmate --no-focus --session fm-lab-x 
tab list --workspace w1 --session fm-lab-x 
tab create --workspace w1 --cwd /home/node/.no-mistakes/worktrees/450411b3e67c/01M47HX8Y8BQRSDDHWXNW190JH/.live-validation/project --label fm-mine --no-focus --session fm-lab-x 
tab list --workspace w1 --session fm-lab-x 
pane list --workspace w1 --session fm-lab-x 
agent get w1:p1 --session fm-lab-x 
pane close w1:p1 --session fm-lab-x 
status --json --session fm-lab-x 
pane run w1:p2 treehouse\ get --session fm-lab-x 
status --json --session fm-lab-x 
pane get w1:p2 --session fm-lab-x 
status --json --session fm-lab-x 
pane get w1:p2 --session fm-lab-x 
status --json --session fm-lab-x 
pane get w1:p2 --session fm-lab-x 
status --json --session fm-lab-x 
pane run w1:p2 cd\ --\ \'/home/node/.no-mistakes/worktrees/450411b3e67c/01M47HX8Y8BQRSDDHWXNW190JH/.live-validation/pool/.treehouse/project-997b52/1/project\' --session fm-lab-x 
status --json --session fm-lab-x 
pane get w1:p2 --session fm-lab-x 
pane process-info --pane w1:p2 --session fm-lab-x 
pane process-info --pane w1:p2 --session fm-lab-x 
status --json --session fm-lab-x 
pane process-info --pane w1:p2 --session fm-lab-x 
pane get w1:p2 --session fm-lab-x 
status --json --session fm-lab-x 
pane read w1:p2 --source recent --lines 200 --session fm-lab-x 
status --json --session fm-lab-x 
pane process-info --pane w1:p2 --session fm-lab-x 
status --json --session fm-lab-x 
pane read w1:p2 --source recent --lines 200 --session fm-lab-x 
status --json --session fm-lab-x 
pane process-info --pane w1:p2 --session fm-lab-x 
status --json --session fm-lab-x 
agent get w1:p2 --session fm-lab-x 
status --json --session fm-lab-x 
pane run w1:p2 export\ GOTMPDIR=\'/home/node/.no-mistakes/worktrees/450411b3e67c/01M47HX8Y8BQRSDDHWXNW190JH/.live-validation/main/state/mine.tasktmp/gotmp\' --session fm-lab-x 
status --json --session fm-lab-x 
pane run w1:p2 export\ COMPACT_ADVISER_DISABLE=1 --session fm-lab-x 
status --json --session fm-lab-x 
pane run w1:p2 export\ FM_TASK_ID=mine --session fm-lab-x 
status --json --session fm-lab-x 
pane send-text w1:p2 .\ \'/tmp/fm-mine+10ad743f3268ccec6a92a1845ca9f2b0b8d54bd437d1f2164ebcf43a1329702f/launch.s1791327560.562812.15172.sh\' --session fm-lab-x 
status --json --session fm-lab-x 
pane send-keys w1:p2 enter --session fm-lab-x 
status --json 
status --json --session fm-lab-x 
workspace list --session fm-lab-x 
workspace create --cwd /home/node/.no-mistakes/worktrees/450411b3e67c/01M47HX8Y8BQRSDDHWXNW190JH/.live-validation/project --label 2ndmate-mate --no-focus --session fm-lab-x 
tab list --workspace w2 --session fm-lab-x 
tab create --workspace w2 --cwd /home/node/.no-mistakes/worktrees/450411b3e67c/01M47HX8Y8BQRSDDHWXNW190JH/.live-validation/project --label fm-kid --no-focus --session fm-lab-x 
tab list --workspace w2 --session fm-lab-x 
pane list --workspace w2 --session fm-lab-x 
agent get w2:p1 --session fm-lab-x 
pane close w2:p1 --session fm-lab-x 
status --json --session fm-lab-x 
pane run w2:p2 treehouse\ get --session fm-lab-x 
status --json --session fm-lab-x 
pane get w2:p2 --session fm-lab-x 
status --json --session fm-lab-x 
pane get w2:p2 --session fm-lab-x 
status --json --session fm-lab-x 
pane run w2:p2 cd\ --\ \'/home/node/.no-mistakes/worktrees/450411b3e67c/01M47HX8Y8BQRSDDHWXNW190JH/.live-validation/pool/.treehouse/project-997b52/2/project\' --session fm-lab-x 
status --json --session fm-lab-x 
pane get w2:p2 --session fm-lab-x 
pane process-info --pane w2:p2 --session fm-lab-x 
pane process-info --pane w2:p2 --session fm-lab-x 
pane get w2:p2 --session fm-lab-x 
status --json --session fm-lab-x 
pane process-info --pane w2:p2 --session fm-lab-x 
status --json --session fm-lab-x 
pane read w2:p2 --source recent --lines 200 --session fm-lab-x 
status --json --session fm-lab-x 
pane process-info --pane w2:p2 --session fm-lab-x 
status --json --session fm-lab-x 
pane read w2:p2 --source recent --lines 200 --session fm-lab-x 
status --json --session fm-lab-x 
pane process-info --pane w2:p2 --session fm-lab-x 
status --json --session fm-lab-x 
agent get w2:p2 --session fm-lab-x 
status --json --session fm-lab-x 
pane run w2:p2 export\ GOTMPDIR=\'/home/node/.no-mistakes/worktrees/450411b3e67c/01M47HX8Y8BQRSDDHWXNW190JH/.live-validation/child/state/kid.tasktmp/gotmp\' --session fm-lab-x 
status --json --session fm-lab-x 
pane run w2:p2 export\ COMPACT_ADVISER_DISABLE=1 --session fm-lab-x 
status --json --session fm-lab-x 
pane run w2:p2 export\ FM_TASK_ID=kid --session fm-lab-x 
status --json --session fm-lab-x 
pane send-text w2:p2 .\ \'/tmp/fm-kid+3b31baf3acdd0ddc6a9114977185c50abfffaf1c19b20a31ef7686db2b2dd3b2/launch.s1791327565.564961.22898.sh\' --session fm-lab-x 
status --json --session fm-lab-x 
pane send-keys w2:p2 enter --session fm-lab-x 
pane process-info --pane w1:p2 --session fm-lab-x 
pane process-info --pane w2:p2 --session fm-lab-x 
pane process-info --pane w1:p2 --session fm-lab-x 
pane get w1:p2 --session fm-lab-x 
status --json --session fm-lab-x 
pane process-info --pane w1:p2 --session fm-lab-x 
status --json --session fm-lab-x 
pane read w1:p2 --source recent --lines 200 --session fm-lab-x 
pane process-info --pane w1:p2 --session fm-lab-x 
pane get w1:p2 --session fm-lab-x 
status --json --session fm-lab-x 
pane process-info --pane w1:p2 --session fm-lab-x 
status --json --session fm-lab-x 
pane send-keys w1:p2 enter --session fm-lab-x 
status --json --session fm-lab-x 
pane process-info --pane w1:p2 --session fm-lab-x 
status --json --session fm-lab-x 
pane read w1:p2 --source recent --lines 200 --session fm-lab-x 
pane process-info --pane w1:p2 --session fm-lab-x 
pane process-info --pane w1:p2 --session fm-lab-x 
pane process-info --pane w1:p2 --session fm-lab-x 
status --json --session fm-lab-x 
pane process-info --pane w1:p2 --session fm-lab-x 
status --json --session fm-lab-x 
pane process-info --pane w1:p2 --session fm-lab-x 
status --json --session fm-lab-x 
pane process-info --pane w1:p2 --session fm-lab-x 
pane process-info --pane w1:p2 --session fm-lab-x 
pane process-info --pane w1:p2 --session fm-lab-x 
pane process-info --pane w2:p2 --session fm-lab-x 
pane process-info --pane w2:p2 --session fm-lab-x 
pane process-info --pane w2:p2 --session fm-lab-x 
status --json --session fm-lab-x 
pane process-info --pane w2:p2 --session fm-lab-x 
status --json --session fm-lab-x 
pane process-info --pane w2:p2 --session fm-lab-x 
status --json --session fm-lab-x 
pane process-info --pane w2:p2 --session fm-lab-x 
pane process-info --pane w2:p2 --session fm-lab-x 
pane process-info --pane w2:p2 --session fm-lab-x 
pane process-info --pane w1:p2 --session fm-lab-x 
status --json --session fm-lab-x 
pane process-info --pane w1:p2 --session fm-lab-x 
status --json 
status --json --session fm-lab-x 
workspace list --session fm-lab-x 
tab list --workspace w1 --session fm-lab-x 
pane list --workspace w1 --session fm-lab-x 
pane process-info --pane w1:p2 --session fm-lab-x 
tab create --workspace w1 --cwd /home/node/.no-mistakes/worktrees/450411b3e67c/01M47HX8Y8BQRSDDHWXNW190JH/.live-validation/pool/.treehouse/project-997b52/1/project --label fm-mine --no-focus --session fm-lab-x 
status --json --session fm-lab-x 
pane get w1:p3 --session fm-lab-x 
status --json --session fm-lab-x 
pane run w1:p3 cd\ --\ \'/home/node/.no-mistakes/worktrees/450411b3e67c/01M47HX8Y8BQRSDDHWXNW190JH/.live-validation/pool/.treehouse/project-997b52/1/project\' --session fm-lab-x 
status --json --session fm-lab-x 
pane get w1:p3 --session fm-lab-x 
pane process-info --pane w1:p3 --session fm-lab-x 
pane process-info --pane w1:p3 --session fm-lab-x 
pane get w1:p3 --session fm-lab-x 
status --json --session fm-lab-x 
pane process-info --pane w1:p3 --session fm-lab-x 
status --json --session fm-lab-x 
pane read w1:p3 --source recent --lines 200 --session fm-lab-x 
status --json --session fm-lab-x 
pane process-info --pane w1:p3 --session fm-lab-x 
status --json --session fm-lab-x 
pane read w1:p3 --source recent --lines 200 --session fm-lab-x 
status --json --session fm-lab-x 
pane process-info --pane w1:p3 --session fm-lab-x 
status --json --session fm-lab-x 
agent get w1:p3 --session fm-lab-x 
agent get w1:p3 --session fm-lab-x 
status --json --session fm-lab-x 
pane run w1:p3 export\ GOTMPDIR=\'/home/node/.no-mistakes/worktrees/450411b3e67c/01M47HX8Y8BQRSDDHWXNW190JH/.live-validation/main/state/mine.tasktmp/gotmp\' --session fm-lab-x 
status --json --session fm-lab-x 
pane run w1:p3 export\ COMPACT_ADVISER_DISABLE=1 --session fm-lab-x 
status --json --session fm-lab-x 
pane run w1:p3 export\ FM_TASK_ID=mine --session fm-lab-x 
status --json --session fm-lab-x 
pane send-text w1:p3 .\ \'/tmp/fm-mine+10ad743f3268ccec6a92a1845ca9f2b0b8d54bd437d1f2164ebcf43a1329702f/launch.s1791327573.567354.15172.sh\' --session fm-lab-x 
status --json --session fm-lab-x 
pane send-keys w1:p3 enter --session fm-lab-x 
pane process-info --pane w1:p3 --session fm-lab-x 
pane process-info --pane w1:p3 --session fm-lab-x 
pane get w1:p3 --session fm-lab-x 
status --json --session fm-lab-x 
pane process-info --pane w1:p3 --session fm-lab-x 
status --json --session fm-lab-x 
pane read w1:p3 --source recent --lines 200 --session fm-lab-x 
pane process-info --pane w2:p2 --session fm-lab-x 
status --json --session fm-lab-x 
pane process-info --pane w2:p2 --session fm-lab-x 
status --json 
status --json --session fm-lab-x 
workspace list --session fm-lab-x 
tab list --workspace w2 --session fm-lab-x 
pane list --workspace w2 --session fm-lab-x 
pane process-info --pane w2:p2 --session fm-lab-x 
tab create --workspace w2 --cwd /home/node/.no-mistakes/worktrees/450411b3e67c/01M47HX8Y8BQRSDDHWXNW190JH/.live-validation/pool/.treehouse/project-997b52/2/project --label fm-kid --no-focus --session fm-lab-x 
status --json --session fm-lab-x 
pane get w2:p3 --session fm-lab-x 
status --json --session fm-lab-x 
pane run w2:p3 cd\ --\ \'/home/node/.no-mistakes/worktrees/450411b3e67c/01M47HX8Y8BQRSDDHWXNW190JH/.live-validation/pool/.treehouse/project-997b52/2/project\' --session fm-lab-x 
status --json --session fm-lab-x 
pane get w2:p3 --session fm-lab-x 
pane process-info --pane w2:p3 --session fm-lab-x 
pane process-info --pane w2:p3 --session fm-lab-x 
pane get w2:p3 --session fm-lab-x 
status --json --session fm-lab-x 
pane process-info --pane w2:p3 --session fm-lab-x 
status --json --session fm-lab-x 
pane read w2:p3 --source recent --lines 200 --session fm-lab-x 
status --json --session fm-lab-x 
pane process-info --pane w2:p3 --session fm-lab-x 
status --json --session fm-lab-x 
pane read w2:p3 --source recent --lines 200 --session fm-lab-x 
status --json --session fm-lab-x 
pane process-info --pane w2:p3 --session fm-lab-x 
status --json --session fm-lab-x 
agent get w2:p3 --session fm-lab-x 
agent get w2:p3 --session fm-lab-x 
status --json --session fm-lab-x 
pane run w2:p3 export\ GOTMPDIR=\'/home/node/.no-mistakes/worktrees/450411b3e67c/01M47HX8Y8BQRSDDHWXNW190JH/.live-validation/child/state/kid.tasktmp/gotmp\' --session fm-lab-x 
status --json --session fm-lab-x 
pane run w2:p3 export\ COMPACT_ADVISER_DISABLE=1 --session fm-lab-x 
status --json --session fm-lab-x 
pane run w2:p3 export\ FM_TASK_ID=kid --session fm-lab-x 
status --json --session fm-lab-x 
pane send-text w2:p3 .\ \'/tmp/fm-kid+3b31baf3acdd0ddc6a9114977185c50abfffaf1c19b20a31ef7686db2b2dd3b2/launch.s1791327577.571745.1233.sh\' --session fm-lab-x 
status --json --session fm-lab-x 
pane send-keys w2:p3 enter --session fm-lab-x 
pane process-info --pane w2:p3 --session fm-lab-x 
pane process-info --pane w2:p3 --session fm-lab-x 
pane get w2:p3 --session fm-lab-x 
status --json --session fm-lab-x 
pane process-info --pane w2:p3 --session fm-lab-x 
status --json --session fm-lab-x 
pane read w2:p3 --source recent --lines 200 --session fm-lab-x 
pane get w1:p3 --session fm-lab-x 
session list --json --session fm-lab-x 
session list --json --session fm-lab-x 
pane process-info --pane w1:p3 --session fm-lab-x 
pane process-info --pane w1:p3 --session fm-lab-x 
pane get w1:p3 --session fm-lab-x 
status --json 
status --json --session fm-lab-x 
workspace list --session fm-lab-x 
workspace create --cwd /home/node/.no-mistakes/worktrees/450411b3e67c/01M47HX8Y8BQRSDDHWXNW190JH/.live-validation/project --label firstmate --no-focus --session fm-lab-x 
tab list --workspace w1 --session fm-lab-x 
tab create --workspace w1 --cwd /home/node/.no-mistakes/worktrees/450411b3e67c/01M47HX8Y8BQRSDDHWXNW190JH/.live-validation/project --label fm-mine --no-focus --session fm-lab-x 
tab list --workspace w1 --session fm-lab-x 
pane list --workspace w1 --session fm-lab-x 
agent get w1:p1 --session fm-lab-x 
pane close w1:p1 --session fm-lab-x 
status --json --session fm-lab-x 
pane run w1:p2 treehouse\ get --session fm-lab-x 
status --json --session fm-lab-x 
pane get w1:p2 --session fm-lab-x 
status --json --session fm-lab-x 
pane get w1:p2 --session fm-lab-x 
status --json --session fm-lab-x 
pane get w1:p2 --session fm-lab-x 
status --json --session fm-lab-x 
pane run w1:p2 cd\ --\ \'/home/node/.no-mistakes/worktrees/450411b3e67c/01M47HX8Y8BQRSDDHWXNW190JH/.live-validation/pool/.treehouse/project-997b52/1/project\' --session fm-lab-x 
status --json --session fm-lab-x 
pane get w1:p2 --session fm-lab-x 
pane process-info --pane w1:p2 --session fm-lab-x 
pane process-info --pane w1:p2 --session fm-lab-x 
pane get w1:p2 --session fm-lab-x 
status --json --session fm-lab-x 
pane process-info --pane w1:p2 --session fm-lab-x 
status --json --session fm-lab-x 
pane read w1:p2 --source recent --lines 200 --session fm-lab-x 
status --json --session fm-lab-x 
pane process-info --pane w1:p2 --session fm-lab-x 
status --json --session fm-lab-x 
pane read w1:p2 --source recent --lines 200 --session fm-lab-x 
status --json --session fm-lab-x 
pane process-info --pane w1:p2 --session fm-lab-x 
status --json --session fm-lab-x 
agent get w1:p2 --session fm-lab-x 
status --json --session fm-lab-x 
pane run w1:p2 export\ GOTMPDIR=\'/home/node/.no-mistakes/worktrees/450411b3e67c/01M47HX8Y8BQRSDDHWXNW190JH/.live-validation/main/state/mine.tasktmp/gotmp\' --session fm-lab-x 
status --json --session fm-lab-x 
pane run w1:p2 export\ COMPACT_ADVISER_DISABLE=1 --session fm-lab-x 
status --json --session fm-lab-x 
pane run w1:p2 export\ FM_TASK_ID=mine --session fm-lab-x 
status --json --session fm-lab-x 
pane send-text w1:p2 .\ \'/tmp/fm-mine+10ad743f3268ccec6a92a1845ca9f2b0b8d54bd437d1f2164ebcf43a1329702f/launch.s1791327684.610941.5709.sh\' --session fm-lab-x 
status --json --session fm-lab-x 
pane send-keys w1:p2 enter --session fm-lab-x 
status --json 
status --json --session fm-lab-x 
workspace list --session fm-lab-x 
workspace create --cwd /home/node/.no-mistakes/worktrees/450411b3e67c/01M47HX8Y8BQRSDDHWXNW190JH/.live-validation/project --label 2ndmate-mate --no-focus --session fm-lab-x 
tab list --workspace w2 --session fm-lab-x 
tab create --workspace w2 --cwd /home/node/.no-mistakes/worktrees/450411b3e67c/01M47HX8Y8BQRSDDHWXNW190JH/.live-validation/project --label fm-kid --no-focus --session fm-lab-x 
tab list --workspace w2 --session fm-lab-x 
pane list --workspace w2 --session fm-lab-x 
agent get w2:p1 --session fm-lab-x 
pane close w2:p1 --session fm-lab-x 
status --json --session fm-lab-x 
pane run w2:p2 treehouse\ get --session fm-lab-x 
status --json --session fm-lab-x 
pane get w2:p2 --session fm-lab-x 
status --json --session fm-lab-x 
pane get w2:p2 --session fm-lab-x 
status --json --session fm-lab-x 
pane run w2:p2 cd\ --\ \'/home/node/.no-mistakes/worktrees/450411b3e67c/01M47HX8Y8BQRSDDHWXNW190JH/.live-validation/pool/.treehouse/project-997b52/2/project\' --session fm-lab-x 
status --json --session fm-lab-x 
pane get w2:p2 --session fm-lab-x 
pane process-info --pane w2:p2 --session fm-lab-x 
pane process-info --pane w2:p2 --session fm-lab-x 
pane get w2:p2 --session fm-lab-x 
status --json --session fm-lab-x 
pane process-info --pane w2:p2 --session fm-lab-x 
status --json --session fm-lab-x 
pane read w2:p2 --source recent --lines 200 --session fm-lab-x 
status --json --session fm-lab-x 
pane process-info --pane w2:p2 --session fm-lab-x 
status --json --session fm-lab-x 
pane read w2:p2 --source recent --lines 200 --session fm-lab-x 
status --json --session fm-lab-x 
pane process-info --pane w2:p2 --session fm-lab-x 
status --json --session fm-lab-x 
agent get w2:p2 --session fm-lab-x 
status --json --session fm-lab-x 
pane run w2:p2 export\ GOTMPDIR=\'/home/node/.no-mistakes/worktrees/450411b3e67c/01M47HX8Y8BQRSDDHWXNW190JH/.live-validation/child/state/kid.tasktmp/gotmp\' --session fm-lab-x 
status --json --session fm-lab-x 
pane run w2:p2 export\ COMPACT_ADVISER_DISABLE=1 --session fm-lab-x 
status --json --session fm-lab-x 
pane run w2:p2 export\ FM_TASK_ID=kid --session fm-lab-x 
status --json --session fm-lab-x 
pane send-text w2:p2 .\ \'/tmp/fm-kid+3b31baf3acdd0ddc6a9114977185c50abfffaf1c19b20a31ef7686db2b2dd3b2/launch.s1791327688.616625.16770.sh\' --session fm-lab-x 
status --json --session fm-lab-x 
pane send-keys w2:p2 enter --session fm-lab-x 
pane process-info --pane w1:p2 --session fm-lab-x 
pane process-info --pane w2:p2 --session fm-lab-x 
pane process-info --pane w1:p2 --session fm-lab-x 
pane get w1:p2 --session fm-lab-x 
status --json --session fm-lab-x 
pane process-info --pane w1:p2 --session fm-lab-x 
status --json --session fm-lab-x 
pane read w1:p2 --source recent --lines 200 --session fm-lab-x 
pane process-info --pane w1:p2 --session fm-lab-x 
pane get w1:p2 --session fm-lab-x 
status --json --session fm-lab-x 
pane process-info --pane w1:p2 --session fm-lab-x 
status --json --session fm-lab-x 
pane send-keys w1:p2 enter --session fm-lab-x 
status --json --session fm-lab-x 
pane process-info --pane w1:p2 --session fm-lab-x 
status --json --session fm-lab-x 
pane read w1:p2 --source recent --lines 200 --session fm-lab-x 
pane process-info --pane w1:p2 --session fm-lab-x 
pane process-info --pane w1:p2 --session fm-lab-x 
pane process-info --pane w1:p2 --session fm-lab-x 
status --json --session fm-lab-x 
pane process-info --pane w1:p2 --session fm-lab-x 
status --json --session fm-lab-x 
pane process-info --pane w1:p2 --session fm-lab-x 
status --json --session fm-lab-x 
pane process-info --pane w1:p2 --session fm-lab-x 
pane process-info --pane w1:p2 --session fm-lab-x 
pane process-info --pane w1:p2 --session fm-lab-x 
pane process-info --pane w2:p2 --session fm-lab-x 
pane process-info --pane w2:p2 --session fm-lab-x 
pane process-info --pane w2:p2 --session fm-lab-x 
status --json --session fm-lab-x 
pane process-info --pane w2:p2 --session fm-lab-x 
status --json --session fm-lab-x 
pane process-info --pane w2:p2 --session fm-lab-x 
status --json --session fm-lab-x 
pane process-info --pane w2:p2 --session fm-lab-x 
pane process-info --pane w2:p2 --session fm-lab-x 
pane process-info --pane w2:p2 --session fm-lab-x 
pane get w1:p2 --session fm-lab-x 
pane get w1:p2 --session fm-lab-x 
status --json --session fm-lab-x 
pane get w1:p2 --session fm-lab-x 
status --json --session fm-lab-x 
pane read w1:p2 --source recent --lines 200 --session fm-lab-x 
pane process-info --pane w1:p2 --session fm-lab-x 
pane process-info --pane w1:p2 --session fm-remote 
status --json --session fm-remote 
pane process-info --pane w1:p2 --session fm-remote 
status --json 
status --json --session fm-lab-x 
workspace list --session fm-lab-x 
workspace create --cwd /home/node/.no-mistakes/worktrees/450411b3e67c/01M47HX8Y8BQRSDDHWXNW190JH/.live-validation/project --label firstmate --no-focus --session fm-lab-x 
tab list --workspace w1 --session fm-lab-x 
tab create --workspace w1 --cwd /home/node/.no-mistakes/worktrees/450411b3e67c/01M47HX8Y8BQRSDDHWXNW190JH/.live-validation/project --label fm-mine --no-focus --session fm-lab-x 
tab list --workspace w1 --session fm-lab-x 
pane list --workspace w1 --session fm-lab-x 
agent get w1:p1 --session fm-lab-x 
pane close w1:p1 --session fm-lab-x 
status --json --session fm-lab-x 
pane run w1:p2 treehouse\ get --session fm-lab-x 
status --json --session fm-lab-x 
pane get w1:p2 --session fm-lab-x 
status --json --session fm-lab-x 
pane get w1:p2 --session fm-lab-x 
status --json --session fm-lab-x 
pane get w1:p2 --session fm-lab-x 
status --json --session fm-lab-x 
pane run w1:p2 cd\ --\ \'/home/node/.no-mistakes/worktrees/450411b3e67c/01M47HX8Y8BQRSDDHWXNW190JH/.live-validation/pool/.treehouse/project-997b52/1/project\' --session fm-lab-x 
status --json --session fm-lab-x 
pane get w1:p2 --session fm-lab-x 
pane process-info --pane w1:p2 --session fm-lab-x 
pane process-info --pane w1:p2 --session fm-lab-x 
pane get w1:p2 --session fm-lab-x 
status --json --session fm-lab-x 
pane process-info --pane w1:p2 --session fm-lab-x 
status --json --session fm-lab-x 
pane read w1:p2 --source recent --lines 200 --session fm-lab-x 
status --json --session fm-lab-x 
pane process-info --pane w1:p2 --session fm-lab-x 
status --json --session fm-lab-x 
pane read w1:p2 --source recent --lines 200 --session fm-lab-x 
status --json --session fm-lab-x 
pane process-info --pane w1:p2 --session fm-lab-x 
status --json --session fm-lab-x 
agent get w1:p2 --session fm-lab-x 
status --json --session fm-lab-x 
pane run w1:p2 export\ GOTMPDIR=\'/home/node/.no-mistakes/worktrees/450411b3e67c/01M47HX8Y8BQRSDDHWXNW190JH/.live-validation/main/state/mine.tasktmp/gotmp\' --session fm-lab-x 
status --json --session fm-lab-x 
pane run w1:p2 export\ COMPACT_ADVISER_DISABLE=1 --session fm-lab-x 
status --json --session fm-lab-x 
pane run w1:p2 export\ FM_TASK_ID=mine --session fm-lab-x 
status --json --session fm-lab-x 
pane send-text w1:p2 .\ \'/tmp/fm-mine+10ad743f3268ccec6a92a1845ca9f2b0b8d54bd437d1f2164ebcf43a1329702f/launch.s1791327714.625941.9714.sh\' --session fm-lab-x 
status --json --session fm-lab-x 
pane send-keys w1:p2 enter --session fm-lab-x 
status --json 
status --json --session fm-lab-x 
workspace list --session fm-lab-x 
workspace create --cwd /home/node/.no-mistakes/worktrees/450411b3e67c/01M47HX8Y8BQRSDDHWXNW190JH/.live-validation/project --label 2ndmate-mate --no-focus --session fm-lab-x 
tab list --workspace w2 --session fm-lab-x 
tab create --workspace w2 --cwd /home/node/.no-mistakes/worktrees/450411b3e67c/01M47HX8Y8BQRSDDHWXNW190JH/.live-validation/project --label fm-kid --no-focus --session fm-lab-x 
tab list --workspace w2 --session fm-lab-x 
pane list --workspace w2 --session fm-lab-x 
agent get w2:p1 --session fm-lab-x 
pane close w2:p1 --session fm-lab-x 
status --json --session fm-lab-x 
pane run w2:p2 treehouse\ get --session fm-lab-x 
status --json --session fm-lab-x 
pane get w2:p2 --session fm-lab-x 
status --json --session fm-lab-x 
pane get w2:p2 --session fm-lab-x 
status --json --session fm-lab-x 
pane run w2:p2 cd\ --\ \'/home/node/.no-mistakes/worktrees/450411b3e67c/01M47HX8Y8BQRSDDHWXNW190JH/.live-validation/pool/.treehouse/project-997b52/2/project\' --session fm-lab-x 
status --json --session fm-lab-x 
pane get w2:p2 --session fm-lab-x 
pane process-info --pane w2:p2 --session fm-lab-x 
pane process-info --pane w2:p2 --session fm-lab-x 
pane get w2:p2 --session fm-lab-x 
status --json --session fm-lab-x 
pane process-info --pane w2:p2 --session fm-lab-x 
status --json --session fm-lab-x 
pane read w2:p2 --source recent --lines 200 --session fm-lab-x 
status --json --session fm-lab-x 
pane process-info --pane w2:p2 --session fm-lab-x 
status --json --session fm-lab-x 
pane read w2:p2 --source recent --lines 200 --session fm-lab-x 
status --json --session fm-lab-x 
pane process-info --pane w2:p2 --session fm-lab-x 
status --json --session fm-lab-x 
agent get w2:p2 --session fm-lab-x 
status --json --session fm-lab-x 
pane run w2:p2 export\ GOTMPDIR=\'/home/node/.no-mistakes/worktrees/450411b3e67c/01M47HX8Y8BQRSDDHWXNW190JH/.live-validation/child/state/kid.tasktmp/gotmp\' --session fm-lab-x 
status --json --session fm-lab-x 
pane run w2:p2 export\ COMPACT_ADVISER_DISABLE=1 --session fm-lab-x 
status --json --session fm-lab-x 
pane run w2:p2 export\ FM_TASK_ID=kid --session fm-lab-x 
status --json --session fm-lab-x 
pane send-text w2:p2 .\ \'/tmp/fm-kid+3b31baf3acdd0ddc6a9114977185c50abfffaf1c19b20a31ef7686db2b2dd3b2/launch.s1791327719.627732.9675.sh\' --session fm-lab-x 
status --json --session fm-lab-x 
pane send-keys w2:p2 enter --session fm-lab-x 
pane process-info --pane w1:p2 --session fm-lab-x 
pane process-info --pane w2:p2 --session fm-lab-x 
pane process-info --pane w1:p2 --session fm-lab-x 
pane get w1:p2 --session fm-lab-x 
status --json --session fm-lab-x 
pane process-info --pane w1:p2 --session fm-lab-x 
status --json --session fm-lab-x 
pane read w1:p2 --source recent --lines 200 --session fm-lab-x 
pane process-info --pane w1:p2 --session fm-lab-x 
pane get w1:p2 --session fm-lab-x 
status --json --session fm-lab-x 
pane process-info --pane w1:p2 --session fm-lab-x 
status --json --session fm-lab-x 
pane send-keys w1:p2 enter --session fm-lab-x 
status --json --session fm-lab-x 
pane process-info --pane w1:p2 --session fm-lab-x 
status --json --session fm-lab-x 
pane read w1:p2 --source recent --lines 200 --session fm-lab-x 
pane process-info --pane w1:p2 --session fm-lab-x 
pane process-info --pane w1:p2 --session fm-lab-x 
pane process-info --pane w1:p2 --session fm-lab-x 
status --json --session fm-lab-x 
pane process-info --pane w1:p2 --session fm-lab-x 
status --json --session fm-lab-x 
pane process-info --pane w1:p2 --session fm-lab-x 
status --json --session fm-lab-x 
pane process-info --pane w1:p2 --session fm-lab-x 
pane process-info --pane w1:p2 --session fm-lab-x 
pane process-info --pane w1:p2 --session fm-lab-x 
pane process-info --pane w2:p2 --session fm-lab-x 
pane process-info --pane w2:p2 --session fm-lab-x 
pane process-info --pane w2:p2 --session fm-lab-x 
status --json --session fm-lab-x 
pane process-info --pane w2:p2 --session fm-lab-x 
status --json --session fm-lab-x 
pane process-info --pane w2:p2 --session fm-lab-x 
status --json --session fm-lab-x 
pane process-info --pane w2:p2 --session fm-lab-x 
pane process-info --pane w2:p2 --session fm-lab-x 
pane process-info --pane w2:p2 --session fm-lab-x 
pane get w1:p2 --session fm-lab-x 
pane get w1:p2 --session fm-lab-x 
status --json --session fm-lab-x 
pane get w1:p2 --session fm-lab-x 
status --json --session fm-lab-x 
pane read w1:p2 --source recent --lines 200 --session fm-lab-x 
pane process-info --pane w1:p2 --session fm-lab-x 
pane process-info --pane w1:p2 --session fm-remote 
status --json --session fm-remote 
pane process-info --pane w1:p2 --session fm-remote 
status --json --session fm-remote 
pane process-info --pane w1:p2 --session fm-remote 
status --json --session fm-remote 
pane process-info --pane w1:p2 --session fm-remote 
pane process-info --pane w1:p2 --session fm-remote 
pane process-info --pane w1:p2 --session fm-lab-x 
status --json --session fm-lab-x 
pane process-info --pane w1:p2 --session fm-lab-x 
status --json 
status --json --session fm-lab-x 
workspace list --session fm-lab-x 
tab list --workspace w1 --session fm-lab-x 
pane list --workspace w1 --session fm-lab-x 
pane process-info --pane w1:p2 --session fm-lab-x 
tab create --workspace w1 --cwd /home/node/.no-mistakes/worktrees/450411b3e67c/01M47HX8Y8BQRSDDHWXNW190JH/.live-validation/pool/.treehouse/project-997b52/1/project --label fm-mine --no-focus --session fm-lab-x 
status --json --session fm-lab-x 
pane get w1:p3 --session fm-lab-x 
status --json --session fm-lab-x 
pane run w1:p3 cd\ --\ \'/home/node/.no-mistakes/worktrees/450411b3e67c/01M47HX8Y8BQRSDDHWXNW190JH/.live-validation/pool/.treehouse/project-997b52/1/project\' --session fm-lab-x 
status --json --session fm-lab-x 
pane get w1:p3 --session fm-lab-x 
pane process-info --pane w1:p3 --session fm-lab-x 
pane process-info --pane w1:p3 --session fm-lab-x 
pane get w1:p3 --session fm-lab-x 
status --json --session fm-lab-x 
pane process-info --pane w1:p3 --session fm-lab-x 
status --json --session fm-lab-x 
pane read w1:p3 --source recent --lines 200 --session fm-lab-x 
status --json --session fm-lab-x 
pane process-info --pane w1:p3 --session fm-lab-x 
status --json --session fm-lab-x 
pane read w1:p3 --source recent --lines 200 --session fm-lab-x 
status --json --session fm-lab-x 
pane process-info --pane w1:p3 --session fm-lab-x 
status --json --session fm-lab-x 
agent get w1:p3 --session fm-lab-x 
agent get w1:p3 --session fm-lab-x 
status --json --session fm-lab-x 
pane run w1:p3 export\ GOTMPDIR=\'/home/node/.no-mistakes/worktrees/450411b3e67c/01M47HX8Y8BQRSDDHWXNW190JH/.live-validation/main/state/mine.tasktmp/gotmp\' --session fm-lab-x 
status --json --session fm-lab-x 
pane run w1:p3 export\ COMPACT_ADVISER_DISABLE=1 --session fm-lab-x 
status --json --session fm-lab-x 
pane run w1:p3 export\ FM_TASK_ID=mine --session fm-lab-x 
status --json --session fm-lab-x 
pane send-text w1:p3 .\ \'/tmp/fm-mine+10ad743f3268ccec6a92a1845ca9f2b0b8d54bd437d1f2164ebcf43a1329702f/launch.s1791327728.632887.30992.sh\' --session fm-lab-x 
status --json --session fm-lab-x 
pane send-keys w1:p3 enter --session fm-lab-x 
pane process-info --pane w1:p3 --session fm-lab-x 
pane process-info --pane w1:p3 --session fm-lab-x 
pane get w1:p3 --session fm-lab-x 
status --json --session fm-lab-x 
pane process-info --pane w1:p3 --session fm-lab-x 
status --json --session fm-lab-x 
pane read w1:p3 --source recent --lines 200 --session fm-lab-x 
pane process-info --pane w2:p2 --session fm-lab-x 
status --json --session fm-lab-x 
pane process-info --pane w2:p2 --session fm-lab-x 
status --json 
status --json --session fm-lab-x 
workspace list --session fm-lab-x 
tab list --workspace w2 --session fm-lab-x 
pane list --workspace w2 --session fm-lab-x 
pane process-info --pane w2:p2 --session fm-lab-x 
tab create --workspace w2 --cwd /home/node/.no-mistakes/worktrees/450411b3e67c/01M47HX8Y8BQRSDDHWXNW190JH/.live-validation/pool/.treehouse/project-997b52/2/project --label fm-kid --no-focus --session fm-lab-x 
status --json --session fm-lab-x 
pane get w2:p3 --session fm-lab-x 
status --json --session fm-lab-x 
pane run w2:p3 cd\ --\ \'/home/node/.no-mistakes/worktrees/450411b3e67c/01M47HX8Y8BQRSDDHWXNW190JH/.live-validation/pool/.treehouse/project-997b52/2/project\' --session fm-lab-x 
status --json --session fm-lab-x 
pane get w2:p3 --session fm-lab-x 
pane process-info --pane w2:p3 --session fm-lab-x 
pane process-info --pane w2:p3 --session fm-lab-x 
pane get w2:p3 --session fm-lab-x 
status --json --session fm-lab-x 
pane process-info --pane w2:p3 --session fm-lab-x 
status --json --session fm-lab-x 
pane read w2:p3 --source recent --lines 200 --session fm-lab-x 
status --json --session fm-lab-x 
pane process-info --pane w2:p3 --session fm-lab-x 
status --json --session fm-lab-x 
pane read w2:p3 --source recent --lines 200 --session fm-lab-x 
status --json --session fm-lab-x 
pane process-info --pane w2:p3 --session fm-lab-x 
status --json --session fm-lab-x 
agent get w2:p3 --session fm-lab-x 
agent get w2:p3 --session fm-lab-x 
status --json --session fm-lab-x 
pane run w2:p3 export\ GOTMPDIR=\'/home/node/.no-mistakes/worktrees/450411b3e67c/01M47HX8Y8BQRSDDHWXNW190JH/.live-validation/child/state/kid.tasktmp/gotmp\' --session fm-lab-x 
status --json --session fm-lab-x 
pane run w2:p3 export\ COMPACT_ADVISER_DISABLE=1 --session fm-lab-x 
status --json --session fm-lab-x 
pane run w2:p3 export\ FM_TASK_ID=kid --session fm-lab-x 
status --json --session fm-lab-x 
pane send-text w2:p3 .\ \'/tmp/fm-kid+3b31baf3acdd0ddc6a9114977185c50abfffaf1c19b20a31ef7686db2b2dd3b2/launch.s1791327731.635018.21212.sh\' --session fm-lab-x 
status --json --session fm-lab-x 
pane send-keys w2:p3 enter --session fm-lab-x 
pane process-info --pane w2:p3 --session fm-lab-x 
pane process-info --pane w2:p3 --session fm-lab-x 
pane get w2:p3 --session fm-lab-x 
status --json --session fm-lab-x 
pane process-info --pane w2:p3 --session fm-lab-x 
status --json --session fm-lab-x 
pane read w2:p3 --source recent --lines 200 --session fm-lab-x 
pane process-info --pane w1:p3 --session fm-lab-x 
pane get w1:p3 --session fm-lab-x 
status --json --session fm-lab-x 
status --json --session fm-lab-x 
server --session fm-lab-x 
status --json --session fm-lab-x 
status --json --session fm-lab-x 
pane process-info --pane w1:p3 --session fm-lab-x 
pane process-info --pane w1:p3 --session fm-lab-x 
status --json --session fm-lab-x 
pane process-info --pane w1:p3 --session fm-lab-x 
status --json 
status --json --session fm-lab-x 
workspace list --session fm-lab-x 
tab list --workspace w1 --session fm-lab-x 
pane list --workspace w1 --session fm-lab-x 
pane list --workspace w1 --session fm-lab-x 
pane process-info --pane w1:p3 --session fm-lab-x 
tab create --workspace w1 --cwd /home/node/.no-mistakes/worktrees/450411b3e67c/01M47HX8Y8BQRSDDHWXNW190JH/.live-validation/pool/.treehouse/project-997b52/1/project --label fm-mine --no-focus --session fm-lab-x 
status --json --session fm-lab-x 
pane get w1:p4 --session fm-lab-x 
status --json --session fm-lab-x 
pane run w1:p4 cd\ --\ \'/home/node/.no-mistakes/worktrees/450411b3e67c/01M47HX8Y8BQRSDDHWXNW190JH/.live-validation/pool/.treehouse/project-997b52/1/project\' --session fm-lab-x 
status --json --session fm-lab-x 
pane get w1:p4 --session fm-lab-x 
pane process-info --pane w1:p4 --session fm-lab-x 
pane process-info --pane w1:p4 --session fm-lab-x 
pane get w1:p4 --session fm-lab-x 
status --json --session fm-lab-x 
pane process-info --pane w1:p4 --session fm-lab-x 
status --json --session fm-lab-x 
pane read w1:p4 --source recent --lines 200 --session fm-lab-x 
status --json --session fm-lab-x 
pane process-info --pane w1:p4 --session fm-lab-x 
status --json --session fm-lab-x 
pane read w1:p4 --source recent --lines 200 --session fm-lab-x 
status --json --session fm-lab-x 
pane process-info --pane w1:p4 --session fm-lab-x 
status --json --session fm-lab-x 
agent get w1:p4 --session fm-lab-x 
agent get w1:p4 --session fm-lab-x 
status --json --session fm-lab-x 
pane run w1:p4 export\ GOTMPDIR=\'/home/node/.no-mistakes/worktrees/450411b3e67c/01M47HX8Y8BQRSDDHWXNW190JH/.live-validation/main/state/mine.tasktmp/gotmp\' --session fm-lab-x 
status --json --session fm-lab-x 
pane run w1:p4 export\ COMPACT_ADVISER_DISABLE=1 --session fm-lab-x 
status --json --session fm-lab-x 
pane run w1:p4 export\ FM_TASK_ID=mine --session fm-lab-x 
status --json --session fm-lab-x 
pane send-text w1:p4 .\ \'/tmp/fm-mine+10ad743f3268ccec6a92a1845ca9f2b0b8d54bd437d1f2164ebcf43a1329702f/launch.s1791327739.642440.52.sh\' --session fm-lab-x 
status --json --session fm-lab-x 
pane send-keys w1:p4 enter --session fm-lab-x 
pane process-info --pane w2:p3 --session fm-lab-x 
status --json --session fm-lab-x 
pane process-info --pane w2:p3 --session fm-lab-x 
status --json 
status --json --session fm-lab-x 
workspace list --session fm-lab-x 
tab list --workspace w2 --session fm-lab-x 
pane list --workspace w2 --session fm-lab-x 
pane list --workspace w2 --session fm-lab-x 
pane process-info --pane w2:p3 --session fm-lab-x 
tab create --workspace w2 --cwd /home/node/.no-mistakes/worktrees/450411b3e67c/01M47HX8Y8BQRSDDHWXNW190JH/.live-validation/pool/.treehouse/project-997b52/2/project --label fm-kid --no-focus --session fm-lab-x 
status --json --session fm-lab-x 
pane get w2:p4 --session fm-lab-x 
status --json --session fm-lab-x 
pane run w2:p4 cd\ --\ \'/home/node/.no-mistakes/worktrees/450411b3e67c/01M47HX8Y8BQRSDDHWXNW190JH/.live-validation/pool/.treehouse/project-997b52/2/project\' --session fm-lab-x 
status --json --session fm-lab-x 
pane get w2:p4 --session fm-lab-x 
pane process-info --pane w2:p4 --session fm-lab-x 
pane process-info --pane w2:p4 --session fm-lab-x 
pane get w2:p4 --session fm-lab-x 
status --json --session fm-lab-x 
pane process-info --pane w2:p4 --session fm-lab-x 
status --json --session fm-lab-x 
pane read w2:p4 --source recent --lines 200 --session fm-lab-x 
status --json --session fm-lab-x 
pane process-info --pane w2:p4 --session fm-lab-x 
status --json --session fm-lab-x 
pane read w2:p4 --source recent --lines 200 --session fm-lab-x 
status --json --session fm-lab-x 
pane process-info --pane w2:p4 --session fm-lab-x 
status --json --session fm-lab-x 
agent get w2:p4 --session fm-lab-x 
agent get w2:p4 --session fm-lab-x 
status --json --session fm-lab-x 
pane run w2:p4 export\ GOTMPDIR=\'/home/node/.no-mistakes/worktrees/450411b3e67c/01M47HX8Y8BQRSDDHWXNW190JH/.live-validation/child/state/kid.tasktmp/gotmp\' --session fm-lab-x 
status --json --session fm-lab-x 
pane run w2:p4 export\ COMPACT_ADVISER_DISABLE=1 --session fm-lab-x 
status --json --session fm-lab-x 
pane run w2:p4 export\ FM_TASK_ID=kid --session fm-lab-x 
status --json --session fm-lab-x 
pane send-text w2:p4 .\ \'/tmp/fm-kid+3b31baf3acdd0ddc6a9114977185c50abfffaf1c19b20a31ef7686db2b2dd3b2/launch.s1791327743.646562.8067.sh\' --session fm-lab-x 
status --json --session fm-lab-x 
pane send-keys w2:p4 enter --session fm-lab-x 
status --json --session fm-lab-x 
session list --json --session fm-lab-x 
workspace list --session fm-lab-x 
status --json 
status --json --session fm-lab-x 
workspace list --session fm-lab-x 
tab list --workspace w1 --session fm-lab-x 
workspace create --cwd /home/node/.no-mistakes/worktrees/450411b3e67c/01M47HX8Y8BQRSDDHWXNW190JH/.live-validation/project --label └\ abort-b\ ·\ p:HRYibYRJYMOw4S33d-gA0A --no-focus --session fm-lab-x 
workspace list --session fm-lab-x 
tab list --workspace w1 --session fm-lab-x 
workspace list --session fm-lab-x 
tab list --workspace w1 --session fm-lab-x 
tab create --workspace w3 --cwd /home/node/.no-mistakes/worktrees/450411b3e67c/01M47HX8Y8BQRSDDHWXNW190JH/.live-validation/project --label fm-abort-b --no-focus --session fm-lab-x 
workspace list --session fm-lab-x 
tab list --workspace w1 --session fm-lab-x 
workspace list --session fm-lab-x 
tab list --workspace w1 --session fm-lab-x 
tab list --workspace w3 --session fm-lab-x 
pane list --workspace w3 --session fm-lab-x 
agent get w3:p1 --session fm-lab-x 
workspace list --session fm-lab-x 
tab list --workspace w1 --session fm-lab-x 
pane get w3:p1 --session fm-lab-x 
tab list --workspace w3 --session fm-lab-x 
terminal title clear --session fm-lab-x 
pane close w3:p1 --session fm-lab-x 
pane get w3:p1 --session fm-lab-x 
workspace list --session fm-lab-x 
tab list --workspace w1 --session fm-lab-x 
workspace list --session fm-lab-x 
tab list --workspace w1 --session fm-lab-x 
tab list --workspace w3 --session fm-lab-x 
pane list --workspace w3 --session fm-lab-x 
workspace list --session fm-lab-x 
status --json --session fm-lab-x 
api schema --json --session fm-lab-x 
session list --json --session fm-lab-x 
workspace list --session fm-lab-x 
tab list --workspace w1 --session fm-lab-x 
workspace list --session fm-lab-x 
tab list --workspace w1 --session fm-lab-x 
workspace list --session fm-lab-x 
status --json --session fm-lab-x 
pane run w3:p2 treehouse\ get --session fm-lab-x 
status --json --session fm-lab-x 
pane get w3:p2 --session fm-lab-x 
status --json --session fm-lab-x 
pane get w3:p2 --session fm-lab-x 
status --json --session fm-lab-x 
pane get w3:p2 --session fm-lab-x 
status --json --session fm-lab-x 
pane run w3:p2 cd\ --\ \'/home/node/.no-mistakes/worktrees/450411b3e67c/01M47HX8Y8BQRSDDHWXNW190JH/.live-validation/pool/.treehouse/project-997b52/3/project\' --session fm-lab-x 
status --json --session fm-lab-x 
pane get w3:p2 --session fm-lab-x 
pane process-info --pane w3:p2 --session fm-lab-x 
pane process-info --pane w1:p4 --session fm-lab-x 
pane process-info --pane w3:p2 --session fm-lab-x 
pane process-info --pane w3:p2 --session fm-lab-x 
pane get w3:p2 --session fm-lab-x 
status --json --session fm-lab-x 
pane get w1:p4 --session fm-lab-x 
status --json --session fm-lab-x 
status --json --session fm-lab-x 
pane process-info --pane w1:p4 --session fm-lab-x 
pane process-info --pane w3:p2 --session fm-lab-x 
pane process-info --pane w3:p2 --session fm-lab-x 
status --json --session fm-lab-x 
status --json --session fm-lab-x 
pane process-info --pane w3:p2 --session fm-lab-x 
pane read w1:p4 --source recent --lines 200 --session fm-lab-x 
pane read w3:p2 --source recent --lines 200 --session fm-lab-x 
status --json --session fm-lab-x 
status --json --session fm-lab-x 
pane process-info --pane w1:p4 --session fm-lab-x 
pane process-info --pane w3:p2 --session fm-lab-x 
status --json --session fm-lab-x 
pane read w1:p4 --source recent --lines 200 --session fm-lab-x 
status --json --session fm-lab-x 
pane process-info --pane w1:p4 --session fm-lab-x 
status --json --session fm-lab-x 
status --json --session fm-lab-x 
pane read w3:p2 --source recent --lines 200 --session fm-lab-x 
status --json --session fm-lab-x 
pane process-info --pane w3:p2 --session fm-lab-x 
status --json --session fm-lab-x 
agent get w3:p2 --session fm-lab-x 
agent get w1:p4 --session fm-lab-x 
status --json --session fm-lab-x 
pane run w3:p2 export\ GOTMPDIR=\'/home/node/.no-mistakes/worktrees/450411b3e67c/01M47HX8Y8BQRSDDHWXNW190JH/.live-validation/main/state/abort-b.tasktmp/gotmp\' --session fm-lab-x 
status --json --session fm-lab-x 
pane run w3:p2 export\ COMPACT_ADVISER_DISABLE=1 --session fm-lab-x 
status --json --session fm-lab-x 
pane run w3:p2 export\ FM_TASK_ID=abort-b --session fm-lab-x 
status --json --session fm-lab-x 
pane send-text w3:p2 .\ \'/tmp/fm-abort-b+10ad743f3268ccec6a92a1845ca9f2b0b8d54bd437d1f2164ebcf43a1329702f/launch.s1791327749.648311.14328.sh\' --session fm-lab-x 
status --json --session fm-lab-x 
pane send-keys w3:p2 enter --session fm-lab-x 
status --json 
status --json --session fm-lab-x 
workspace list --session fm-lab-x 
workspace create --cwd /home/node/.no-mistakes/worktrees/450411b3e67c/01M47HX8Y8BQRSDDHWXNW190JH/.live-validation/project --label firstmate --no-focus --session fm-lab-x 
tab list --workspace w1 --session fm-lab-x 
tab create --workspace w1 --cwd /home/node/.no-mistakes/worktrees/450411b3e67c/01M47HX8Y8BQRSDDHWXNW190JH/.live-validation/project --label fm-mine --no-focus --session fm-lab-x 
tab list --workspace w1 --session fm-lab-x 
pane list --workspace w1 --session fm-lab-x 
agent get w1:p1 --session fm-lab-x 
pane close w1:p1 --session fm-lab-x 
status --json --session fm-lab-x 
pane run w1:p2 treehouse\ get --session fm-lab-x 
status --json --session fm-lab-x 
pane get w1:p2 --session fm-lab-x 
status --json --session fm-lab-x 
pane get w1:p2 --session fm-lab-x 
status --json --session fm-lab-x 
pane get w1:p2 --session fm-lab-x 
status --json --session fm-lab-x 
pane run w1:p2 cd\ --\ \'/home/node/.no-mistakes/worktrees/450411b3e67c/01M47HX8Y8BQRSDDHWXNW190JH/.live-validation/pool/.treehouse/project-997b52/1/project\' --session fm-lab-x 
status --json --session fm-lab-x 
pane get w1:p2 --session fm-lab-x 
pane process-info --pane w1:p2 --session fm-lab-x 
pane process-info --pane w1:p2 --session fm-lab-x 
pane get w1:p2 --session fm-lab-x 
status --json --session fm-lab-x 
pane process-info --pane w1:p2 --session fm-lab-x 
status --json --session fm-lab-x 
pane read w1:p2 --source recent --lines 200 --session fm-lab-x 
status --json --session fm-lab-x 
pane process-info --pane w1:p2 --session fm-lab-x 
status --json --session fm-lab-x 
pane read w1:p2 --source recent --lines 200 --session fm-lab-x 
status --json --session fm-lab-x 
pane process-info --pane w1:p2 --session fm-lab-x 
status --json --session fm-lab-x 
agent get w1:p2 --session fm-lab-x 
status --json --session fm-lab-x 
pane run w1:p2 export\ GOTMPDIR=\'/home/node/.no-mistakes/worktrees/450411b3e67c/01M47HX8Y8BQRSDDHWXNW190JH/.live-validation/main/state/mine.tasktmp/gotmp\' --session fm-lab-x 
status --json --session fm-lab-x 
pane run w1:p2 export\ COMPACT_ADVISER_DISABLE=1 --session fm-lab-x 
status --json --session fm-lab-x 
pane run w1:p2 export\ FM_TASK_ID=mine --session fm-lab-x 
status --json --session fm-lab-x 
pane send-text w1:p2 .\ \'/tmp/fm-mine+10ad743f3268ccec6a92a1845ca9f2b0b8d54bd437d1f2164ebcf43a1329702f/launch.s1791327787.658431.21925.sh\' --session fm-lab-x 
status --json --session fm-lab-x 
pane send-keys w1:p2 enter --session fm-lab-x 
status --json 
status --json --session fm-lab-x 
workspace list --session fm-lab-x 
workspace create --cwd /home/node/.no-mistakes/worktrees/450411b3e67c/01M47HX8Y8BQRSDDHWXNW190JH/.live-validation/project --label 2ndmate-mate --no-focus --session fm-lab-x 
tab list --workspace w2 --session fm-lab-x 
tab create --workspace w2 --cwd /home/node/.no-mistakes/worktrees/450411b3e67c/01M47HX8Y8BQRSDDHWXNW190JH/.live-validation/project --label fm-kid --no-focus --session fm-lab-x 
tab list --workspace w2 --session fm-lab-x 
pane list --workspace w2 --session fm-lab-x 
agent get w2:p1 --session fm-lab-x 
pane close w2:p1 --session fm-lab-x 
status --json --session fm-lab-x 
pane run w2:p2 treehouse\ get --session fm-lab-x 
status --json --session fm-lab-x 
pane get w2:p2 --session fm-lab-x 
status --json --session fm-lab-x 
pane get w2:p2 --session fm-lab-x 
status --json --session fm-lab-x 
pane get w2:p2 --session fm-lab-x 
status --json --session fm-lab-x 
pane run w2:p2 cd\ --\ \'/home/node/.no-mistakes/worktrees/450411b3e67c/01M47HX8Y8BQRSDDHWXNW190JH/.live-validation/pool/.treehouse/project-997b52/2/project\' --session fm-lab-x 
status --json --session fm-lab-x 
pane get w2:p2 --session fm-lab-x 
pane process-info --pane w2:p2 --session fm-lab-x 
pane process-info --pane w2:p2 --session fm-lab-x 
pane get w2:p2 --session fm-lab-x 
status --json --session fm-lab-x 
pane process-info --pane w2:p2 --session fm-lab-x 
status --json --session fm-lab-x 
pane read w2:p2 --source recent --lines 200 --session fm-lab-x 
status --json --session fm-lab-x 
pane process-info --pane w2:p2 --session fm-lab-x 
status --json --session fm-lab-x 
pane read w2:p2 --source recent --lines 200 --session fm-lab-x 
status --json --session fm-lab-x 
pane process-info --pane w2:p2 --session fm-lab-x 
status --json --session fm-lab-x 
agent get w2:p2 --session fm-lab-x 
status --json --session fm-lab-x 
pane run w2:p2 export\ GOTMPDIR=\'/home/node/.no-mistakes/worktrees/450411b3e67c/01M47HX8Y8BQRSDDHWXNW190JH/.live-validation/child/state/kid.tasktmp/gotmp\' --session fm-lab-x 
status --json --session fm-lab-x 
pane run w2:p2 export\ COMPACT_ADVISER_DISABLE=1 --session fm-lab-x 
status --json --session fm-lab-x 
pane run w2:p2 export\ FM_TASK_ID=kid --session fm-lab-x 
status --json --session fm-lab-x 
pane send-text w2:p2 .\ \'/tmp/fm-kid+3b31baf3acdd0ddc6a9114977185c50abfffaf1c19b20a31ef7686db2b2dd3b2/launch.s1791327793.662387.28687.sh\' --session fm-lab-x 
status --json --session fm-lab-x 
pane send-keys w2:p2 enter --session fm-lab-x 
pane process-info --pane w1:p2 --session fm-lab-x 
pane process-info --pane w2:p2 --session fm-lab-x 
pane process-info --pane w1:p2 --session fm-lab-x 
pane get w1:p2 --session fm-lab-x 
status --json --session fm-lab-x 
pane process-info --pane w1:p2 --session fm-lab-x 
status --json --session fm-lab-x 
pane read w1:p2 --source recent --lines 200 --session fm-lab-x 
pane process-info --pane w1:p2 --session fm-lab-x 
pane get w1:p2 --session fm-lab-x 
status --json --session fm-lab-x 
pane process-info --pane w1:p2 --session fm-lab-x 
status --json --session fm-lab-x 
pane send-keys w1:p2 enter --session fm-lab-x 
status --json --session fm-lab-x 
pane process-info --pane w1:p2 --session fm-lab-x 
status --json --session fm-lab-x 
pane read w1:p2 --source recent --lines 200 --session fm-lab-x 
pane process-info --pane w1:p2 --session fm-lab-x 
pane process-info --pane w1:p2 --session fm-lab-x 
pane process-info --pane w1:p2 --session fm-lab-x 
status --json --session fm-lab-x 
pane process-info --pane w1:p2 --session fm-lab-x 
status --json --session fm-lab-x 
pane process-info --pane w1:p2 --session fm-lab-x 
status --json --session fm-lab-x 
pane process-info --pane w1:p2 --session fm-lab-x 
pane process-info --pane w1:p2 --session fm-lab-x 
pane process-info --pane w1:p2 --session fm-lab-x 
pane process-info --pane w2:p2 --session fm-lab-x 
pane process-info --pane w2:p2 --session fm-lab-x 
pane process-info --pane w2:p2 --session fm-lab-x 
status --json --session fm-lab-x 
pane process-info --pane w2:p2 --session fm-lab-x 
status --json --session fm-lab-x 
pane process-info --pane w2:p2 --session fm-lab-x 
status --json --session fm-lab-x 
pane process-info --pane w2:p2 --session fm-lab-x 
pane process-info --pane w2:p2 --session fm-lab-x 
pane process-info --pane w2:p2 --session fm-lab-x 
pane get w1:p2 --session fm-lab-x 
pane get w1:p2 --session fm-lab-x 
status --json --session fm-lab-x 
pane get w1:p2 --session fm-lab-x 
status --json --session fm-lab-x 
pane read w1:p2 --source recent --lines 200 --session fm-lab-x 
pane process-info --pane w1:p2 --session fm-lab-x 
pane process-info --pane w1:p2 --session fm-remote 
status --json --session fm-remote 
pane process-info --pane w1:p2 --session fm-remote 
status --json --session fm-remote 
pane process-info --pane w1:p2 --session fm-remote 
status --json --session fm-remote 
pane process-info --pane w1:p2 --session fm-remote 
pane process-info --pane w1:p2 --session fm-remote 
pane process-info --pane w1:p2 --session fm-lab-x 
status --json --session fm-lab-x 
pane process-info --pane w1:p2 --session fm-lab-x 
status --json 
status --json --session fm-lab-x 
workspace list --session fm-lab-x 
tab list --workspace w1 --session fm-lab-x 
pane list --workspace w1 --session fm-lab-x 
pane process-info --pane w1:p2 --session fm-lab-x 
tab create --workspace w1 --cwd /home/node/.no-mistakes/worktrees/450411b3e67c/01M47HX8Y8BQRSDDHWXNW190JH/.live-validation/pool/.treehouse/project-997b52/1/project --label fm-mine --no-focus --session fm-lab-x 
status --json --session fm-lab-x 
pane get w1:p3 --session fm-lab-x 
status --json --session fm-lab-x 
pane run w1:p3 cd\ --\ \'/home/node/.no-mistakes/worktrees/450411b3e67c/01M47HX8Y8BQRSDDHWXNW190JH/.live-validation/pool/.treehouse/project-997b52/1/project\' --session fm-lab-x 
status --json --session fm-lab-x 
pane get w1:p3 --session fm-lab-x 
pane process-info --pane w1:p3 --session fm-lab-x 
pane process-info --pane w1:p3 --session fm-lab-x 
pane get w1:p3 --session fm-lab-x 
status --json --session fm-lab-x 
pane process-info --pane w1:p3 --session fm-lab-x 
status --json --session fm-lab-x 
pane read w1:p3 --source recent --lines 200 --session fm-lab-x 
status --json --session fm-lab-x 
pane process-info --pane w1:p3 --session fm-lab-x 
status --json --session fm-lab-x 
pane read w1:p3 --source recent --lines 200 --session fm-lab-x 
status --json --session fm-lab-x 
pane process-info --pane w1:p3 --session fm-lab-x 
status --json --session fm-lab-x 
agent get w1:p3 --session fm-lab-x 
agent get w1:p3 --session fm-lab-x 
status --json --session fm-lab-x 
pane run w1:p3 export\ GOTMPDIR=\'/home/node/.no-mistakes/worktrees/450411b3e67c/01M47HX8Y8BQRSDDHWXNW190JH/.live-validation/main/state/mine.tasktmp/gotmp\' --session fm-lab-x 
status --json --session fm-lab-x 
pane run w1:p3 export\ COMPACT_ADVISER_DISABLE=1 --session fm-lab-x 
status --json --session fm-lab-x 
pane run w1:p3 export\ FM_TASK_ID=mine --session fm-lab-x 
status --json --session fm-lab-x 
pane send-text w1:p3 .\ \'/tmp/fm-mine+10ad743f3268ccec6a92a1845ca9f2b0b8d54bd437d1f2164ebcf43a1329702f/launch.s1791327800.665916.2474.sh\' --session fm-lab-x 
status --json --session fm-lab-x 
pane send-keys w1:p3 enter --session fm-lab-x 
pane process-info --pane w1:p3 --session fm-lab-x 
pane process-info --pane w1:p3 --session fm-lab-x 
pane get w1:p3 --session fm-lab-x 
status --json --session fm-lab-x 
pane process-info --pane w1:p3 --session fm-lab-x 
status --json --session fm-lab-x 
pane read w1:p3 --source recent --lines 200 --session fm-lab-x 
pane process-info --pane w2:p2 --session fm-lab-x 
status --json --session fm-lab-x 
pane process-info --pane w2:p2 --session fm-lab-x 
status --json 
status --json --session fm-lab-x 
workspace list --session fm-lab-x 
tab list --workspace w2 --session fm-lab-x 
pane list --workspace w2 --session fm-lab-x 
pane process-info --pane w2:p2 --session fm-lab-x 
tab create --workspace w2 --cwd /home/node/.no-mistakes/worktrees/450411b3e67c/01M47HX8Y8BQRSDDHWXNW190JH/.live-validation/pool/.treehouse/project-997b52/2/project --label fm-kid --no-focus --session fm-lab-x 
status --json --session fm-lab-x 
pane get w2:p3 --session fm-lab-x 
status --json --session fm-lab-x 
pane run w2:p3 cd\ --\ \'/home/node/.no-mistakes/worktrees/450411b3e67c/01M47HX8Y8BQRSDDHWXNW190JH/.live-validation/pool/.treehouse/project-997b52/2/project\' --session fm-lab-x 
status --json --session fm-lab-x 
pane get w2:p3 --session fm-lab-x 
pane process-info --pane w2:p3 --session fm-lab-x 
pane process-info --pane w2:p3 --session fm-lab-x 
pane get w2:p3 --session fm-lab-x 
status --json --session fm-lab-x 
pane process-info --pane w2:p3 --session fm-lab-x 
status --json --session fm-lab-x 
pane read w2:p3 --source recent --lines 200 --session fm-lab-x 
status --json --session fm-lab-x 
pane process-info --pane w2:p3 --session fm-lab-x 
status --json --session fm-lab-x 
pane read w2:p3 --source recent --lines 200 --session fm-lab-x 
status --json --session fm-lab-x 
pane process-info --pane w2:p3 --session fm-lab-x 
status --json --session fm-lab-x 
agent get w2:p3 --session fm-lab-x 
agent get w2:p3 --session fm-lab-x 
status --json --session fm-lab-x 
pane run w2:p3 export\ GOTMPDIR=\'/home/node/.no-mistakes/worktrees/450411b3e67c/01M47HX8Y8BQRSDDHWXNW190JH/.live-validation/child/state/kid.tasktmp/gotmp\' --session fm-lab-x 
status --json --session fm-lab-x 
pane run w2:p3 export\ COMPACT_ADVISER_DISABLE=1 --session fm-lab-x 
status --json --session fm-lab-x 
pane run w2:p3 export\ FM_TASK_ID=kid --session fm-lab-x 
status --json --session fm-lab-x 
pane send-text w2:p3 .\ \'/tmp/fm-kid+3b31baf3acdd0ddc6a9114977185c50abfffaf1c19b20a31ef7686db2b2dd3b2/launch.s1791327804.668387.15387.sh\' --session fm-lab-x 
status --json --session fm-lab-x 
pane send-keys w2:p3 enter --session fm-lab-x 
pane process-info --pane w2:p3 --session fm-lab-x 
pane process-info --pane w2:p3 --session fm-lab-x 
pane get w2:p3 --session fm-lab-x 
status --json --session fm-lab-x 
pane process-info --pane w2:p3 --session fm-lab-x 
status --json --session fm-lab-x 
pane read w2:p3 --source recent --lines 200 --session fm-lab-x 
pane process-info --pane w1:p3 --session fm-lab-x 
pane get w1:p3 --session fm-lab-x 
status --json --session fm-lab-x 
status --json --session fm-lab-x 
server --session fm-lab-x 
status --json --session fm-lab-x 
status --json --session fm-lab-x 
pane process-info --pane w1:p3 --session fm-lab-x 
pane process-info --pane w1:p3 --session fm-lab-x 
status --json --session fm-lab-x 
pane process-info --pane w1:p3 --session fm-lab-x 
status --json 
status --json --session fm-lab-x 
workspace list --session fm-lab-x 
tab list --workspace w1 --session fm-lab-x 
pane list --workspace w1 --session fm-lab-x 
pane list --workspace w1 --session fm-lab-x 
pane process-info --pane w1:p3 --session fm-lab-x 
tab create --workspace w1 --cwd /home/node/.no-mistakes/worktrees/450411b3e67c/01M47HX8Y8BQRSDDHWXNW190JH/.live-validation/pool/.treehouse/project-997b52/1/project --label fm-mine --no-focus --session fm-lab-x 
status --json --session fm-lab-x 
pane get w1:p4 --session fm-lab-x 
status --json --session fm-lab-x 
pane run w1:p4 cd\ --\ \'/home/node/.no-mistakes/worktrees/450411b3e67c/01M47HX8Y8BQRSDDHWXNW190JH/.live-validation/pool/.treehouse/project-997b52/1/project\' --session fm-lab-x 
status --json --session fm-lab-x 
pane get w1:p4 --session fm-lab-x 
pane process-info --pane w1:p4 --session fm-lab-x 
pane process-info --pane w1:p4 --session fm-lab-x 
pane get w1:p4 --session fm-lab-x 
status --json --session fm-lab-x 
pane process-info --pane w1:p4 --session fm-lab-x 
status --json --session fm-lab-x 
pane read w1:p4 --source recent --lines 200 --session fm-lab-x 
status --json --session fm-lab-x 
pane process-info --pane w1:p4 --session fm-lab-x 
status --json --session fm-lab-x 
pane read w1:p4 --source recent --lines 200 --session fm-lab-x 
status --json --session fm-lab-x 
pane process-info --pane w1:p4 --session fm-lab-x 
status --json --session fm-lab-x 
agent get w1:p4 --session fm-lab-x 
agent get w1:p4 --session fm-lab-x 
status --json --session fm-lab-x 
pane run w1:p4 export\ GOTMPDIR=\'/home/node/.no-mistakes/worktrees/450411b3e67c/01M47HX8Y8BQRSDDHWXNW190JH/.live-validation/main/state/mine.tasktmp/gotmp\' --session fm-lab-x 
status --json --session fm-lab-x 
pane run w1:p4 export\ COMPACT_ADVISER_DISABLE=1 --session fm-lab-x 
status --json --session fm-lab-x 
pane run w1:p4 export\ FM_TASK_ID=mine --session fm-lab-x 
status --json --session fm-lab-x 
pane send-text w1:p4 .\ \'/tmp/fm-mine+10ad743f3268ccec6a92a1845ca9f2b0b8d54bd437d1f2164ebcf43a1329702f/launch.s1791327809.670990.6952.sh\' --session fm-lab-x 
status --json --session fm-lab-x 
pane send-keys w1:p4 enter --session fm-lab-x 
pane process-info --pane w2:p3 --session fm-lab-x 
status --json --session fm-lab-x 
pane process-info --pane w2:p3 --session fm-lab-x 
status --json 
status --json --session fm-lab-x 
workspace list --session fm-lab-x 
tab list --workspace w2 --session fm-lab-x 
pane list --workspace w2 --session fm-lab-x 
pane list --workspace w2 --session fm-lab-x 
pane process-info --pane w2:p3 --session fm-lab-x 
tab create --workspace w2 --cwd /home/node/.no-mistakes/worktrees/450411b3e67c/01M47HX8Y8BQRSDDHWXNW190JH/.live-validation/pool/.treehouse/project-997b52/2/project --label fm-kid --no-focus --session fm-lab-x 
status --json --session fm-lab-x 
pane get w2:p4 --session fm-lab-x 
status --json --session fm-lab-x 
pane run w2:p4 cd\ --\ \'/home/node/.no-mistakes/worktrees/450411b3e67c/01M47HX8Y8BQRSDDHWXNW190JH/.live-validation/pool/.treehouse/project-997b52/2/project\' --session fm-lab-x 
status --json --session fm-lab-x 
pane get w2:p4 --session fm-lab-x 
pane process-info --pane w2:p4 --session fm-lab-x 
pane process-info --pane w2:p4 --session fm-lab-x 
pane get w2:p4 --session fm-lab-x 
status --json --session fm-lab-x 
pane process-info --pane w2:p4 --session fm-lab-x 
status --json --session fm-lab-x 
pane read w2:p4 --source recent --lines 200 --session fm-lab-x 
status --json --session fm-lab-x 
pane process-info --pane w2:p4 --session fm-lab-x 
status --json --session fm-lab-x 
pane read w2:p4 --source recent --lines 200 --session fm-lab-x 
status --json --session fm-lab-x 
pane process-info --pane w2:p4 --session fm-lab-x 
status --json --session fm-lab-x 
agent get w2:p4 --session fm-lab-x 
agent get w2:p4 --session fm-lab-x 
status --json --session fm-lab-x 
pane run w2:p4 export\ GOTMPDIR=\'/home/node/.no-mistakes/worktrees/450411b3e67c/01M47HX8Y8BQRSDDHWXNW190JH/.live-validation/child/state/kid.tasktmp/gotmp\' --session fm-lab-x 
status --json --session fm-lab-x 
pane run w2:p4 export\ COMPACT_ADVISER_DISABLE=1 --session fm-lab-x 
status --json --session fm-lab-x 
pane run w2:p4 export\ FM_TASK_ID=kid --session fm-lab-x 
status --json --session fm-lab-x 
pane send-text w2:p4 .\ \'/tmp/fm-kid+3b31baf3acdd0ddc6a9114977185c50abfffaf1c19b20a31ef7686db2b2dd3b2/launch.s1791327813.672932.20297.sh\' --session fm-lab-x 
status --json --session fm-lab-x 
pane send-keys w2:p4 enter --session fm-lab-x 
status --json --session fm-lab-x 
session list --json --session fm-lab-x 
workspace list --session fm-lab-x 
status --json 
status --json --session fm-lab-x 
workspace list --session fm-lab-x 
tab list --workspace w1 --session fm-lab-x 
workspace create --cwd /home/node/.no-mistakes/worktrees/450411b3e67c/01M47HX8Y8BQRSDDHWXNW190JH/.live-validation/project --label └\ abort-b\ ·\ p:RtDcZqbrv_x_fyW_dH2cKQ --no-focus --session fm-lab-x 
workspace list --session fm-lab-x 
tab list --workspace w1 --session fm-lab-x 
workspace list --session fm-lab-x 
tab list --workspace w1 --session fm-lab-x 
tab create --workspace w3 --cwd /home/node/.no-mistakes/worktrees/450411b3e67c/01M47HX8Y8BQRSDDHWXNW190JH/.live-validation/project --label fm-abort-b --no-focus --session fm-lab-x 
workspace list --session fm-lab-x 
tab list --workspace w1 --session fm-lab-x 
workspace list --session fm-lab-x 
tab list --workspace w1 --session fm-lab-x 
tab list --workspace w3 --session fm-lab-x 
pane list --workspace w3 --session fm-lab-x 
agent get w3:p1 --session fm-lab-x 
workspace list --session fm-lab-x 
tab list --workspace w1 --session fm-lab-x 
pane get w3:p1 --session fm-lab-x 
tab list --workspace w3 --session fm-lab-x 
terminal title clear --session fm-lab-x 
pane close w3:p1 --session fm-lab-x 
pane get w3:p1 --session fm-lab-x 
workspace list --session fm-lab-x 
tab list --workspace w1 --session fm-lab-x 
workspace list --session fm-lab-x 
tab list --workspace w1 --session fm-lab-x 
tab list --workspace w3 --session fm-lab-x 
pane list --workspace w3 --session fm-lab-x 
workspace list --session fm-lab-x 
status --json --session fm-lab-x 
api schema --json --session fm-lab-x 
session list --json --session fm-lab-x 
workspace list --session fm-lab-x 
tab list --workspace w1 --session fm-lab-x 
workspace list --session fm-lab-x 
tab list --workspace w1 --session fm-lab-x 
workspace list --session fm-lab-x 
status --json --session fm-lab-x 
pane run w3:p2 treehouse\ get --session fm-lab-x 
status --json --session fm-lab-x 
pane get w3:p2 --session fm-lab-x 
status --json --session fm-lab-x 
pane get w3:p2 --session fm-lab-x 
status --json --session fm-lab-x 
pane get w3:p2 --session fm-lab-x 
status --json --session fm-lab-x 
pane get w3:p2 --session fm-lab-x 
status --json --session fm-lab-x 
pane get w3:p2 --session fm-lab-x 
status --json --session fm-lab-x 
pane get w3:p2 --session fm-lab-x 
status --json --session fm-lab-x 
pane get w3:p2 --session fm-lab-x 
status --json --session fm-lab-x 
pane get w3:p2 --session fm-lab-x 
status --json --session fm-lab-x 
pane get w3:p2 --session fm-lab-x 
status --json --session fm-lab-x 
pane get w3:p2 --session fm-lab-x 
status --json --session fm-lab-x 
pane get w3:p2 --session fm-lab-x 
status --json --session fm-lab-x 
pane get w3:p2 --session fm-lab-x 
status --json --session fm-lab-x 
pane get w3:p2 --session fm-lab-x 
status --json --session fm-lab-x 
pane get w3:p2 --session fm-lab-x 
status --json --session fm-lab-x 
pane get w3:p2 --session fm-lab-x 
status --json --session fm-lab-x 
pane get w3:p2 --session fm-lab-x 
status --json --session fm-lab-x 
pane get w3:p2 --session fm-lab-x 
status --json --session fm-lab-x 
pane get w3:p2 --session fm-lab-x 
status --json --session fm-lab-x 
pane get w3:p2 --session fm-lab-x 
status --json --session fm-lab-x 
pane get w3:p2 --session fm-lab-x 
status --json --session fm-lab-x 
pane get w3:p2 --session fm-lab-x 
status --json --session fm-lab-x 
pane get w3:p2 --session fm-lab-x 
status --json --session fm-lab-x 
pane get w3:p2 --session fm-lab-x 
status --json --session fm-lab-x 
pane get w3:p2 --session fm-lab-x 
status --json --session fm-lab-x 
pane get w3:p2 --session fm-lab-x 
status --json --session fm-lab-x 
pane get w3:p2 --session fm-lab-x 
status --json --session fm-lab-x 
pane get w3:p2 --session fm-lab-x 
status --json --session fm-lab-x 
pane get w3:p2 --session fm-lab-x 
status --json --session fm-lab-x 
pane get w3:p2 --session fm-lab-x 
status --json --session fm-lab-x 
pane get w3:p2 --session fm-lab-x 
status --json --session fm-lab-x 
pane get w3:p2 --session fm-lab-x 
status --json --session fm-lab-x 
pane get w3:p2 --session fm-lab-x 
status --json --session fm-lab-x 
pane get w3:p2 --session fm-lab-x 
status --json --session fm-lab-x 
pane get w3:p2 --session fm-lab-x 
status --json --session fm-lab-x 
pane get w3:p2 --session fm-lab-x 
status --json --session fm-lab-x 
pane get w3:p2 --session fm-lab-x 
status --json --session fm-lab-x 
pane get w3:p2 --session fm-lab-x 
status --json --session fm-lab-x 
pane get w3:p2 --session fm-lab-x 
status --json --session fm-lab-x 
pane get w3:p2 --session fm-lab-x 
status --json --session fm-lab-x 
pane get w3:p2 --session fm-lab-x 
status --json --session fm-lab-x 
pane get w3:p2 --session fm-lab-x 
status --json --session fm-lab-x 
pane get w3:p2 --session fm-lab-x 
status --json --session fm-lab-x 
pane get w3:p2 --session fm-lab-x 
status --json --session fm-lab-x 
pane get w3:p2 --session fm-lab-x 
status --json --session fm-lab-x 
pane get w3:p2 --session fm-lab-x 
status --json --session fm-lab-x 
pane get w3:p2 --session fm-lab-x 
status --json --session fm-lab-x 
pane get w3:p2 --session fm-lab-x 
status --json --session fm-lab-x 
pane get w3:p2 --session fm-lab-x 
status --json --session fm-lab-x 
pane get w3:p2 --session fm-lab-x 
status --json --session fm-lab-x 
pane get w3:p2 --session fm-lab-x 
status --json --session fm-lab-x 
pane get w3:p2 --session fm-lab-x 
status --json --session fm-lab-x 
pane get w3:p2 --session fm-lab-x 
status --json --session fm-lab-x 
pane get w3:p2 --session fm-lab-x 
status --json --session fm-lab-x 
pane get w3:p2 --session fm-lab-x 
status --json --session fm-lab-x 
pane get w3:p2 --session fm-lab-x 
status --json --session fm-lab-x 
pane get w3:p2 --session fm-lab-x 
status --json --session fm-lab-x 
pane get w3:p2 --session fm-lab-x 
status --json --session fm-lab-x 
pane get w3:p2 --session fm-lab-x 
status --json --session fm-lab-x 
pane get w3:p2 --session fm-lab-x 
status --json --session fm-lab-x 
pane get w3:p2 --session fm-lab-x 
workspace list --session fm-lab-x 
tab list --workspace w1 --session fm-lab-x 
pane get w3:p2 --session fm-lab-x 
tab list --workspace w3 --session fm-lab-x 
pane list --workspace w3 --session fm-lab-x 
workspace list --session fm-lab-x 
pane process-info --pane w3:p2 --session fm-lab-x 
terminal title clear --session fm-lab-x 
pane get w3:p2 --session fm-lab-x 
workspace list --session fm-lab-x 
tab list --workspace w1 --session fm-lab-x 
workspace list --session fm-lab-x 
tab list --workspace w1 --session fm-lab-x 
pane get w3:p1 --session fm-lab-x 
pane get w1:p4 --session fm-lab-x 
session list --json --session fm-lab-x 
session list --json --session fm-lab-x 
pane process-info --pane w1:p4 --session fm-lab-x 
pane process-info --pane w1:p4 --session fm-lab-x 
pane get w1:p4 --session fm-lab-x 
pane get w2:p4 --session fm-lab-x 
session list --json --session fm-lab-x 
session list --json --session fm-lab-x 
pane process-info --pane w2:p4 --session fm-lab-x 
pane process-info --pane w2:p4 --session fm-lab-x 
pane get w2:p4 --session fm-lab-x 
status --json 
status --json --session fm-lab-x 
workspace list --session fm-lab-x 
workspace create --cwd /home/node/.no-mistakes/worktrees/450411b3e67c/01M47HX8Y8BQRSDDHWXNW190JH/.live-validation/project --label firstmate --no-focus --session fm-lab-x 
tab list --workspace w1 --session fm-lab-x 
tab create --workspace w1 --cwd /home/node/.no-mistakes/worktrees/450411b3e67c/01M47HX8Y8BQRSDDHWXNW190JH/.live-validation/project --label fm-mine --no-focus --session fm-lab-x 
tab list --workspace w1 --session fm-lab-x 
pane list --workspace w1 --session fm-lab-x 
agent get w1:p1 --session fm-lab-x 
pane close w1:p1 --session fm-lab-x 
status --json --session fm-lab-x 
pane run w1:p2 treehouse\ get --session fm-lab-x 
status --json --session fm-lab-x 
pane get w1:p2 --session fm-lab-x 
status --json --session fm-lab-x 
pane get w1:p2 --session fm-lab-x 
status --json --session fm-lab-x 
pane run w1:p2 cd\ --\ \'/home/node/.no-mistakes/worktrees/450411b3e67c/01M47HX8Y8BQRSDDHWXNW190JH/.live-validation/pool/.treehouse/project-997b52/1/project\' --session fm-lab-x 
status --json --session fm-lab-x 
pane get w1:p2 --session fm-lab-x 
pane process-info --pane w1:p2 --session fm-lab-x 
pane process-info --pane w1:p2 --session fm-lab-x 
pane get w1:p2 --session fm-lab-x 
status --json --session fm-lab-x 
pane process-info --pane w1:p2 --session fm-lab-x 
status --json --session fm-lab-x 
pane read w1:p2 --source recent --lines 200 --session fm-lab-x 
status --json --session fm-lab-x 
pane process-info --pane w1:p2 --session fm-lab-x 
status --json --session fm-lab-x 
pane read w1:p2 --source recent --lines 200 --session fm-lab-x 
status --json --session fm-lab-x 
pane process-info --pane w1:p2 --session fm-lab-x 
status --json --session fm-lab-x 
agent get w1:p2 --session fm-lab-x 
status --json --session fm-lab-x 
pane run w1:p2 export\ GOTMPDIR=\'/home/node/.no-mistakes/worktrees/450411b3e67c/01M47HX8Y8BQRSDDHWXNW190JH/.live-validation/main/state/mine.tasktmp/gotmp\' --session fm-lab-x 
status --json --session fm-lab-x 
pane run w1:p2 export\ COMPACT_ADVISER_DISABLE=1 --session fm-lab-x 
status --json --session fm-lab-x 
pane run w1:p2 export\ FM_TASK_ID=mine --session fm-lab-x 
status --json --session fm-lab-x 
pane send-text w1:p2 .\ \'/tmp/fm-mine+10ad743f3268ccec6a92a1845ca9f2b0b8d54bd437d1f2164ebcf43a1329702f/launch.s1791328057.749303.24958.sh\' --session fm-lab-x 
status --json --session fm-lab-x 
pane send-keys w1:p2 enter --session fm-lab-x 
status --json 
status --json --session fm-lab-x 
workspace list --session fm-lab-x 
workspace create --cwd /home/node/.no-mistakes/worktrees/450411b3e67c/01M47HX8Y8BQRSDDHWXNW190JH/.live-validation/project --label 2ndmate-mate --no-focus --session fm-lab-x 
tab list --workspace w2 --session fm-lab-x 
tab create --workspace w2 --cwd /home/node/.no-mistakes/worktrees/450411b3e67c/01M47HX8Y8BQRSDDHWXNW190JH/.live-validation/project --label fm-kid --no-focus --session fm-lab-x 
tab list --workspace w2 --session fm-lab-x 
pane list --workspace w2 --session fm-lab-x 
agent get w2:p1 --session fm-lab-x 
pane close w2:p1 --session fm-lab-x 
status --json --session fm-lab-x 
pane run w2:p2 treehouse\ get --session fm-lab-x 
status --json --session fm-lab-x 
pane get w2:p2 --session fm-lab-x 
status --json --session fm-lab-x 
pane get w2:p2 --session fm-lab-x 
status --json --session fm-lab-x 
pane run w2:p2 cd\ --\ \'/home/node/.no-mistakes/worktrees/450411b3e67c/01M47HX8Y8BQRSDDHWXNW190JH/.live-validation/pool/.treehouse/project-997b52/2/project\' --session fm-lab-x 
status --json --session fm-lab-x 
pane get w2:p2 --session fm-lab-x 
pane process-info --pane w2:p2 --session fm-lab-x 
pane process-info --pane w2:p2 --session fm-lab-x 
pane get w2:p2 --session fm-lab-x 
status --json --session fm-lab-x 
pane process-info --pane w2:p2 --session fm-lab-x 
status --json --session fm-lab-x 
pane read w2:p2 --source recent --lines 200 --session fm-lab-x 
status --json --session fm-lab-x 
pane process-info --pane w2:p2 --session fm-lab-x 
status --json --session fm-lab-x 
pane read w2:p2 --source recent --lines 200 --session fm-lab-x 
status --json --session fm-lab-x 
pane process-info --pane w2:p2 --session fm-lab-x 
status --json --session fm-lab-x 
agent get w2:p2 --session fm-lab-x 
status --json --session fm-lab-x 
pane run w2:p2 export\ GOTMPDIR=\'/home/node/.no-mistakes/worktrees/450411b3e67c/01M47HX8Y8BQRSDDHWXNW190JH/.live-validation/child/state/kid.tasktmp/gotmp\' --session fm-lab-x 
status --json --session fm-lab-x 
pane run w2:p2 export\ COMPACT_ADVISER_DISABLE=1 --session fm-lab-x 
status --json --session fm-lab-x 
pane run w2:p2 export\ FM_TASK_ID=kid --session fm-lab-x 
status --json --session fm-lab-x 
pane send-text w2:p2 .\ \'/tmp/fm-kid+3b31baf3acdd0ddc6a9114977185c50abfffaf1c19b20a31ef7686db2b2dd3b2/launch.s1791328063.750856.15967.sh\' --session fm-lab-x 
status --json --session fm-lab-x 
pane send-keys w2:p2 enter --session fm-lab-x 
pane process-info --pane w1:p2 --session fm-lab-x 
pane process-info --pane w2:p2 --session fm-lab-x 
pane process-info --pane w1:p2 --session fm-lab-x 
pane get w1:p2 --session fm-lab-x 
status --json --session fm-lab-x 
pane process-info --pane w1:p2 --session fm-lab-x 
status --json --session fm-lab-x 
pane read w1:p2 --source recent --lines 200 --session fm-lab-x 
pane process-info --pane w1:p2 --session fm-lab-x 
pane get w1:p2 --session fm-lab-x 
status --json --session fm-lab-x 
pane process-info --pane w1:p2 --session fm-lab-x 
status --json --session fm-lab-x 
pane send-keys w1:p2 enter --session fm-lab-x 
status --json --session fm-lab-x 
pane process-info --pane w1:p2 --session fm-lab-x 
status --json --session fm-lab-x 
pane read w1:p2 --source recent --lines 200 --session fm-lab-x 
pane process-info --pane w1:p2 --session fm-lab-x 
pane process-info --pane w1:p2 --session fm-lab-x 
pane process-info --pane w1:p2 --session fm-lab-x 
status --json --session fm-lab-x 
pane process-info --pane w1:p2 --session fm-lab-x 
status --json --session fm-lab-x 
pane process-info --pane w1:p2 --session fm-lab-x 
status --json --session fm-lab-x 
pane process-info --pane w1:p2 --session fm-lab-x 
pane process-info --pane w1:p2 --session fm-lab-x 
pane process-info --pane w1:p2 --session fm-lab-x 
pane process-info --pane w2:p2 --session fm-lab-x 
pane process-info --pane w2:p2 --session fm-lab-x 
pane process-info --pane w2:p2 --session fm-lab-x 
status --json --session fm-lab-x 
pane process-info --pane w2:p2 --session fm-lab-x 
status --json --session fm-lab-x 
pane process-info --pane w2:p2 --session fm-lab-x 
status --json --session fm-lab-x 
pane process-info --pane w2:p2 --session fm-lab-x 
pane process-info --pane w2:p2 --session fm-lab-x 
pane process-info --pane w2:p2 --session fm-lab-x 
pane process-info --pane w1:p2 --session fm-lab-x 
pane process-info --pane w1:p2 --session fm-lab-x 
pane process-info --pane w1:p2 --session fm-lab-x 
pane get w1:p2 --session fm-lab-x 
pane get w1:p2 --session fm-lab-x 
status --json --session fm-lab-x 
pane get w1:p2 --session fm-lab-x 
status --json --session fm-lab-x 
pane read w1:p2 --source recent --lines 200 --session fm-lab-x 
pane process-info --pane w1:p2 --session fm-lab-x 
pane process-info --pane w1:p2 --session fm-remote 
status --json --session fm-remote 
pane process-info --pane w1:p2 --session fm-remote 
status --json --session fm-remote 
pane process-info --pane w1:p2 --session fm-remote 
status --json --session fm-remote 
pane process-info --pane w1:p2 --session fm-remote 
pane process-info --pane w1:p2 --session fm-remote 
pane process-info --pane w1:p2 --session fm-lab-x 
status --json --session fm-lab-x 
pane process-info --pane w1:p2 --session fm-lab-x 
status --json 
status --json --session fm-lab-x 
workspace list --session fm-lab-x 
tab list --workspace w1 --session fm-lab-x 
pane list --workspace w1 --session fm-lab-x 
pane process-info --pane w1:p2 --session fm-lab-x 
tab create --workspace w1 --cwd /home/node/.no-mistakes/worktrees/450411b3e67c/01M47HX8Y8BQRSDDHWXNW190JH/.live-validation/pool/.treehouse/project-997b52/1/project --label fm-mine --no-focus --session fm-lab-x 
status --json --session fm-lab-x 
pane get w1:p3 --session fm-lab-x 
status --json --session fm-lab-x 
pane run w1:p3 cd\ --\ \'/home/node/.no-mistakes/worktrees/450411b3e67c/01M47HX8Y8BQRSDDHWXNW190JH/.live-validation/pool/.treehouse/project-997b52/1/project\' --session fm-lab-x 
status --json --session fm-lab-x 
pane get w1:p3 --session fm-lab-x 
pane process-info --pane w1:p3 --session fm-lab-x 
pane process-info --pane w1:p3 --session fm-lab-x 
pane get w1:p3 --session fm-lab-x 
status --json --session fm-lab-x 
pane process-info --pane w1:p3 --session fm-lab-x 
status --json --session fm-lab-x 
pane read w1:p3 --source recent --lines 200 --session fm-lab-x 
status --json --session fm-lab-x 
pane process-info --pane w1:p3 --session fm-lab-x 
status --json --session fm-lab-x 
pane read w1:p3 --source recent --lines 200 --session fm-lab-x 
status --json --session fm-lab-x 
pane process-info --pane w1:p3 --session fm-lab-x 
status --json --session fm-lab-x 
agent get w1:p3 --session fm-lab-x 
agent get w1:p3 --session fm-lab-x 
status --json --session fm-lab-x 
pane run w1:p3 export\ GOTMPDIR=\'/home/node/.no-mistakes/worktrees/450411b3e67c/01M47HX8Y8BQRSDDHWXNW190JH/.live-validation/main/state/mine.tasktmp/gotmp\' --session fm-lab-x 
status --json --session fm-lab-x 
pane run w1:p3 export\ COMPACT_ADVISER_DISABLE=1 --session fm-lab-x 
status --json --session fm-lab-x 
pane run w1:p3 export\ FM_TASK_ID=mine --session fm-lab-x 
status --json --session fm-lab-x 
pane send-text w1:p3 .\ \'/tmp/fm-mine+10ad743f3268ccec6a92a1845ca9f2b0b8d54bd437d1f2164ebcf43a1329702f/launch.s1791328076.760197.28669.sh\' --session fm-lab-x 
status --json --session fm-lab-x 
pane send-keys w1:p3 enter --session fm-lab-x 
pane process-info --pane w1:p3 --session fm-lab-x 
pane process-info --pane w1:p3 --session fm-lab-x 
pane get w1:p3 --session fm-lab-x 
status --json --session fm-lab-x 
pane process-info --pane w1:p3 --session fm-lab-x 
status --json --session fm-lab-x 
pane read w1:p3 --source recent --lines 200 --session fm-lab-x 
pane process-info --pane w2:p2 --session fm-lab-x 
status --json --session fm-lab-x 
pane process-info --pane w2:p2 --session fm-lab-x 
status --json 
status --json --session fm-lab-x 
workspace list --session fm-lab-x 
tab list --workspace w2 --session fm-lab-x 
pane list --workspace w2 --session fm-lab-x 
pane process-info --pane w2:p2 --session fm-lab-x 
tab create --workspace w2 --cwd /home/node/.no-mistakes/worktrees/450411b3e67c/01M47HX8Y8BQRSDDHWXNW190JH/.live-validation/pool/.treehouse/project-997b52/2/project --label fm-kid --no-focus --session fm-lab-x 
status --json --session fm-lab-x 
pane get w2:p3 --session fm-lab-x 
status --json --session fm-lab-x 
pane run w2:p3 cd\ --\ \'/home/node/.no-mistakes/worktrees/450411b3e67c/01M47HX8Y8BQRSDDHWXNW190JH/.live-validation/pool/.treehouse/project-997b52/2/project\' --session fm-lab-x 
status --json --session fm-lab-x 
pane get w2:p3 --session fm-lab-x 
pane process-info --pane w2:p3 --session fm-lab-x 
pane process-info --pane w2:p3 --session fm-lab-x 
pane get w2:p3 --session fm-lab-x 
status --json --session fm-lab-x 
pane process-info --pane w2:p3 --session fm-lab-x 
status --json --session fm-lab-x 
pane read w2:p3 --source recent --lines 200 --session fm-lab-x 
status --json --session fm-lab-x 
pane process-info --pane w2:p3 --session fm-lab-x 
status --json --session fm-lab-x 
pane read w2:p3 --source recent --lines 200 --session fm-lab-x 
status --json --session fm-lab-x 
pane process-info --pane w2:p3 --session fm-lab-x 
status --json --session fm-lab-x 
agent get w2:p3 --session fm-lab-x 
agent get w2:p3 --session fm-lab-x 
status --json --session fm-lab-x 
pane run w2:p3 export\ GOTMPDIR=\'/home/node/.no-mistakes/worktrees/450411b3e67c/01M47HX8Y8BQRSDDHWXNW190JH/.live-validation/child/state/kid.tasktmp/gotmp\' --session fm-lab-x 
status --json --session fm-lab-x 
pane run w2:p3 export\ COMPACT_ADVISER_DISABLE=1 --session fm-lab-x 
status --json --session fm-lab-x 
pane run w2:p3 export\ FM_TASK_ID=kid --session fm-lab-x 
status --json --session fm-lab-x 
pane send-text w2:p3 .\ \'/tmp/fm-kid+3b31baf3acdd0ddc6a9114977185c50abfffaf1c19b20a31ef7686db2b2dd3b2/launch.s1791328080.763769.8423.sh\' --session fm-lab-x 
status --json --session fm-lab-x 
pane send-keys w2:p3 enter --session fm-lab-x 
pane process-info --pane w2:p3 --session fm-lab-x 
pane process-info --pane w2:p3 --session fm-lab-x 
pane get w2:p3 --session fm-lab-x 
status --json --session fm-lab-x 
pane process-info --pane w2:p3 --session fm-lab-x 
status --json --session fm-lab-x 
pane read w2:p3 --source recent --lines 200 --session fm-lab-x 
pane process-info --pane w1:p3 --session fm-lab-x 
pane get w1:p3 --session fm-lab-x 
status --json --session fm-lab-x 
status --json --session fm-lab-x 
server --session fm-lab-x 
status --json --session fm-lab-x 
status --json --session fm-lab-x 
pane process-info --pane w1:p3 --session fm-lab-x 
pane process-info --pane w1:p3 --session fm-lab-x 
status --json --session fm-lab-x 
pane process-info --pane w1:p3 --session fm-lab-x 
status --json 
status --json --session fm-lab-x 
workspace list --session fm-lab-x 
tab list --workspace w1 --session fm-lab-x 
pane list --workspace w1 --session fm-lab-x 
pane list --workspace w1 --session fm-lab-x 
pane process-info --pane w1:p3 --session fm-lab-x 
tab create --workspace w1 --cwd /home/node/.no-mistakes/worktrees/450411b3e67c/01M47HX8Y8BQRSDDHWXNW190JH/.live-validation/pool/.treehouse/project-997b52/1/project --label fm-mine --no-focus --session fm-lab-x 
status --json --session fm-lab-x 
pane get w1:p4 --session fm-lab-x 
status --json --session fm-lab-x 
pane run w1:p4 cd\ --\ \'/home/node/.no-mistakes/worktrees/450411b3e67c/01M47HX8Y8BQRSDDHWXNW190JH/.live-validation/pool/.treehouse/project-997b52/1/project\' --session fm-lab-x 
status --json --session fm-lab-x 
pane get w1:p4 --session fm-lab-x 
pane process-info --pane w1:p4 --session fm-lab-x 
pane process-info --pane w1:p4 --session fm-lab-x 
pane get w1:p4 --session fm-lab-x 
status --json --session fm-lab-x 
pane process-info --pane w1:p4 --session fm-lab-x 
status --json --session fm-lab-x 
pane read w1:p4 --source recent --lines 200 --session fm-lab-x 
status --json --session fm-lab-x 
pane process-info --pane w1:p4 --session fm-lab-x 
status --json --session fm-lab-x 
pane read w1:p4 --source recent --lines 200 --session fm-lab-x 
status --json --session fm-lab-x 
pane process-info --pane w1:p4 --session fm-lab-x 
status --json --session fm-lab-x 
agent get w1:p4 --session fm-lab-x 
agent get w1:p4 --session fm-lab-x 
status --json --session fm-lab-x 
pane run w1:p4 export\ GOTMPDIR=\'/home/node/.no-mistakes/worktrees/450411b3e67c/01M47HX8Y8BQRSDDHWXNW190JH/.live-validation/main/state/mine.tasktmp/gotmp\' --session fm-lab-x 
status --json --session fm-lab-x 
pane run w1:p4 export\ COMPACT_ADVISER_DISABLE=1 --session fm-lab-x 
status --json --session fm-lab-x 
pane run w1:p4 export\ FM_TASK_ID=mine --session fm-lab-x 
status --json --session fm-lab-x 
pane send-text w1:p4 .\ \'/tmp/fm-mine+10ad743f3268ccec6a92a1845ca9f2b0b8d54bd437d1f2164ebcf43a1329702f/launch.s1791328085.767719.6518.sh\' --session fm-lab-x 
status --json --session fm-lab-x 
pane send-keys w1:p4 enter --session fm-lab-x 
pane process-info --pane w2:p3 --session fm-lab-x 
status --json --session fm-lab-x 
pane process-info --pane w2:p3 --session fm-lab-x 
status --json 
status --json --session fm-lab-x 
workspace list --session fm-lab-x 
tab list --workspace w2 --session fm-lab-x 
pane list --workspace w2 --session fm-lab-x 
pane list --workspace w2 --session fm-lab-x 
pane process-info --pane w2:p3 --session fm-lab-x 
tab create --workspace w2 --cwd /home/node/.no-mistakes/worktrees/450411b3e67c/01M47HX8Y8BQRSDDHWXNW190JH/.live-validation/pool/.treehouse/project-997b52/2/project --label fm-kid --no-focus --session fm-lab-x 
status --json --session fm-lab-x 
pane get w2:p4 --session fm-lab-x 
status --json --session fm-lab-x 
pane run w2:p4 cd\ --\ \'/home/node/.no-mistakes/worktrees/450411b3e67c/01M47HX8Y8BQRSDDHWXNW190JH/.live-validation/pool/.treehouse/project-997b52/2/project\' --session fm-lab-x 
status --json --session fm-lab-x 
pane get w2:p4 --session fm-lab-x 
pane process-info --pane w2:p4 --session fm-lab-x 
pane process-info --pane w2:p4 --session fm-lab-x 
pane get w2:p4 --session fm-lab-x 
status --json --session fm-lab-x 
pane process-info --pane w2:p4 --session fm-lab-x 
status --json --session fm-lab-x 
pane read w2:p4 --source recent --lines 200 --session fm-lab-x 
status --json --session fm-lab-x 
pane process-info --pane w2:p4 --session fm-lab-x 
status --json --session fm-lab-x 
pane read w2:p4 --source recent --lines 200 --session fm-lab-x 
status --json --session fm-lab-x 
pane process-info --pane w2:p4 --session fm-lab-x 
status --json --session fm-lab-x 
agent get w2:p4 --session fm-lab-x 
agent get w2:p4 --session fm-lab-x 
status --json --session fm-lab-x 
pane run w2:p4 export\ GOTMPDIR=\'/home/node/.no-mistakes/worktrees/450411b3e67c/01M47HX8Y8BQRSDDHWXNW190JH/.live-validation/child/state/kid.tasktmp/gotmp\' --session fm-lab-x 
status --json --session fm-lab-x 
pane run w2:p4 export\ COMPACT_ADVISER_DISABLE=1 --session fm-lab-x 
status --json --session fm-lab-x 
pane run w2:p4 export\ FM_TASK_ID=kid --session fm-lab-x 
status --json --session fm-lab-x 
pane send-text w2:p4 .\ \'/tmp/fm-kid+3b31baf3acdd0ddc6a9114977185c50abfffaf1c19b20a31ef7686db2b2dd3b2/launch.s1791328089.769180.8664.sh\' --session fm-lab-x 
status --json --session fm-lab-x 
pane send-keys w2:p4 enter --session fm-lab-x 
status --json --session fm-lab-x 
session list --json --session fm-lab-x 
workspace list --session fm-lab-x 
status --json 
status --json --session fm-lab-x 
workspace list --session fm-lab-x 
tab list --workspace w1 --session fm-lab-x 
workspace create --cwd /home/node/.no-mistakes/worktrees/450411b3e67c/01M47HX8Y8BQRSDDHWXNW190JH/.live-validation/project --label └\ abort-b\ ·\ p:h7Vucq0B9_HTBfeSZSgNcw --no-focus --session fm-lab-x 
workspace list --session fm-lab-x 
tab list --workspace w1 --session fm-lab-x 
workspace list --session fm-lab-x 
tab list --workspace w1 --session fm-lab-x 
tab create --workspace w3 --cwd /home/node/.no-mistakes/worktrees/450411b3e67c/01M47HX8Y8BQRSDDHWXNW190JH/.live-validation/project --label fm-abort-b --no-focus --session fm-lab-x 
workspace list --session fm-lab-x 
tab list --workspace w1 --session fm-lab-x 
workspace list --session fm-lab-x 
tab list --workspace w1 --session fm-lab-x 
tab list --workspace w3 --session fm-lab-x 
pane list --workspace w3 --session fm-lab-x 
agent get w3:p1 --session fm-lab-x 
workspace list --session fm-lab-x 
tab list --workspace w1 --session fm-lab-x 
pane get w3:p1 --session fm-lab-x 
tab list --workspace w3 --session fm-lab-x 
terminal title clear --session fm-lab-x 
pane close w3:p1 --session fm-lab-x 
pane get w3:p1 --session fm-lab-x 
workspace list --session fm-lab-x 
tab list --workspace w1 --session fm-lab-x 
workspace list --session fm-lab-x 
tab list --workspace w1 --session fm-lab-x 
tab list --workspace w3 --session fm-lab-x 
pane list --workspace w3 --session fm-lab-x 
workspace list --session fm-lab-x 
status --json --session fm-lab-x 
api schema --json --session fm-lab-x 
session list --json --session fm-lab-x 
workspace list --session fm-lab-x 
tab list --workspace w1 --session fm-lab-x 
workspace list --session fm-lab-x 
tab list --workspace w1 --session fm-lab-x 
workspace list --session fm-lab-x 
status --json --session fm-lab-x 
pane run w3:p2 treehouse\ get --session fm-lab-x 
status --json --session fm-lab-x 
pane get w3:p2 --session fm-lab-x 
status --json --session fm-lab-x 
pane get w3:p2 --session fm-lab-x 
status --json --session fm-lab-x 
pane get w3:p2 --session fm-lab-x 
status --json --session fm-lab-x 
pane get w3:p2 --session fm-lab-x 
status --json --session fm-lab-x 
pane get w3:p2 --session fm-lab-x 
status --json --session fm-lab-x 
pane get w3:p2 --session fm-lab-x 
status --json --session fm-lab-x 
pane get w3:p2 --session fm-lab-x 
status --json --session fm-lab-x 
pane get w3:p2 --session fm-lab-x 
status --json --session fm-lab-x 
pane get w3:p2 --session fm-lab-x 
status --json --session fm-lab-x 
pane get w3:p2 --session fm-lab-x 
status --json --session fm-lab-x 
pane get w3:p2 --session fm-lab-x 
status --json --session fm-lab-x 
pane get w3:p2 --session fm-lab-x 
status --json --session fm-lab-x 
pane get w3:p2 --session fm-lab-x 
status --json --session fm-lab-x 
pane get w3:p2 --session fm-lab-x 
status --json --session fm-lab-x 
pane get w3:p2 --session fm-lab-x 
status --json --session fm-lab-x 
pane get w3:p2 --session fm-lab-x 
status --json --session fm-lab-x 
pane get w3:p2 --session fm-lab-x 
status --json --session fm-lab-x 
pane get w3:p2 --session fm-lab-x 
status --json --session fm-lab-x 
pane get w3:p2 --session fm-lab-x 
status --json --session fm-lab-x 
pane get w3:p2 --session fm-lab-x 
status --json --session fm-lab-x 
pane get w3:p2 --session fm-lab-x 
status --json --session fm-lab-x 
pane get w3:p2 --session fm-lab-x 
status --json --session fm-lab-x 
pane get w3:p2 --session fm-lab-x 
status --json --session fm-lab-x 
pane get w3:p2 --session fm-lab-x 
status --json --session fm-lab-x 
pane get w3:p2 --session fm-lab-x 
status --json --session fm-lab-x 
pane get w3:p2 --session fm-lab-x 
status --json --session fm-lab-x 
pane get w3:p2 --session fm-lab-x 
status --json --session fm-lab-x 
pane get w3:p2 --session fm-lab-x 
status --json --session fm-lab-x 
pane get w3:p2 --session fm-lab-x 
status --json --session fm-lab-x 
pane get w3:p2 --session fm-lab-x 
status --json --session fm-lab-x 
pane get w3:p2 --session fm-lab-x 
status --json --session fm-lab-x 
pane get w3:p2 --session fm-lab-x 
status --json --session fm-lab-x 
pane get w3:p2 --session fm-lab-x 
status --json --session fm-lab-x 
pane get w3:p2 --session fm-lab-x 
status --json --session fm-lab-x 
pane get w3:p2 --session fm-lab-x 
status --json --session fm-lab-x 
pane get w3:p2 --session fm-lab-x 
status --json --session fm-lab-x 
pane get w3:p2 --session fm-lab-x 
status --json --session fm-lab-x 
pane get w3:p2 --session fm-lab-x 
status --json --session fm-lab-x 
pane get w3:p2 --session fm-lab-x 
status --json --session fm-lab-x 
pane get w3:p2 --session fm-lab-x 
status --json --session fm-lab-x 
pane get w3:p2 --session fm-lab-x 
status --json --session fm-lab-x 
pane get w3:p2 --session fm-lab-x 
status --json --session fm-lab-x 
pane get w3:p2 --session fm-lab-x 
status --json --session fm-lab-x 
pane get w3:p2 --session fm-lab-x 
status --json --session fm-lab-x 
pane get w3:p2 --session fm-lab-x 
status --json --session fm-lab-x 
pane get w3:p2 --session fm-lab-x 
status --json --session fm-lab-x 
pane get w3:p2 --session fm-lab-x 
status --json --session fm-lab-x 
pane get w3:p2 --session fm-lab-x 
status --json --session fm-lab-x 
pane get w3:p2 --session fm-lab-x 
status --json --session fm-lab-x 
pane get w3:p2 --session fm-lab-x 
status --json --session fm-lab-x 
pane get w3:p2 --session fm-lab-x 
status --json --session fm-lab-x 
pane get w3:p2 --session fm-lab-x 
status --json --session fm-lab-x 
pane get w3:p2 --session fm-lab-x 
status --json --session fm-lab-x 
pane get w3:p2 --session fm-lab-x 
status --json --session fm-lab-x 
pane get w3:p2 --session fm-lab-x 
status --json --session fm-lab-x 
pane get w3:p2 --session fm-lab-x 
status --json --session fm-lab-x 
pane get w3:p2 --session fm-lab-x 
status --json --session fm-lab-x 
pane get w3:p2 --session fm-lab-x 
status --json --session fm-lab-x 
pane get w3:p2 --session fm-lab-x 
status --json --session fm-lab-x 
pane get w3:p2 --session fm-lab-x 
workspace list --session fm-lab-x 
tab list --workspace w1 --session fm-lab-x 
pane get w3:p2 --session fm-lab-x 
tab list --workspace w3 --session fm-lab-x 
pane list --workspace w3 --session fm-lab-x 
workspace list --session fm-lab-x 
pane process-info --pane w3:p2 --session fm-lab-x 
terminal title clear --session fm-lab-x 
pane get w3:p2 --session fm-lab-x 
workspace list --session fm-lab-x 
tab list --workspace w1 --session fm-lab-x 
workspace list --session fm-lab-x 
tab list --workspace w1 --session fm-lab-x 
pane get w3:p1 --session fm-lab-x 
pane get w1:p4 --session fm-lab-x 
session list --json --session fm-lab-x 
session list --json --session fm-lab-x 
pane process-info --pane w1:p4 --session fm-lab-x 
pane process-info --pane w1:p4 --session fm-lab-x 
pane get w1:p4 --session fm-lab-x 
pane get w2:p4 --session fm-lab-x 
session list --json --session fm-lab-x 
session list --json --session fm-lab-x 
pane process-info --pane w2:p4 --session fm-lab-x 
pane process-info --pane w2:p4 --session fm-lab-x 
pane get w2:p4 --session fm-lab-x 
status --json 
status --json --session fm-lab-x 
workspace list --session fm-lab-x 
tab list --workspace w1 --session fm-lab-x 
tab create --workspace w1 --cwd /home/node/.no-mistakes/worktrees/450411b3e67c/01M47HX8Y8BQRSDDHWXNW190JH/.live-validation/project --label fm-shape --no-focus --session fm-lab-x 
status --json --session fm-lab-x 
pane run w1:p5 treehouse\ get --session fm-lab-x 
status --json --session fm-lab-x 
pane get w1:p5 --session fm-lab-x 
status --json --session fm-lab-x 
pane get w1:p5 --session fm-lab-x 
status --json --session fm-lab-x 
pane get w1:p5 --session fm-lab-x 
status --json --session fm-lab-x 
pane run w1:p5 cd\ --\ \'/home/node/.no-mistakes/worktrees/450411b3e67c/01M47HX8Y8BQRSDDHWXNW190JH/.live-validation/pool/.treehouse/project-997b52/1/project\' --session fm-lab-x 
status --json --session fm-lab-x 
pane get w1:p5 --session fm-lab-x 
pane process-info --pane w1:p5 --session fm-lab-x 
pane process-info --pane w1:p5 --session fm-lab-x 
pane get w1:p5 --session fm-lab-x 
status --json --session fm-lab-x 
pane process-info --pane w1:p5 --session fm-lab-x 
status --json --session fm-lab-x 
pane read w1:p5 --source recent --lines 200 --session fm-lab-x 
status --json --session fm-lab-x 
pane process-info --pane w1:p5 --session fm-lab-x 
status --json --session fm-lab-x 
pane read w1:p5 --source recent --lines 200 --session fm-lab-x 
status --json --session fm-lab-x 
pane process-info --pane w1:p5 --session fm-lab-x 
status --json --session fm-lab-x 
agent get w1:p5 --session fm-lab-x 
status --json --session fm-lab-x 
pane run w1:p5 export\ GOTMPDIR=\'/home/node/.no-mistakes/worktrees/450411b3e67c/01M47HX8Y8BQRSDDHWXNW190JH/.live-validation/main/state/shape.tasktmp/gotmp\' --session fm-lab-x 
status --json --session fm-lab-x 
pane run w1:p5 export\ COMPACT_ADVISER_DISABLE=1 --session fm-lab-x 
status --json --session fm-lab-x 
pane run w1:p5 export\ FM_TASK_ID=shape --session fm-lab-x 
status --json --session fm-lab-x 
pane send-text w1:p5 .\ \'/tmp/fm-shape+10ad743f3268ccec6a92a1845ca9f2b0b8d54bd437d1f2164ebcf43a1329702f/launch.s1791328190.825956.28352.sh\' --session fm-lab-x 
status --json --session fm-lab-x 
pane send-keys w1:p5 enter --session fm-lab-x 
pane get w1:p5 --session fm-lab-x 
session list --json --session fm-lab-x 
session list --json --session fm-lab-x 
pane process-info --pane w1:p5 --session fm-lab-x 
workspace list --session fm-lab-x 
tab list --workspace w1 --session fm-lab-x 
pane get w1:p5 --session fm-lab-x 
tab list --workspace w1 --session fm-lab-x 
pane close w1:p5 --session fm-lab-x 
pane get w1:p5 --session fm-lab-x 
workspace list --session fm-lab-x 
tab list --workspace w1 --session fm-lab-x 
pane process-info --pane w1:p5 --session fm-lab-x 
pane get w1:p5 --session fm-lab-x 
status --json --session fm-lab-x 
session list --json --session fm-lab-x 
workspace list --session fm-lab-x 
status --json 
status --json --session fm-lab-x 
workspace list --session fm-lab-x 
tab list --workspace w1 --session fm-lab-x 
workspace create --cwd /home/node/.no-mistakes/worktrees/450411b3e67c/01M47HX8Y8BQRSDDHWXNW190JH/.live-validation/project --label └\ shape\ ·\ p:FEd5Sob61_Sbq4b8-iNyyA --no-focus --session fm-lab-x 
workspace list --session fm-lab-x 
tab list --workspace w1 --session fm-lab-x 
workspace list --session fm-lab-x 
tab list --workspace w1 --session fm-lab-x 
tab create --workspace w4 --cwd /home/node/.no-mistakes/worktrees/450411b3e67c/01M47HX8Y8BQRSDDHWXNW190JH/.live-validation/project --label fm-shape --no-focus --session fm-lab-x 
workspace list --session fm-lab-x 
tab list --workspace w1 --session fm-lab-x 
workspace list --session fm-lab-x 
tab list --workspace w1 --session fm-lab-x 
tab list --workspace w4 --session fm-lab-x 
pane list --workspace w4 --session fm-lab-x 
agent get w4:p1 --session fm-lab-x 
workspace list --session fm-lab-x 
tab list --workspace w1 --session fm-lab-x 
pane get w4:p1 --session fm-lab-x 
tab list --workspace w4 --session fm-lab-x 
terminal title clear --session fm-lab-x 
pane close w4:p1 --session fm-lab-x 
pane get w4:p1 --session fm-lab-x 
workspace list --session fm-lab-x 
tab list --workspace w1 --session fm-lab-x 
workspace list --session fm-lab-x 
tab list --workspace w1 --session fm-lab-x 
tab list --workspace w4 --session fm-lab-x 
pane list --workspace w4 --session fm-lab-x 
workspace list --session fm-lab-x 
status --json --session fm-lab-x 
api schema --json --session fm-lab-x 
session list --json --session fm-lab-x 
workspace list --session fm-lab-x 
tab list --workspace w1 --session fm-lab-x 
workspace list --session fm-lab-x 
tab list --workspace w1 --session fm-lab-x 
workspace list --session fm-lab-x 
status --json --session fm-lab-x 
pane run w4:p2 treehouse\ get --session fm-lab-x 
status --json --session fm-lab-x 
pane get w4:p2 --session fm-lab-x 
status --json --session fm-lab-x 
pane get w4:p2 --session fm-lab-x 
status --json --session fm-lab-x 
pane get w4:p2 --session fm-lab-x 
status --json --session fm-lab-x 
pane run w4:p2 cd\ --\ \'/home/node/.no-mistakes/worktrees/450411b3e67c/01M47HX8Y8BQRSDDHWXNW190JH/.live-validation/pool/.treehouse/project-997b52/1/project\' --session fm-lab-x 
status --json --session fm-lab-x 
pane get w4:p2 --session fm-lab-x 
pane process-info --pane w4:p2 --session fm-lab-x 
pane process-info --pane w4:p2 --session fm-lab-x 
pane get w4:p2 --session fm-lab-x 
status --json --session fm-lab-x 
pane process-info --pane w4:p2 --session fm-lab-x 
status --json --session fm-lab-x 
pane read w4:p2 --source recent --lines 200 --session fm-lab-x 
status --json --session fm-lab-x 
pane process-info --pane w4:p2 --session fm-lab-x 
status --json --session fm-lab-x 
pane read w4:p2 --source recent --lines 200 --session fm-lab-x 
status --json --session fm-lab-x 
pane process-info --pane w4:p2 --session fm-lab-x 
status --json --session fm-lab-x 
agent get w4:p2 --session fm-lab-x 
status --json --session fm-lab-x 
pane run w4:p2 export\ GOTMPDIR=\'/home/node/.no-mistakes/worktrees/450411b3e67c/01M47HX8Y8BQRSDDHWXNW190JH/.live-validation/main/state/shape.tasktmp/gotmp\' --session fm-lab-x 
status --json --session fm-lab-x 
pane run w4:p2 export\ COMPACT_ADVISER_DISABLE=1 --session fm-lab-x 
status --json --session fm-lab-x 
pane run w4:p2 export\ FM_TASK_ID=shape --session fm-lab-x 
status --json --session fm-lab-x 
pane send-text w4:p2 .\ \'/tmp/fm-shape+10ad743f3268ccec6a92a1845ca9f2b0b8d54bd437d1f2164ebcf43a1329702f/launch.s1791328208.831897.906.sh\' --session fm-lab-x 
status --json --session fm-lab-x 
pane send-keys w4:p2 enter --session fm-lab-x 
pane process-info --pane w4:p2 --session fm-lab-x 
status --json --session fm-lab-x 
pane process-info --pane w4:p2 --session fm-lab-x 
status --json --session fm-lab-x 
pane read w4:p2 --source recent --lines 200 --session fm-lab-x 
pane get w4:p2 --session fm-lab-x 
session list --json --session fm-lab-x 
session list --json --session fm-lab-x 
workspace list --session fm-lab-x 
pane process-info --pane w4:p2 --session fm-lab-x 
workspace list --session fm-lab-x 
tab list --workspace w1 --session fm-lab-x 
pane get w4:p2 --session fm-lab-x 
tab list --workspace w4 --session fm-lab-x 
pane list --workspace w4 --session fm-lab-x 
workspace list --session fm-lab-x 
pane process-info --pane w4:p2 --session fm-lab-x 
terminal title clear --session fm-lab-x 
pane get w4:p2 --session fm-lab-x 
workspace list --session fm-lab-x 
tab list --workspace w1 --session fm-lab-x 
pane get w4:p2 --session fm-lab-x 
pane process-info --pane w4:p2 --session fm-lab-x 
pane get w4:p2 --session fm-lab-x 
pane process-info --pane w1:p6 --session fm-lab-x 
pane process-info --pane w1:p6 --session fm-lab-x 
pane get w1:p6 --session fm-lab-x 
status --json --session fm-lab-x 
status --json --session fm-lab-x 
pane process-info --pane w1:p6 --session fm-lab-x 
status --json --session fm-lab-x 
pane process-info --pane w1:p6 --session fm-lab-x 
pane process-info --pane w1:p6 --session fm-lab-x 
pane process-info --pane w1:p6 --session fm-lab-x 
pane get w1:p6 --session fm-lab-x 
pane process-info --pane w1:p6 --session fm-lab-x 
pane get w1:p6 --session fm-lab-x 
status --json 
status --json --session fm-lab-x 
workspace list --session fm-lab-x 
workspace create --cwd /home/node/.no-mistakes/worktrees/450411b3e67c/01M47HX8Y8BQRSDDHWXNW190JH/.live-validation/project --label firstmate --no-focus --session fm-lab-x 
tab list --workspace w1 --session fm-lab-x 
tab create --workspace w1 --cwd /home/node/.no-mistakes/worktrees/450411b3e67c/01M47HX8Y8BQRSDDHWXNW190JH/.live-validation/project --label fm-mine --no-focus --session fm-lab-x 
tab list --workspace w1 --session fm-lab-x 
pane list --workspace w1 --session fm-lab-x 
agent get w1:p1 --session fm-lab-x 
pane close w1:p1 --session fm-lab-x 
status --json --session fm-lab-x 
pane run w1:p2 treehouse\ get --session fm-lab-x 
status --json --session fm-lab-x 
pane get w1:p2 --session fm-lab-x 
status --json --session fm-lab-x 
pane get w1:p2 --session fm-lab-x 
status --json --session fm-lab-x 
pane run w1:p2 cd\ --\ \'/home/node/.no-mistakes/worktrees/450411b3e67c/01M47HX8Y8BQRSDDHWXNW190JH/.live-validation/pool/.treehouse/project-997b52/1/project\' --session fm-lab-x 
status --json --session fm-lab-x 
pane get w1:p2 --session fm-lab-x 
pane process-info --pane w1:p2 --session fm-lab-x 
pane process-info --pane w1:p2 --session fm-lab-x 
pane get w1:p2 --session fm-lab-x 
status --json --session fm-lab-x 
pane process-info --pane w1:p2 --session fm-lab-x 
status --json --session fm-lab-x 
pane read w1:p2 --source recent --lines 200 --session fm-lab-x 
status --json --session fm-lab-x 
pane process-info --pane w1:p2 --session fm-lab-x 
status --json --session fm-lab-x 
pane read w1:p2 --source recent --lines 200 --session fm-lab-x 
status --json --session fm-lab-x 
pane process-info --pane w1:p2 --session fm-lab-x 
status --json --session fm-lab-x 
agent get w1:p2 --session fm-lab-x 
status --json --session fm-lab-x 
pane run w1:p2 export\ GOTMPDIR=\'/home/node/.no-mistakes/worktrees/450411b3e67c/01M47HX8Y8BQRSDDHWXNW190JH/.live-validation/main/state/mine.tasktmp/gotmp\' --session fm-lab-x 
status --json --session fm-lab-x 
pane run w1:p2 export\ COMPACT_ADVISER_DISABLE=1 --session fm-lab-x 
status --json --session fm-lab-x 
pane run w1:p2 export\ FM_TASK_ID=mine --session fm-lab-x 
status --json --session fm-lab-x 
pane send-text w1:p2 .\ \'/tmp/fm-mine+10ad743f3268ccec6a92a1845ca9f2b0b8d54bd437d1f2164ebcf43a1329702f/launch.s1791328294.871916.10073.sh\' --session fm-lab-x 
status --json --session fm-lab-x 
pane send-keys w1:p2 enter --session fm-lab-x 
status --json 
status --json --session fm-lab-x 
workspace list --session fm-lab-x 
workspace create --cwd /home/node/.no-mistakes/worktrees/450411b3e67c/01M47HX8Y8BQRSDDHWXNW190JH/.live-validation/project --label 2ndmate-mate --no-focus --session fm-lab-x 
tab list --workspace w2 --session fm-lab-x 
tab create --workspace w2 --cwd /home/node/.no-mistakes/worktrees/450411b3e67c/01M47HX8Y8BQRSDDHWXNW190JH/.live-validation/project --label fm-kid --no-focus --session fm-lab-x 
tab list --workspace w2 --session fm-lab-x 
pane list --workspace w2 --session fm-lab-x 
agent get w2:p1 --session fm-lab-x 
pane close w2:p1 --session fm-lab-x 
status --json --session fm-lab-x 
pane run w2:p2 treehouse\ get --session fm-lab-x 
status --json --session fm-lab-x 
pane get w2:p2 --session fm-lab-x 
status --json --session fm-lab-x 
pane get w2:p2 --session fm-lab-x 
status --json --session fm-lab-x 
pane get w2:p2 --session fm-lab-x 
status --json --session fm-lab-x 
pane run w2:p2 cd\ --\ \'/home/node/.no-mistakes/worktrees/450411b3e67c/01M47HX8Y8BQRSDDHWXNW190JH/.live-validation/pool/.treehouse/project-997b52/2/project\' --session fm-lab-x 
status --json --session fm-lab-x 
pane get w2:p2 --session fm-lab-x 
pane process-info --pane w2:p2 --session fm-lab-x 
pane process-info --pane w2:p2 --session fm-lab-x 
pane get w2:p2 --session fm-lab-x 
status --json --session fm-lab-x 
pane process-info --pane w2:p2 --session fm-lab-x 
status --json --session fm-lab-x 
pane read w2:p2 --source recent --lines 200 --session fm-lab-x 
status --json --session fm-lab-x 
pane process-info --pane w2:p2 --session fm-lab-x 
status --json --session fm-lab-x 
pane read w2:p2 --source recent --lines 200 --session fm-lab-x 
status --json --session fm-lab-x 
pane process-info --pane w2:p2 --session fm-lab-x 
status --json --session fm-lab-x 
agent get w2:p2 --session fm-lab-x 
status --json --session fm-lab-x 
pane run w2:p2 export\ GOTMPDIR=\'/home/node/.no-mistakes/worktrees/450411b3e67c/01M47HX8Y8BQRSDDHWXNW190JH/.live-validation/child/state/kid.tasktmp/gotmp\' --session fm-lab-x 
status --json --session fm-lab-x 
pane run w2:p2 export\ COMPACT_ADVISER_DISABLE=1 --session fm-lab-x 
status --json --session fm-lab-x 
pane run w2:p2 export\ FM_TASK_ID=kid --session fm-lab-x 
status --json --session fm-lab-x 
pane send-text w2:p2 .\ \'/tmp/fm-kid+3b31baf3acdd0ddc6a9114977185c50abfffaf1c19b20a31ef7686db2b2dd3b2/launch.s1791328299.874028.27704.sh\' --session fm-lab-x 
status --json --session fm-lab-x 
pane send-keys w2:p2 enter --session fm-lab-x 
pane process-info --pane w1:p2 --session fm-lab-x 
pane process-info --pane w2:p2 --session fm-lab-x 
pane process-info --pane w1:p2 --session fm-lab-x 
pane get w1:p2 --session fm-lab-x 
status --json --session fm-lab-x 
pane process-info --pane w1:p2 --session fm-lab-x 
status --json --session fm-lab-x 
pane read w1:p2 --source recent --lines 200 --session fm-lab-x 
pane process-info --pane w1:p2 --session fm-lab-x 
pane get w1:p2 --session fm-lab-x 
status --json --session fm-lab-x 
pane process-info --pane w1:p2 --session fm-lab-x 
status --json --session fm-lab-x 
pane send-keys w1:p2 enter --session fm-lab-x 
status --json --session fm-lab-x 
pane process-info --pane w1:p2 --session fm-lab-x 
status --json --session fm-lab-x 
pane read w1:p2 --source recent --lines 200 --session fm-lab-x 
pane get w1:p2 --session fm-lab-x 
agent get w1:p2 --session fm-lab-x 
status --json --session fm-lab-x 
status --json 
status --json --session fm-lab-x 
workspace list --session fm-lab-x 
workspace create --cwd /home/node/.no-mistakes/worktrees/450411b3e67c/01M47HX8Y8BQRSDDHWXNW190JH/.live-validation/project --label firstmate --no-focus --session fm-lab-x 
tab list --workspace w1 --session fm-lab-x 
tab create --workspace w1 --cwd /home/node/.no-mistakes/worktrees/450411b3e67c/01M47HX8Y8BQRSDDHWXNW190JH/.live-validation/project --label fm-mine --no-focus --session fm-lab-x 
tab list --workspace w1 --session fm-lab-x 
pane list --workspace w1 --session fm-lab-x 
agent get w1:p1 --session fm-lab-x 
pane close w1:p1 --session fm-lab-x 
status --json --session fm-lab-x 
pane run w1:p2 treehouse\ get --session fm-lab-x 
status --json --session fm-lab-x 
pane get w1:p2 --session fm-lab-x 
status --json --session fm-lab-x 
pane get w1:p2 --session fm-lab-x 
status --json --session fm-lab-x 
pane run w1:p2 cd\ --\ \'/home/node/.no-mistakes/worktrees/450411b3e67c/01M47HX8Y8BQRSDDHWXNW190JH/.live-validation/pool/.treehouse/project-997b52/1/project\' --session fm-lab-x 
status --json --session fm-lab-x 
pane get w1:p2 --session fm-lab-x 
pane process-info --pane w1:p2 --session fm-lab-x 
pane process-info --pane w1:p2 --session fm-lab-x 
pane get w1:p2 --session fm-lab-x 
status --json --session fm-lab-x 
pane process-info --pane w1:p2 --session fm-lab-x 
status --json --session fm-lab-x 
pane read w1:p2 --source recent --lines 200 --session fm-lab-x 
status --json --session fm-lab-x 
pane process-info --pane w1:p2 --session fm-lab-x 
status --json --session fm-lab-x 
pane read w1:p2 --source recent --lines 200 --session fm-lab-x 
status --json --session fm-lab-x 
pane process-info --pane w1:p2 --session fm-lab-x 
status --json --session fm-lab-x 
agent get w1:p2 --session fm-lab-x 
status --json --session fm-lab-x 
pane run w1:p2 export\ GOTMPDIR=\'/home/node/.no-mistakes/worktrees/450411b3e67c/01M47HX8Y8BQRSDDHWXNW190JH/.live-validation/main/state/mine.tasktmp/gotmp\' --session fm-lab-x 
status --json --session fm-lab-x 
pane run w1:p2 export\ COMPACT_ADVISER_DISABLE=1 --session fm-lab-x 
status --json --session fm-lab-x 
pane run w1:p2 export\ FM_TASK_ID=mine --session fm-lab-x 
status --json --session fm-lab-x 
pane send-text w1:p2 .\ \'/tmp/fm-mine+10ad743f3268ccec6a92a1845ca9f2b0b8d54bd437d1f2164ebcf43a1329702f/launch.s1791328337.895106.15235.sh\' --session fm-lab-x 
status --json --session fm-lab-x 
pane send-keys w1:p2 enter --session fm-lab-x 
status --json 
status --json --session fm-lab-x 
workspace list --session fm-lab-x 
workspace create --cwd /home/node/.no-mistakes/worktrees/450411b3e67c/01M47HX8Y8BQRSDDHWXNW190JH/.live-validation/project --label 2ndmate-mate --no-focus --session fm-lab-x 
tab list --workspace w2 --session fm-lab-x 
tab create --workspace w2 --cwd /home/node/.no-mistakes/worktrees/450411b3e67c/01M47HX8Y8BQRSDDHWXNW190JH/.live-validation/project --label fm-kid --no-focus --session fm-lab-x 
tab list --workspace w2 --session fm-lab-x 
pane list --workspace w2 --session fm-lab-x 
agent get w2:p1 --session fm-lab-x 
pane close w2:p1 --session fm-lab-x 
status --json --session fm-lab-x 
pane run w2:p2 treehouse\ get --session fm-lab-x 
status --json --session fm-lab-x 
pane get w2:p2 --session fm-lab-x 
status --json --session fm-lab-x 
pane get w2:p2 --session fm-lab-x 
status --json --session fm-lab-x 
pane get w2:p2 --session fm-lab-x 
status --json --session fm-lab-x 
pane run w2:p2 cd\ --\ \'/home/node/.no-mistakes/worktrees/450411b3e67c/01M47HX8Y8BQRSDDHWXNW190JH/.live-validation/pool/.treehouse/project-997b52/2/project\' --session fm-lab-x 
status --json --session fm-lab-x 
pane get w2:p2 --session fm-lab-x 
pane process-info --pane w2:p2 --session fm-lab-x 
pane process-info --pane w2:p2 --session fm-lab-x 
status --json --session fm-lab-x pane get w2:p2 --session fm-lab-x 

pane process-info --pane w2:p2 --session fm-lab-x 
status --json --session fm-lab-x 
pane read w2:p2 --source recent --lines 200 --session fm-lab-x 
status --json --session fm-lab-x 
pane process-info --pane w2:p2 --session fm-lab-x 
status --json --session fm-lab-x 
pane read w2:p2 --source recent --lines 200 --session fm-lab-x 
status --json --session fm-lab-x 
pane process-info --pane w2:p2 --session fm-lab-x 
status --json --session fm-lab-x 
agent get w2:p2 --session fm-lab-x 
status --json --session fm-lab-x 
pane run w2:p2 export\ GOTMPDIR=\'/home/node/.no-mistakes/worktrees/450411b3e67c/01M47HX8Y8BQRSDDHWXNW190JH/.live-validation/child/state/kid.tasktmp/gotmp\' --session fm-lab-x 
status --json --session fm-lab-x 
pane run w2:p2 export\ COMPACT_ADVISER_DISABLE=1 --session fm-lab-x 
status --json --session fm-lab-x 
pane run w2:p2 export\ FM_TASK_ID=kid --session fm-lab-x 
status --json --session fm-lab-x 
pane send-text w2:p2 .\ \'/tmp/fm-kid+3b31baf3acdd0ddc6a9114977185c50abfffaf1c19b20a31ef7686db2b2dd3b2/launch.s1791328349.904259.32630.sh\' --session fm-lab-x 
status --json --session fm-lab-x 
pane send-keys w2:p2 enter --session fm-lab-x 
pane process-info --pane w1:p2 --session fm-lab-x 
pane process-info --pane w2:p2 --session fm-lab-x 
pane process-info --pane w1:p2 --session fm-lab-x 
pane get w1:p2 --session fm-lab-x 
status --json --session fm-lab-x 
pane process-info --pane w1:p2 --session fm-lab-x 
status --json --session fm-lab-x 
pane read w1:p2 --source recent --lines 200 --session fm-lab-x 
pane process-info --pane w1:p2 --session fm-lab-x 
pane get w1:p2 --session fm-lab-x 
status --json --session fm-lab-x 
pane process-info --pane w1:p2 --session fm-lab-x 
status --json --session fm-lab-x 
pane send-keys w1:p2 enter --session fm-lab-x 
status --json --session fm-lab-x 
pane process-info --pane w1:p2 --session fm-lab-x 
status --json --session fm-lab-x 
pane read w1:p2 --source recent --lines 200 --session fm-lab-x 
pane get w1:p2 --session fm-lab-x 
agent get w1:p2 --session fm-lab-x 
pane process-info --pane w1:p2 --session fm-lab-x 
pane process-info --pane w1:p2 --session fm-lab-x 
pane process-info --pane w1:p2 --session fm-lab-x 
status --json --session fm-lab-x 
pane process-info --pane w1:p2 --session fm-lab-x 
status --json --session fm-lab-x 
pane process-info --pane w1:p2 --session fm-lab-x 
status --json --session fm-lab-x 
pane process-info --pane w1:p2 --session fm-lab-x 
pane process-info --pane w1:p2 --session fm-lab-x 
pane process-info --pane w1:p2 --session fm-lab-x 
pane process-info --pane w2:p2 --session fm-lab-x 
pane process-info --pane w2:p2 --session fm-lab-x 
pane process-info --pane w2:p2 --session fm-lab-x 
status --json --session fm-lab-x 
pane process-info --pane w2:p2 --session fm-lab-x 
status --json --session fm-lab-x 
pane process-info --pane w2:p2 --session fm-lab-x 
status --json --session fm-lab-x 
pane process-info --pane w2:p2 --session fm-lab-x 
pane process-info --pane w2:p2 --session fm-lab-x 
pane process-info --pane w2:p2 --session fm-lab-x 
pane process-info --pane w1:p2 --session fm-lab-x 
pane process-info --pane w1:p2 --session fm-lab-x 
pane process-info --pane w1:p2 --session fm-lab-x 
pane get w1:p2 --session fm-lab-x 
pane get w1:p2 --session fm-lab-x 
status --json --session fm-lab-x 
pane get w1:p2 --session fm-lab-x 
status --json --session fm-lab-x 
pane read w1:p2 --source recent --lines 200 --session fm-lab-x 
pane process-info --pane w1:p2 --session fm-lab-x 
pane process-info --pane w1:p2 --session fm-remote 
status --json --session fm-remote 
pane process-info --pane w1:p2 --session fm-remote 
status --json --session fm-remote 
pane process-info --pane w1:p2 --session fm-remote 
status --json --session fm-remote 
pane process-info --pane w1:p2 --session fm-remote 
pane process-info --pane w1:p2 --session fm-remote 
pane process-info --pane w1:p2 --session fm-lab-x 
status --json --session fm-lab-x 
pane process-info --pane w1:p2 --session fm-lab-x 
status --json 
status --json --session fm-lab-x 
workspace list --session fm-lab-x 
tab list --workspace w1 --session fm-lab-x 
pane list --workspace w1 --session fm-lab-x 
pane process-info --pane w1:p2 --session fm-lab-x 
tab create --workspace w1 --cwd /home/node/.no-mistakes/worktrees/450411b3e67c/01M47HX8Y8BQRSDDHWXNW190JH/.live-validation/pool/.treehouse/project-997b52/1/project --label fm-mine --no-focus --session fm-lab-x 
status --json --session fm-lab-x 
pane get w1:p3 --session fm-lab-x 
status --json --session fm-lab-x 
pane run w1:p3 cd\ --\ \'/home/node/.no-mistakes/worktrees/450411b3e67c/01M47HX8Y8BQRSDDHWXNW190JH/.live-validation/pool/.treehouse/project-997b52/1/project\' --session fm-lab-x 
status --json --session fm-lab-x 
pane get w1:p3 --session fm-lab-x 
pane process-info --pane w1:p3 --session fm-lab-x 
pane process-info --pane w1:p3 --session fm-lab-x 
pane get w1:p3 --session fm-lab-x 
status --json --session fm-lab-x 
pane process-info --pane w1:p3 --session fm-lab-x 
status --json --session fm-lab-x 
pane read w1:p3 --source recent --lines 200 --session fm-lab-x 
status --json --session fm-lab-x 
pane process-info --pane w1:p3 --session fm-lab-x 
status --json --session fm-lab-x 
pane read w1:p3 --source recent --lines 200 --session fm-lab-x 
status --json --session fm-lab-x 
pane process-info --pane w1:p3 --session fm-lab-x 
status --json --session fm-lab-x 
agent get w1:p3 --session fm-lab-x 
agent get w1:p3 --session fm-lab-x 
status --json --session fm-lab-x 
pane run w1:p3 export\ GOTMPDIR=\'/home/node/.no-mistakes/worktrees/450411b3e67c/01M47HX8Y8BQRSDDHWXNW190JH/.live-validation/main/state/mine.tasktmp/gotmp\' --session fm-lab-x 
status --json --session fm-lab-x 
pane run w1:p3 export\ COMPACT_ADVISER_DISABLE=1 --session fm-lab-x 
status --json --session fm-lab-x 
pane run w1:p3 export\ FM_TASK_ID=mine --session fm-lab-x 
status --json --session fm-lab-x 
pane send-text w1:p3 .\ \'/tmp/fm-mine+10ad743f3268ccec6a92a1845ca9f2b0b8d54bd437d1f2164ebcf43a1329702f/launch.s1791328360.918283.31341.sh\' --session fm-lab-x 
status --json --session fm-lab-x 
pane send-keys w1:p3 enter --session fm-lab-x 
pane process-info --pane w1:p3 --session fm-lab-x 
pane process-info --pane w1:p3 --session fm-lab-x 
pane get w1:p3 --session fm-lab-x 
status --json --session fm-lab-x 
pane process-info --pane w1:p3 --session fm-lab-x 
status --json --session fm-lab-x 
pane read w1:p3 --source recent --lines 200 --session fm-lab-x 
pane process-info --pane w2:p2 --session fm-lab-x 
status --json --session fm-lab-x 
pane process-info --pane w2:p2 --session fm-lab-x 
status --json 
status --json --session fm-lab-x 
workspace list --session fm-lab-x 
tab list --workspace w2 --session fm-lab-x 
pane list --workspace w2 --session fm-lab-x 
pane process-info --pane w2:p2 --session fm-lab-x 
tab create --workspace w2 --cwd /home/node/.no-mistakes/worktrees/450411b3e67c/01M47HX8Y8BQRSDDHWXNW190JH/.live-validation/pool/.treehouse/project-997b52/2/project --label fm-kid --no-focus --session fm-lab-x 
status --json --session fm-lab-x 
pane get w2:p3 --session fm-lab-x 
status --json --session fm-lab-x 
pane run w2:p3 cd\ --\ \'/home/node/.no-mistakes/worktrees/450411b3e67c/01M47HX8Y8BQRSDDHWXNW190JH/.live-validation/pool/.treehouse/project-997b52/2/project\' --session fm-lab-x 
status --json --session fm-lab-x 
pane get w2:p3 --session fm-lab-x 
pane process-info --pane w2:p3 --session fm-lab-x 
pane process-info --pane w2:p3 --session fm-lab-x 
status --json --session fm-lab-x 
pane process-info --pane w2:p3 --session fm-lab-x 
pane get w2:p3 --session fm-lab-x 
status --json --session fm-lab-x 
pane read w2:p3 --source recent --lines 200 --session fm-lab-x 
status --json --session fm-lab-x 
pane process-info --pane w2:p3 --session fm-lab-x 
status --json --session fm-lab-x 
pane read w2:p3 --source recent --lines 200 --session fm-lab-x 
status --json --session fm-lab-x 
pane process-info --pane w2:p3 --session fm-lab-x 
status --json --session fm-lab-x 
agent get w2:p3 --session fm-lab-x 
agent get w2:p3 --session fm-lab-x 
status --json --session fm-lab-x 
pane run w2:p3 export\ GOTMPDIR=\'/home/node/.no-mistakes/worktrees/450411b3e67c/01M47HX8Y8BQRSDDHWXNW190JH/.live-validation/child/state/kid.tasktmp/gotmp\' --session fm-lab-x 
status --json --session fm-lab-x 
pane run w2:p3 export\ COMPACT_ADVISER_DISABLE=1 --session fm-lab-x 
status --json --session fm-lab-x 
pane run w2:p3 export\ FM_TASK_ID=kid --session fm-lab-x 
status --json --session fm-lab-x 
pane send-text w2:p3 .\ \'/tmp/fm-kid+3b31baf3acdd0ddc6a9114977185c50abfffaf1c19b20a31ef7686db2b2dd3b2/launch.s1791328365.922499.22566.sh\' --session fm-lab-x 
status --json --session fm-lab-x 
pane send-keys w2:p3 enter --session fm-lab-x 
pane process-info --pane w2:p3 --session fm-lab-x 
pane process-info --pane w2:p3 --session fm-lab-x 
pane get w2:p3 --session fm-lab-x 
status --json --session fm-lab-x 
pane process-info --pane w2:p3 --session fm-lab-x 
status --json --session fm-lab-x 
pane read w2:p3 --source recent --lines 200 --session fm-lab-x 
pane process-info --pane w1:p3 --session fm-lab-x 
pane get w1:p3 --session fm-lab-x 
status --json --session fm-lab-x 
status --json --session fm-lab-x 
server --session fm-lab-x 
status --json --session fm-lab-x 
status --json --session fm-lab-x 
pane process-info --pane w1:p3 --session fm-lab-x 
pane process-info --pane w1:p3 --session fm-lab-x 
status --json --session fm-lab-x 
pane process-info --pane w1:p3 --session fm-lab-x 
status --json 
status --json --session fm-lab-x 
workspace list --session fm-lab-x 
tab list --workspace w1 --session fm-lab-x 
pane list --workspace w1 --session fm-lab-x 
pane list --workspace w1 --session fm-lab-x 
pane process-info --pane w1:p3 --session fm-lab-x 
tab create --workspace w1 --cwd /home/node/.no-mistakes/worktrees/450411b3e67c/01M47HX8Y8BQRSDDHWXNW190JH/.live-validation/pool/.treehouse/project-997b52/1/project --label fm-mine --no-focus --session fm-lab-x 
status --json --session fm-lab-x 
pane get w1:p4 --session fm-lab-x 
status --json --session fm-lab-x 
pane run w1:p4 cd\ --\ \'/home/node/.no-mistakes/worktrees/450411b3e67c/01M47HX8Y8BQRSDDHWXNW190JH/.live-validation/pool/.treehouse/project-997b52/1/project\' --session fm-lab-x 
status --json --session fm-lab-x 
pane get w1:p4 --session fm-lab-x 
pane process-info --pane w1:p4 --session fm-lab-x 
pane process-info --pane w1:p4 --session fm-lab-x 
pane get w1:p4 --session fm-lab-x 
status --json --session fm-lab-x 
pane process-info --pane w1:p4 --session fm-lab-x 
status --json --session fm-lab-x 
pane read w1:p4 --source recent --lines 200 --session fm-lab-x 
status --json --session fm-lab-x 
pane process-info --pane w1:p4 --session fm-lab-x 
status --json --session fm-lab-x 
pane read w1:p4 --source recent --lines 200 --session fm-lab-x 
status --json --session fm-lab-x 
pane process-info --pane w1:p4 --session fm-lab-x 
status --json --session fm-lab-x 
agent get w1:p4 --session fm-lab-x 
agent get w1:p4 --session fm-lab-x 
status --json --session fm-lab-x 
pane run w1:p4 export\ GOTMPDIR=\'/home/node/.no-mistakes/worktrees/450411b3e67c/01M47HX8Y8BQRSDDHWXNW190JH/.live-validation/main/state/mine.tasktmp/gotmp\' --session fm-lab-x 
status --json --session fm-lab-x 
pane run w1:p4 export\ COMPACT_ADVISER_DISABLE=1 --session fm-lab-x 
status --json --session fm-lab-x 
pane run w1:p4 export\ FM_TASK_ID=mine --session fm-lab-x 
status --json --session fm-lab-x 
pane send-text w1:p4 .\ \'/tmp/fm-mine+10ad743f3268ccec6a92a1845ca9f2b0b8d54bd437d1f2164ebcf43a1329702f/launch.s1791328372.927955.25628.sh\' --session fm-lab-x 
status --json --session fm-lab-x 
pane send-keys w1:p4 enter --session fm-lab-x 
pane process-info --pane w2:p3 --session fm-lab-x 
status --json --session fm-lab-x 
pane process-info --pane w2:p3 --session fm-lab-x 
status --json 
status --json --session fm-lab-x 
workspace list --session fm-lab-x 
tab list --workspace w2 --session fm-lab-x 
pane list --workspace w2 --session fm-lab-x 
pane list --workspace w2 --session fm-lab-x 
pane process-info --pane w2:p3 --session fm-lab-x 
tab create --workspace w2 --cwd /home/node/.no-mistakes/worktrees/450411b3e67c/01M47HX8Y8BQRSDDHWXNW190JH/.live-validation/pool/.treehouse/project-997b52/2/project --label fm-kid --no-focus --session fm-lab-x 
status --json --session fm-lab-x 
pane get w2:p4 --session fm-lab-x 
status --json --session fm-lab-x 
pane run w2:p4 cd\ --\ \'/home/node/.no-mistakes/worktrees/450411b3e67c/01M47HX8Y8BQRSDDHWXNW190JH/.live-validation/pool/.treehouse/project-997b52/2/project\' --session fm-lab-x 
status --json --session fm-lab-x 
pane get w2:p4 --session fm-lab-x 
pane process-info --pane w2:p4 --session fm-lab-x 
pane process-info --pane w2:p4 --session fm-lab-x 
pane get w2:p4 --session fm-lab-x 
status --json --session fm-lab-x 
pane process-info --pane w2:p4 --session fm-lab-x 
status --json --session fm-lab-x 
pane read w2:p4 --source recent --lines 200 --session fm-lab-x 
status --json --session fm-lab-x 
pane process-info --pane w2:p4 --session fm-lab-x 
status --json --session fm-lab-x 
pane read w2:p4 --source recent --lines 200 --session fm-lab-x 
status --json --session fm-lab-x 
pane process-info --pane w2:p4 --session fm-lab-x 
status --json --session fm-lab-x 
agent get w2:p4 --session fm-lab-x 
agent get w2:p4 --session fm-lab-x 
status --json --session fm-lab-x 
pane run w2:p4 export\ GOTMPDIR=\'/home/node/.no-mistakes/worktrees/450411b3e67c/01M47HX8Y8BQRSDDHWXNW190JH/.live-validation/child/state/kid.tasktmp/gotmp\' --session fm-lab-x 
status --json --session fm-lab-x 
pane run w2:p4 export\ COMPACT_ADVISER_DISABLE=1 --session fm-lab-x 
status --json --session fm-lab-x 
pane run w2:p4 export\ FM_TASK_ID=kid --session fm-lab-x 
status --json --session fm-lab-x 
pane send-text w2:p4 .\ \'/tmp/fm-kid+3b31baf3acdd0ddc6a9114977185c50abfffaf1c19b20a31ef7686db2b2dd3b2/launch.s1791328376.931587.18291.sh\' --session fm-lab-x 
status --json --session fm-lab-x 
pane send-keys w2:p4 enter --session fm-lab-x 
status --json --session fm-lab-x 
session list --json --session fm-lab-x 
workspace list --session fm-lab-x 
status --json 
status --json --session fm-lab-x 
workspace list --session fm-lab-x 
tab list --workspace w1 --session fm-lab-x 
workspace create --cwd /home/node/.no-mistakes/worktrees/450411b3e67c/01M47HX8Y8BQRSDDHWXNW190JH/.live-validation/project --label └\ abort-b\ ·\ p:-8maevyHs5yjEhWd9WU8eQ --no-focus --session fm-lab-x 
workspace list --session fm-lab-x 
tab list --workspace w1 --session fm-lab-x 
workspace list --session fm-lab-x 
tab list --workspace w1 --session fm-lab-x 
tab create --workspace w3 --cwd /home/node/.no-mistakes/worktrees/450411b3e67c/01M47HX8Y8BQRSDDHWXNW190JH/.live-validation/project --label fm-abort-b --no-focus --session fm-lab-x 
workspace list --session fm-lab-x 
tab list --workspace w1 --session fm-lab-x 
workspace list --session fm-lab-x 
tab list --workspace w1 --session fm-lab-x 
tab list --workspace w3 --session fm-lab-x 
pane list --workspace w3 --session fm-lab-x 
agent get w3:p1 --session fm-lab-x 
workspace list --session fm-lab-x 
tab list --workspace w1 --session fm-lab-x 
pane get w3:p1 --session fm-lab-x 
tab list --workspace w3 --session fm-lab-x 
terminal title clear --session fm-lab-x 
pane close w3:p1 --session fm-lab-x 
pane get w3:p1 --session fm-lab-x 
workspace list --session fm-lab-x 
tab list --workspace w1 --session fm-lab-x 
workspace list --session fm-lab-x 
tab list --workspace w1 --session fm-lab-x 
tab list --workspace w3 --session fm-lab-x 
pane list --workspace w3 --session fm-lab-x 
workspace list --session fm-lab-x 
status --json --session fm-lab-x 
api schema --json --session fm-lab-x 
session list --json --session fm-lab-x 
workspace list --session fm-lab-x 
tab list --workspace w1 --session fm-lab-x 
workspace list --session fm-lab-x 
tab list --workspace w1 --session fm-lab-x 
workspace list --session fm-lab-x 
status --json --session fm-lab-x 
pane run w3:p2 treehouse\ get --session fm-lab-x 
status --json --session fm-lab-x 
pane get w3:p2 --session fm-lab-x 
status --json --session fm-lab-x 
pane get w3:p2 --session fm-lab-x 
status --json --session fm-lab-x 
pane get w3:p2 --session fm-lab-x 
status --json --session fm-lab-x 
pane get w3:p2 --session fm-lab-x 
status --json --session fm-lab-x 
pane get w3:p2 --session fm-lab-x 
status --json --session fm-lab-x 
pane get w3:p2 --session fm-lab-x 
status --json --session fm-lab-x 
pane get w3:p2 --session fm-lab-x 
status --json --session fm-lab-x 
pane get w3:p2 --session fm-lab-x 
status --json --session fm-lab-x 
pane get w3:p2 --session fm-lab-x 
status --json --session fm-lab-x 
pane get w3:p2 --session fm-lab-x 
status --json --session fm-lab-x 
pane get w3:p2 --session fm-lab-x 
status --json --session fm-lab-x 
pane get w3:p2 --session fm-lab-x 
status --json --session fm-lab-x 
pane get w3:p2 --session fm-lab-x 
status --json --session fm-lab-x 
pane get w3:p2 --session fm-lab-x 
status --json --session fm-lab-x 
pane get w3:p2 --session fm-lab-x 
status --json --session fm-lab-x 
pane get w3:p2 --session fm-lab-x 
status --json --session fm-lab-x 
pane get w3:p2 --session fm-lab-x 
status --json --session fm-lab-x 
pane get w3:p2 --session fm-lab-x 
status --json --session fm-lab-x 
pane get w3:p2 --session fm-lab-x 
status --json --session fm-lab-x 
pane get w3:p2 --session fm-lab-x 
status --json --session fm-lab-x 
pane get w3:p2 --session fm-lab-x 
status --json --session fm-lab-x 
pane get w3:p2 --session fm-lab-x 
status --json --session fm-lab-x 
pane get w3:p2 --session fm-lab-x 
status --json --session fm-lab-x 
pane get w3:p2 --session fm-lab-x 
status --json --session fm-lab-x 
pane get w3:p2 --session fm-lab-x 
status --json --session fm-lab-x 
pane get w3:p2 --session fm-lab-x 
status --json --session fm-lab-x 
pane get w3:p2 --session fm-lab-x 
status --json --session fm-lab-x 
pane get w3:p2 --session fm-lab-x 
status --json --session fm-lab-x 
pane get w3:p2 --session fm-lab-x 
status --json --session fm-lab-x 
pane get w3:p2 --session fm-lab-x 
status --json --session fm-lab-x 
pane get w3:p2 --session fm-lab-x 
status --json --session fm-lab-x 
pane get w3:p2 --session fm-lab-x 
status --json --session fm-lab-x 
pane get w3:p2 --session fm-lab-x 
status --json --session fm-lab-x 
pane get w3:p2 --session fm-lab-x 
status --json --session fm-lab-x 
pane get w3:p2 --session fm-lab-x 
status --json --session fm-lab-x 
pane get w3:p2 --session fm-lab-x 
status --json --session fm-lab-x 
pane get w3:p2 --session fm-lab-x 
status --json --session fm-lab-x 
pane get w3:p2 --session fm-lab-x 
status --json --session fm-lab-x 
pane get w3:p2 --session fm-lab-x 
status --json --session fm-lab-x 
pane get w3:p2 --session fm-lab-x 
status --json --session fm-lab-x 
pane get w3:p2 --session fm-lab-x 
status --json --session fm-lab-x 
pane get w3:p2 --session fm-lab-x 
status --json --session fm-lab-x 
pane get w3:p2 --session fm-lab-x 
status --json --session fm-lab-x 
pane get w3:p2 --session fm-lab-x 
status --json --session fm-lab-x 
pane get w3:p2 --session fm-lab-x 
status --json --session fm-lab-x 
pane get w3:p2 --session fm-lab-x 
status --json --session fm-lab-x 
pane get w3:p2 --session fm-lab-x 
status --json --session fm-lab-x 
pane get w3:p2 --session fm-lab-x 
status --json --session fm-lab-x 
pane get w3:p2 --session fm-lab-x 
status --json --session fm-lab-x 
pane get w3:p2 --session fm-lab-x 
status --json --session fm-lab-x 
pane get w3:p2 --session fm-lab-x 
status --json --session fm-lab-x 
pane get w3:p2 --session fm-lab-x 
status --json --session fm-lab-x 
pane get w3:p2 --session fm-lab-x 
status --json --session fm-lab-x 
pane get w3:p2 --session fm-lab-x 
status --json --session fm-lab-x 
pane get w3:p2 --session fm-lab-x 
status --json --session fm-lab-x 
pane get w3:p2 --session fm-lab-x 
status --json --session fm-lab-x 
pane get w3:p2 --session fm-lab-x 
status --json --session fm-lab-x 
pane get w3:p2 --session fm-lab-x 
status --json --session fm-lab-x 
pane get w3:p2 --session fm-lab-x 
status --json --session fm-lab-x 
pane get w3:p2 --session fm-lab-x 
workspace list --session fm-lab-x 
tab list --workspace w1 --session fm-lab-x 
pane get w3:p2 --session fm-lab-x 
tab list --workspace w3 --session fm-lab-x 
pane list --workspace w3 --session fm-lab-x 
workspace list --session fm-lab-x 
pane process-info --pane w3:p2 --session fm-lab-x 
terminal title clear --session fm-lab-x 
pane get w3:p2 --session fm-lab-x 
workspace list --session fm-lab-x 
tab list --workspace w1 --session fm-lab-x 
workspace list --session fm-lab-x 
tab list --workspace w1 --session fm-lab-x 
pane get w3:p1 --session fm-lab-x 
pane get w1:p4 --session fm-lab-x 
session list --json --session fm-lab-x 
session list --json --session fm-lab-x 
pane process-info --pane w1:p4 --session fm-lab-x 
pane process-info --pane w1:p4 --session fm-lab-x 
pane get w1:p4 --session fm-lab-x 
pane get w2:p4 --session fm-lab-x 
session list --json --session fm-lab-x 
session list --json --session fm-lab-x 
pane process-info --pane w2:p4 --session fm-lab-x 
pane process-info --pane w2:p4 --session fm-lab-x 
pane get w2:p4 --session fm-lab-x 
status --json 
status --json --session fm-lab-x 
workspace list --session fm-lab-x 
tab list --workspace w1 --session fm-lab-x 
tab create --workspace w1 --cwd /home/node/.no-mistakes/worktrees/450411b3e67c/01M47HX8Y8BQRSDDHWXNW190JH/.live-validation/project --label fm-shape --no-focus --session fm-lab-x 
status --json --session fm-lab-x 
pane run w1:p5 treehouse\ get --session fm-lab-x 
status --json --session fm-lab-x 
pane get w1:p5 --session fm-lab-x 
status --json --session fm-lab-x 
pane get w1:p5 --session fm-lab-x 
status --json --session fm-lab-x 
pane get w1:p5 --session fm-lab-x 
status --json --session fm-lab-x 
pane run w1:p5 cd\ --\ \'/home/node/.no-mistakes/worktrees/450411b3e67c/01M47HX8Y8BQRSDDHWXNW190JH/.live-validation/pool/.treehouse/project-997b52/1/project\' --session fm-lab-x 
status --json --session fm-lab-x 
pane get w1:p5 --session fm-lab-x 
pane process-info --pane w1:p5 --session fm-lab-x 
pane process-info --pane w1:p5 --session fm-lab-x 
status --json --session fm-lab-x 
pane process-info --pane w1:p5 --session fm-lab-x 
pane get w1:p5 --session fm-lab-x 
status --json --session fm-lab-x 
pane read w1:p5 --source recent --lines 200 --session fm-lab-x 
status --json --session fm-lab-x 
pane process-info --pane w1:p5 --session fm-lab-x 
status --json --session fm-lab-x 
pane read w1:p5 --source recent --lines 200 --session fm-lab-x 
status --json --session fm-lab-x 
pane process-info --pane w1:p5 --session fm-lab-x 
status --json --session fm-lab-x 
agent get w1:p5 --session fm-lab-x 
status --json --session fm-lab-x 
pane run w1:p5 export\ GOTMPDIR=\'/home/node/.no-mistakes/worktrees/450411b3e67c/01M47HX8Y8BQRSDDHWXNW190JH/.live-validation/main/state/shape.tasktmp/gotmp\' --session fm-lab-x 
status --json --session fm-lab-x 
pane run w1:p5 export\ COMPACT_ADVISER_DISABLE=1 --session fm-lab-x 
status --json --session fm-lab-x 
pane run w1:p5 export\ FM_TASK_ID=shape --session fm-lab-x 
status --json --session fm-lab-x 
pane send-text w1:p5 .\ \'/tmp/fm-shape+10ad743f3268ccec6a92a1845ca9f2b0b8d54bd437d1f2164ebcf43a1329702f/launch.s1791328466.986062.15962.sh\' --session fm-lab-x 
status --json --session fm-lab-x 
pane send-keys w1:p5 enter --session fm-lab-x 
pane get w1:p5 --session fm-lab-x 
session list --json --session fm-lab-x 
session list --json --session fm-lab-x 
pane process-info --pane w1:p5 --session fm-lab-x 
workspace list --session fm-lab-x 
tab list --workspace w1 --session fm-lab-x 
pane get w1:p5 --session fm-lab-x 
tab list --workspace w1 --session fm-lab-x 
pane close w1:p5 --session fm-lab-x 
pane get w1:p5 --session fm-lab-x 
workspace list --session fm-lab-x 
tab list --workspace w1 --session fm-lab-x 
pane process-info --pane w1:p5 --session fm-lab-x 
pane get w1:p5 --session fm-lab-x 
status --json --session fm-lab-x 
session list --json --session fm-lab-x 
workspace list --session fm-lab-x 
status --json 
status --json --session fm-lab-x 
workspace list --session fm-lab-x 
tab list --workspace w1 --session fm-lab-x 
workspace create --cwd /home/node/.no-mistakes/worktrees/450411b3e67c/01M47HX8Y8BQRSDDHWXNW190JH/.live-validation/project --label └\ shape\ ·\ p:pJCdpdibN4SY8JFMgJBkMw --no-focus --session fm-lab-x 
workspace list --session fm-lab-x 
tab list --workspace w1 --session fm-lab-x 
workspace list --session fm-lab-x 
tab list --workspace w1 --session fm-lab-x 
tab create --workspace w4 --cwd /home/node/.no-mistakes/worktrees/450411b3e67c/01M47HX8Y8BQRSDDHWXNW190JH/.live-validation/project --label fm-shape --no-focus --session fm-lab-x 
workspace list --session fm-lab-x 
tab list --workspace w1 --session fm-lab-x 
workspace list --session fm-lab-x 
tab list --workspace w1 --session fm-lab-x 
tab list --workspace w4 --session fm-lab-x 
pane list --workspace w4 --session fm-lab-x 
agent get w4:p1 --session fm-lab-x 
workspace list --session fm-lab-x 
tab list --workspace w1 --session fm-lab-x 
pane get w4:p1 --session fm-lab-x 
tab list --workspace w4 --session fm-lab-x 
terminal title clear --session fm-lab-x 
pane close w4:p1 --session fm-lab-x 
pane get w4:p1 --session fm-lab-x 
workspace list --session fm-lab-x 
tab list --workspace w1 --session fm-lab-x 
workspace list --session fm-lab-x 
tab list --workspace w1 --session fm-lab-x 
tab list --workspace w4 --session fm-lab-x 
pane list --workspace w4 --session fm-lab-x 
workspace list --session fm-lab-x 
status --json --session fm-lab-x 
api schema --json --session fm-lab-x 
session list --json --session fm-lab-x 
workspace list --session fm-lab-x 
tab list --workspace w1 --session fm-lab-x 
workspace list --session fm-lab-x 
tab list --workspace w1 --session fm-lab-x 
workspace list --session fm-lab-x 
status --json --session fm-lab-x 
pane run w4:p2 treehouse\ get --session fm-lab-x 
status --json --session fm-lab-x 
pane get w4:p2 --session fm-lab-x 
status --json --session fm-lab-x 
pane get w4:p2 --session fm-lab-x 
status --json --session fm-lab-x 
pane get w4:p2 --session fm-lab-x 
status --json --session fm-lab-x 
pane run w4:p2 cd\ --\ \'/home/node/.no-mistakes/worktrees/450411b3e67c/01M47HX8Y8BQRSDDHWXNW190JH/.live-validation/pool/.treehouse/project-997b52/1/project\' --session fm-lab-x 
status --json --session fm-lab-x 
pane get w4:p2 --session fm-lab-x 
pane process-info --pane w4:p2 --session fm-lab-x 
pane process-info --pane w4:p2 --session fm-lab-x 
pane get w4:p2 --session fm-lab-x 
status --json --session fm-lab-x 
pane process-info --pane w4:p2 --session fm-lab-x 
status --json --session fm-lab-x 
pane read w4:p2 --source recent --lines 200 --session fm-lab-x 
status --json --session fm-lab-x 
pane process-info --pane w4:p2 --session fm-lab-x 
status --json --session fm-lab-x 
pane read w4:p2 --source recent --lines 200 --session fm-lab-x 
status --json --session fm-lab-x 
pane process-info --pane w4:p2 --session fm-lab-x 
status --json --session fm-lab-x 
agent get w4:p2 --session fm-lab-x 
status --json --session fm-lab-x 
pane run w4:p2 export\ GOTMPDIR=\'/home/node/.no-mistakes/worktrees/450411b3e67c/01M47HX8Y8BQRSDDHWXNW190JH/.live-validation/main/state/shape.tasktmp/gotmp\' --session fm-lab-x 
status --json --session fm-lab-x 
pane run w4:p2 export\ COMPACT_ADVISER_DISABLE=1 --session fm-lab-x 
status --json --session fm-lab-x 
pane run w4:p2 export\ FM_TASK_ID=shape --session fm-lab-x 
status --json --session fm-lab-x 
pane send-text w4:p2 .\ \'/tmp/fm-shape+10ad743f3268ccec6a92a1845ca9f2b0b8d54bd437d1f2164ebcf43a1329702f/launch.s1791328488.997278.28525.sh\' --session fm-lab-x 
status --json --session fm-lab-x 
pane send-keys w4:p2 enter --session fm-lab-x 
pane process-info --pane w4:p2 --session fm-lab-x 
status --json --session fm-lab-x 
pane process-info --pane w4:p2 --session fm-lab-x 
status --json --session fm-lab-x 
pane read w4:p2 --source recent --lines 200 --session fm-lab-x 
pane get w4:p2 --session fm-lab-x 
session list --json --session fm-lab-x 
session list --json --session fm-lab-x 
workspace list --session fm-lab-x 
pane process-info --pane w4:p2 --session fm-lab-x 
workspace list --session fm-lab-x 
tab list --workspace w1 --session fm-lab-x 
pane get w4:p2 --session fm-lab-x 
tab list --workspace w4 --session fm-lab-x 
pane list --workspace w4 --session fm-lab-x 
workspace list --session fm-lab-x 
pane process-info --pane w4:p2 --session fm-lab-x 
terminal title clear --session fm-lab-x 
pane get w4:p2 --session fm-lab-x 
workspace list --session fm-lab-x 
tab list --workspace w1 --session fm-lab-x 
pane get w4:p2 --session fm-lab-x 
pane process-info --pane w4:p2 --session fm-lab-x 
pane get w4:p2 --session fm-lab-x 
pane process-info --pane w1:p6 --session fm-lab-x 
pane process-info --pane w1:p6 --session fm-lab-x 
pane get w1:p6 --session fm-lab-x 
status --json --session fm-lab-x 
status --json --session fm-lab-x 
pane process-info --pane w1:p6 --session fm-lab-x 
status --json --session fm-lab-x 
pane process-info --pane w1:p6 --session fm-lab-x 
pane process-info --pane w1:p6 --session fm-lab-x 
pane process-info --pane w1:p6 --session fm-lab-x 
pane get w1:p6 --session fm-lab-x 
pane process-info --pane w1:p6 --session fm-lab-x 
pane get w1:p6 --session fm-lab-x 
status --json 
status --json --session fm-lab-x 
workspace list --session fm-lab-x 
workspace create --cwd /home/node/.no-mistakes/worktrees/450411b3e67c/01M47HX8Y8BQRSDDHWXNW190JH/.live-validation/project --label firstmate --no-focus --session fm-lab-x 
tab list --workspace w1 --session fm-lab-x 
tab create --workspace w1 --cwd /home/node/.no-mistakes/worktrees/450411b3e67c/01M47HX8Y8BQRSDDHWXNW190JH/.live-validation/project --label fm-mine --no-focus --session fm-lab-x 
tab list --workspace w1 --session fm-lab-x 
pane list --workspace w1 --session fm-lab-x 
agent get w1:p1 --session fm-lab-x 
pane close w1:p1 --session fm-lab-x 
status --json --session fm-lab-x 
pane run w1:p2 treehouse\ get --session fm-lab-x 
status --json --session fm-lab-x 
pane get w1:p2 --session fm-lab-x 
status --json --session fm-lab-x 
pane get w1:p2 --session fm-lab-x 
status --json --session fm-lab-x 
pane run w1:p2 cd\ --\ \'/home/node/.no-mistakes/worktrees/450411b3e67c/01M47HX8Y8BQRSDDHWXNW190JH/.live-validation/pool/.treehouse/project-997b52/1/project\' --session fm-lab-x 
status --json --session fm-lab-x 
pane get w1:p2 --session fm-lab-x 
pane process-info --pane w1:p2 --session fm-lab-x 
pane process-info --pane w1:p2 --session fm-lab-x 
pane get w1:p2 --session fm-lab-x 
status --json --session fm-lab-x 
pane process-info --pane w1:p2 --session fm-lab-x 
status --json --session fm-lab-x 
pane read w1:p2 --source recent --lines 200 --session fm-lab-x 
status --json --session fm-lab-x 
pane process-info --pane w1:p2 --session fm-lab-x 
status --json --session fm-lab-x 
pane read w1:p2 --source recent --lines 200 --session fm-lab-x 
status --json --session fm-lab-x 
pane process-info --pane w1:p2 --session fm-lab-x 
status --json --session fm-lab-x 
agent get w1:p2 --session fm-lab-x 
status --json --session fm-lab-x 
pane run w1:p2 export\ GOTMPDIR=\'/home/node/.no-mistakes/worktrees/450411b3e67c/01M47HX8Y8BQRSDDHWXNW190JH/.live-validation/main/state/mine.tasktmp/gotmp\' --session fm-lab-x 
status --json --session fm-lab-x 
pane run w1:p2 export\ COMPACT_ADVISER_DISABLE=1 --session fm-lab-x 
status --json --session fm-lab-x 
pane run w1:p2 export\ FM_TASK_ID=mine --session fm-lab-x 
status --json --session fm-lab-x 
pane send-text w1:p2 .\ \'/tmp/fm-mine+10ad743f3268ccec6a92a1845ca9f2b0b8d54bd437d1f2164ebcf43a1329702f/launch.s1791328627.1076964.17510.sh\' --session fm-lab-x 
status --json --session fm-lab-x 
pane send-keys w1:p2 enter --session fm-lab-x 
status --json 
status --json --session fm-lab-x 
workspace list --session fm-lab-x 
workspace create --cwd /home/node/.no-mistakes/worktrees/450411b3e67c/01M47HX8Y8BQRSDDHWXNW190JH/.live-validation/project --label 2ndmate-mate --no-focus --session fm-lab-x 
tab list --workspace w2 --session fm-lab-x 
tab create --workspace w2 --cwd /home/node/.no-mistakes/worktrees/450411b3e67c/01M47HX8Y8BQRSDDHWXNW190JH/.live-validation/project --label fm-kid --no-focus --session fm-lab-x 
tab list --workspace w2 --session fm-lab-x 
pane list --workspace w2 --session fm-lab-x 
agent get w2:p1 --session fm-lab-x 
pane close w2:p1 --session fm-lab-x 
status --json --session fm-lab-x 
pane run w2:p2 treehouse\ get --session fm-lab-x 
status --json --session fm-lab-x 
pane get w2:p2 --session fm-lab-x 
status --json --session fm-lab-x 
pane get w2:p2 --session fm-lab-x 
status --json --session fm-lab-x 
pane run w2:p2 cd\ --\ \'/home/node/.no-mistakes/worktrees/450411b3e67c/01M47HX8Y8BQRSDDHWXNW190JH/.live-validation/pool/.treehouse/project-997b52/2/project\' --session fm-lab-x 
status --json --session fm-lab-x 
pane get w2:p2 --session fm-lab-x 
pane process-info --pane w2:p2 --session fm-lab-x 
pane process-info --pane w2:p2 --session fm-lab-x 
pane get w2:p2 --session fm-lab-x 
status --json --session fm-lab-x 
pane process-info --pane w2:p2 --session fm-lab-x 
status --json --session fm-lab-x 
pane read w2:p2 --source recent --lines 200 --session fm-lab-x 
status --json --session fm-lab-x 
pane process-info --pane w2:p2 --session fm-lab-x 
status --json --session fm-lab-x 
pane read w2:p2 --source recent --lines 200 --session fm-lab-x 
status --json --session fm-lab-x 
pane process-info --pane w2:p2 --session fm-lab-x 
status --json --session fm-lab-x 
agent get w2:p2 --session fm-lab-x 
status --json --session fm-lab-x 
pane run w2:p2 export\ GOTMPDIR=\'/home/node/.no-mistakes/worktrees/450411b3e67c/01M47HX8Y8BQRSDDHWXNW190JH/.live-validation/child/state/kid.tasktmp/gotmp\' --session fm-lab-x 
status --json --session fm-lab-x 
pane run w2:p2 export\ COMPACT_ADVISER_DISABLE=1 --session fm-lab-x 
status --json --session fm-lab-x 
pane run w2:p2 export\ FM_TASK_ID=kid --session fm-lab-x 
status --json --session fm-lab-x 
pane send-text w2:p2 .\ \'/tmp/fm-kid+3b31baf3acdd0ddc6a9114977185c50abfffaf1c19b20a31ef7686db2b2dd3b2/launch.s1791328636.1086433.20894.sh\' --session fm-lab-x 
status --json --session fm-lab-x 
pane send-keys w2:p2 enter --session fm-lab-x 
pane process-info --pane w1:p2 --session fm-lab-x 
pane process-info --pane w2:p2 --session fm-lab-x 
pane process-info --pane w1:p2 --session fm-lab-x 
pane get w1:p2 --session fm-lab-x 
status --json --session fm-lab-x 
pane process-info --pane w1:p2 --session fm-lab-x 
status --json --session fm-lab-x 
pane read w1:p2 --source recent --lines 200 --session fm-lab-x 
pane process-info --pane w1:p2 --session fm-lab-x 
pane get w1:p2 --session fm-lab-x 
status --json --session fm-lab-x 
pane process-info --pane w1:p2 --session fm-lab-x 
status --json --session fm-lab-x 
pane send-keys w1:p2 enter --session fm-lab-x 
status --json --session fm-lab-x 
pane process-info --pane w1:p2 --session fm-lab-x 
status --json --session fm-lab-x 
pane read w1:p2 --source recent --lines 200 --session fm-lab-x 
pane get w1:p2 --session fm-lab-x 
agent get w1:p2 --session fm-lab-x 
pane process-info --pane w1:p2 --session fm-lab-x 
pane process-info --pane w1:p2 --session fm-lab-x 
pane process-info --pane w1:p2 --session fm-lab-x 
status --json --session fm-lab-x 
pane process-info --pane w1:p2 --session fm-lab-x 
status --json --session fm-lab-x 
pane process-info --pane w1:p2 --session fm-lab-x 
status --json --session fm-lab-x 
pane process-info --pane w1:p2 --session fm-lab-x 
pane process-info --pane w1:p2 --session fm-lab-x 
pane process-info --pane w1:p2 --session fm-lab-x 
pane process-info --pane w2:p2 --session fm-lab-x 
pane process-info --pane w2:p2 --session fm-lab-x 
pane process-info --pane w2:p2 --session fm-lab-x 
status --json --session fm-lab-x 
pane process-info --pane w2:p2 --session fm-lab-x 
status --json --session fm-lab-x 
pane process-info --pane w2:p2 --session fm-lab-x 
status --json --session fm-lab-x 
pane process-info --pane w2:p2 --session fm-lab-x 
pane process-info --pane w2:p2 --session fm-lab-x 
pane process-info --pane w2:p2 --session fm-lab-x 
pane process-info --pane w1:p2 --session fm-lab-x 
pane process-info --pane w1:p2 --session fm-lab-x 
pane process-info --pane w1:p2 --session fm-lab-x 
pane get w1:p2 --session fm-lab-x 
pane get w1:p2 --session fm-lab-x 
status --json --session fm-lab-x 
pane get w1:p2 --session fm-lab-x 
status --json --session fm-lab-x 
pane read w1:p2 --source recent --lines 200 --session fm-lab-x 
pane process-info --pane w1:p2 --session fm-lab-x 
pane process-info --pane w1:p2 --session fm-remote 
status --json --session fm-remote 
pane process-info --pane w1:p2 --session fm-remote 
status --json --session fm-remote 
pane process-info --pane w1:p2 --session fm-remote 
status --json --session fm-remote 
pane process-info --pane w1:p2 --session fm-remote 
pane process-info --pane w1:p2 --session fm-remote 
pane process-info --pane w1:p2 --session fm-lab-x 
status --json --session fm-lab-x 
pane process-info --pane w1:p2 --session fm-lab-x 
status --json 
status --json --session fm-lab-x 
workspace list --session fm-lab-x 
tab list --workspace w1 --session fm-lab-x 
pane list --workspace w1 --session fm-lab-x 
pane process-info --pane w1:p2 --session fm-lab-x 
tab create --workspace w1 --cwd /home/node/.no-mistakes/worktrees/450411b3e67c/01M47HX8Y8BQRSDDHWXNW190JH/.live-validation/pool/.treehouse/project-997b52/1/project --label fm-mine --no-focus --session fm-lab-x 
status --json --session fm-lab-x 
pane get w1:p3 --session fm-lab-x 
status --json --session fm-lab-x 
pane run w1:p3 cd\ --\ \'/home/node/.no-mistakes/worktrees/450411b3e67c/01M47HX8Y8BQRSDDHWXNW190JH/.live-validation/pool/.treehouse/project-997b52/1/project\' --session fm-lab-x 
status --json --session fm-lab-x 
pane get w1:p3 --session fm-lab-x 
pane process-info --pane w1:p3 --session fm-lab-x 
pane process-info --pane w1:p3 --session fm-lab-x 
pane get w1:p3 --session fm-lab-x 
status --json --session fm-lab-x 
pane process-info --pane w1:p3 --session fm-lab-x 
status --json --session fm-lab-x 
pane read w1:p3 --source recent --lines 200 --session fm-lab-x 
status --json --session fm-lab-x 
pane process-info --pane w1:p3 --session fm-lab-x 
status --json --session fm-lab-x 
pane read w1:p3 --source recent --lines 200 --session fm-lab-x 
status --json --session fm-lab-x 
pane process-info --pane w1:p3 --session fm-lab-x 
status --json --session fm-lab-x 
agent get w1:p3 --session fm-lab-x 
agent get w1:p3 --session fm-lab-x 
status --json --session fm-lab-x 
pane run w1:p3 export\ GOTMPDIR=\'/home/node/.no-mistakes/worktrees/450411b3e67c/01M47HX8Y8BQRSDDHWXNW190JH/.live-validation/main/state/mine.tasktmp/gotmp\' --session fm-lab-x 
status --json --session fm-lab-x 
pane run w1:p3 export\ COMPACT_ADVISER_DISABLE=1 --session fm-lab-x 
status --json --session fm-lab-x 
pane run w1:p3 export\ FM_TASK_ID=mine --session fm-lab-x 
status --json --session fm-lab-x 
pane send-text w1:p3 .\ \'/tmp/fm-mine+10ad743f3268ccec6a92a1845ca9f2b0b8d54bd437d1f2164ebcf43a1329702f/launch.s1791328649.1096722.24892.sh\' --session fm-lab-x 
status --json --session fm-lab-x 
pane send-keys w1:p3 enter --session fm-lab-x 
pane process-info --pane w1:p3 --session fm-lab-x 
pane process-info --pane w1:p3 --session fm-lab-x 
pane get w1:p3 --session fm-lab-x 
status --json --session fm-lab-x 
pane process-info --pane w1:p3 --session fm-lab-x 
status --json --session fm-lab-x 
pane read w1:p3 --source recent --lines 200 --session fm-lab-x 
pane process-info --pane w2:p2 --session fm-lab-x 
status --json --session fm-lab-x 
pane process-info --pane w2:p2 --session fm-lab-x 
status --json 
status --json --session fm-lab-x 
workspace list --session fm-lab-x 
tab list --workspace w2 --session fm-lab-x 
pane list --workspace w2 --session fm-lab-x 
pane process-info --pane w2:p2 --session fm-lab-x 
tab create --workspace w2 --cwd /home/node/.no-mistakes/worktrees/450411b3e67c/01M47HX8Y8BQRSDDHWXNW190JH/.live-validation/pool/.treehouse/project-997b52/2/project --label fm-kid --no-focus --session fm-lab-x 
status --json --session fm-lab-x 
pane get w2:p3 --session fm-lab-x 
status --json --session fm-lab-x 
pane run w2:p3 cd\ --\ \'/home/node/.no-mistakes/worktrees/450411b3e67c/01M47HX8Y8BQRSDDHWXNW190JH/.live-validation/pool/.treehouse/project-997b52/2/project\' --session fm-lab-x 
status --json --session fm-lab-x 
pane get w2:p3 --session fm-lab-x 
pane process-info --pane w2:p3 --session fm-lab-x 
pane process-info --pane w2:p3 --session fm-lab-x 
pane get w2:p3 --session fm-lab-x 
status --json --session fm-lab-x 
pane process-info --pane w2:p3 --session fm-lab-x 
status --json --session fm-lab-x 
pane read w2:p3 --source recent --lines 200 --session fm-lab-x 
status --json --session fm-lab-x 
pane process-info --pane w2:p3 --session fm-lab-x 
status --json --session fm-lab-x 
pane read w2:p3 --source recent --lines 200 --session fm-lab-x 
status --json --session fm-lab-x 
pane process-info --pane w2:p3 --session fm-lab-x 
status --json --session fm-lab-x 
agent get w2:p3 --session fm-lab-x 
agent get w2:p3 --session fm-lab-x 
status --json --session fm-lab-x 
pane run w2:p3 export\ GOTMPDIR=\'/home/node/.no-mistakes/worktrees/450411b3e67c/01M47HX8Y8BQRSDDHWXNW190JH/.live-validation/child/state/kid.tasktmp/gotmp\' --session fm-lab-x 
status --json --session fm-lab-x 
pane run w2:p3 export\ COMPACT_ADVISER_DISABLE=1 --session fm-lab-x 
status --json --session fm-lab-x 
pane run w2:p3 export\ FM_TASK_ID=kid --session fm-lab-x 
status --json --session fm-lab-x 
pane send-text w2:p3 .\ \'/tmp/fm-kid+3b31baf3acdd0ddc6a9114977185c50abfffaf1c19b20a31ef7686db2b2dd3b2/launch.s1791328656.1102883.11031.sh\' --session fm-lab-x 
status --json --session fm-lab-x 
pane send-keys w2:p3 enter --session fm-lab-x 
pane process-info --pane w2:p3 --session fm-lab-x 
pane process-info --pane w2:p3 --session fm-lab-x 
pane get w2:p3 --session fm-lab-x 
status --json --session fm-lab-x 
pane process-info --pane w2:p3 --session fm-lab-x 
status --json --session fm-lab-x 
pane read w2:p3 --source recent --lines 200 --session fm-lab-x 
pane process-info --pane w1:p3 --session fm-lab-x 
pane get w1:p3 --session fm-lab-x 
status --json --session fm-lab-x 
status --json --session fm-lab-x 
server --session fm-lab-x 
status --json --session fm-lab-x 
status --json --session fm-lab-x 
pane process-info --pane w1:p3 --session fm-lab-x 
pane process-info --pane w1:p3 --session fm-lab-x 
status --json --session fm-lab-x 
pane process-info --pane w1:p3 --session fm-lab-x 
status --json 
status --json --session fm-lab-x 
workspace list --session fm-lab-x 
tab list --workspace w1 --session fm-lab-x 
pane list --workspace w1 --session fm-lab-x 
pane list --workspace w1 --session fm-lab-x 
pane process-info --pane w1:p3 --session fm-lab-x 
tab create --workspace w1 --cwd /home/node/.no-mistakes/worktrees/450411b3e67c/01M47HX8Y8BQRSDDHWXNW190JH/.live-validation/pool/.treehouse/project-997b52/1/project --label fm-mine --no-focus --session fm-lab-x 
status --json --session fm-lab-x 
pane get w1:p4 --session fm-lab-x 
status --json --session fm-lab-x 
pane run w1:p4 cd\ --\ \'/home/node/.no-mistakes/worktrees/450411b3e67c/01M47HX8Y8BQRSDDHWXNW190JH/.live-validation/pool/.treehouse/project-997b52/1/project\' --session fm-lab-x 
status --json --session fm-lab-x 
pane get w1:p4 --session fm-lab-x 
pane process-info --pane w1:p4 --session fm-lab-x 
pane process-info --pane w1:p4 --session fm-lab-x 
pane get w1:p4 --session fm-lab-x 
status --json --session fm-lab-x 
pane process-info --pane w1:p4 --session fm-lab-x 
status --json --session fm-lab-x 
pane read w1:p4 --source recent --lines 200 --session fm-lab-x 
status --json --session fm-lab-x 
pane process-info --pane w1:p4 --session fm-lab-x 
status --json --session fm-lab-x 
pane read w1:p4 --source recent --lines 200 --session fm-lab-x 
status --json --session fm-lab-x 
pane process-info --pane w1:p4 --session fm-lab-x 
status --json --session fm-lab-x 
agent get w1:p4 --session fm-lab-x 
agent get w1:p4 --session fm-lab-x 
status --json --session fm-lab-x 
pane run w1:p4 export\ GOTMPDIR=\'/home/node/.no-mistakes/worktrees/450411b3e67c/01M47HX8Y8BQRSDDHWXNW190JH/.live-validation/main/state/mine.tasktmp/gotmp\' --session fm-lab-x 
status --json --session fm-lab-x 
pane run w1:p4 export\ COMPACT_ADVISER_DISABLE=1 --session fm-lab-x 
status --json --session fm-lab-x 
pane run w1:p4 export\ FM_TASK_ID=mine --session fm-lab-x 
status --json --session fm-lab-x 
pane send-text w1:p4 .\ \'/tmp/fm-mine+10ad743f3268ccec6a92a1845ca9f2b0b8d54bd437d1f2164ebcf43a1329702f/launch.s1791328673.1109217.7913.sh\' --session fm-lab-x 
status --json --session fm-lab-x 
pane send-keys w1:p4 enter --session fm-lab-x 
pane process-info --pane w2:p3 --session fm-lab-x 
status --json --session fm-lab-x 
pane process-info --pane w2:p3 --session fm-lab-x 
status --json 
status --json --session fm-lab-x 
workspace list --session fm-lab-x 
tab list --workspace w2 --session fm-lab-x 
pane list --workspace w2 --session fm-lab-x 
pane list --workspace w2 --session fm-lab-x 
pane process-info --pane w2:p3 --session fm-lab-x 
tab create --workspace w2 --cwd /home/node/.no-mistakes/worktrees/450411b3e67c/01M47HX8Y8BQRSDDHWXNW190JH/.live-validation/pool/.treehouse/project-997b52/2/project --label fm-kid --no-focus --session fm-lab-x 
status --json --session fm-lab-x 
pane get w2:p4 --session fm-lab-x 
status --json --session fm-lab-x 
pane run w2:p4 cd\ --\ \'/home/node/.no-mistakes/worktrees/450411b3e67c/01M47HX8Y8BQRSDDHWXNW190JH/.live-validation/pool/.treehouse/project-997b52/2/project\' --session fm-lab-x 
status --json --session fm-lab-x 
pane get w2:p4 --session fm-lab-x 
pane process-info --pane w2:p4 --session fm-lab-x 
pane process-info --pane w2:p4 --session fm-lab-x 
pane get w2:p4 --session fm-lab-x 
status --json --session fm-lab-x 
pane process-info --pane w2:p4 --session fm-lab-x 
status --json --session fm-lab-x 
pane read w2:p4 --source recent --lines 200 --session fm-lab-x 
status --json --session fm-lab-x 
pane process-info --pane w2:p4 --session fm-lab-x 
status --json --session fm-lab-x 
pane read w2:p4 --source recent --lines 200 --session fm-lab-x 
status --json --session fm-lab-x 
pane process-info --pane w2:p4 --session fm-lab-x 
status --json --session fm-lab-x 
agent get w2:p4 --session fm-lab-x 
agent get w2:p4 --session fm-lab-x 
status --json --session fm-lab-x 
pane run w2:p4 export\ GOTMPDIR=\'/home/node/.no-mistakes/worktrees/450411b3e67c/01M47HX8Y8BQRSDDHWXNW190JH/.live-validation/child/state/kid.tasktmp/gotmp\' --session fm-lab-x 
status --json --session fm-lab-x 
pane run w2:p4 export\ COMPACT_ADVISER_DISABLE=1 --session fm-lab-x 
status --json --session fm-lab-x 
pane run w2:p4 export\ FM_TASK_ID=kid --session fm-lab-x 
status --json --session fm-lab-x 
pane send-text w2:p4 .\ \'/tmp/fm-kid+3b31baf3acdd0ddc6a9114977185c50abfffaf1c19b20a31ef7686db2b2dd3b2/launch.s1791328698.1121912.17093.sh\' --session fm-lab-x 
status --json --session fm-lab-x 
pane send-keys w2:p4 enter --session fm-lab-x 
status --json --session fm-lab-x 
session list --json --session fm-lab-x 
workspace list --session fm-lab-x 
status --json 
status --json --session fm-lab-x 
workspace list --session fm-lab-x 
tab list --workspace w1 --session fm-lab-x 
workspace create --cwd /home/node/.no-mistakes/worktrees/450411b3e67c/01M47HX8Y8BQRSDDHWXNW190JH/.live-validation/project --label └\ abort-b\ ·\ p:SiqNaFBeCBrpaiL9hnNm7w --no-focus --session fm-lab-x 
workspace list --session fm-lab-x 
tab list --workspace w1 --session fm-lab-x 
workspace list --session fm-lab-x 
tab list --workspace w1 --session fm-lab-x 
tab create --workspace w3 --cwd /home/node/.no-mistakes/worktrees/450411b3e67c/01M47HX8Y8BQRSDDHWXNW190JH/.live-validation/project --label fm-abort-b --no-focus --session fm-lab-x 
workspace list --session fm-lab-x 
tab list --workspace w1 --session fm-lab-x 
workspace list --session fm-lab-x 
tab list --workspace w1 --session fm-lab-x 
tab list --workspace w3 --session fm-lab-x 
pane list --workspace w3 --session fm-lab-x 
agent get w3:p1 --session fm-lab-x 
workspace list --session fm-lab-x 
tab list --workspace w1 --session fm-lab-x 
pane get w3:p1 --session fm-lab-x 
tab list --workspace w3 --session fm-lab-x 
terminal title clear --session fm-lab-x 
pane close w3:p1 --session fm-lab-x 
pane get w3:p1 --session fm-lab-x 
workspace list --session fm-lab-x 
tab list --workspace w1 --session fm-lab-x 
workspace list --session fm-lab-x 
tab list --workspace w1 --session fm-lab-x 
tab list --workspace w3 --session fm-lab-x 
pane list --workspace w3 --session fm-lab-x 
workspace list --session fm-lab-x 
status --json --session fm-lab-x 
api schema --json --session fm-lab-x 
session list --json --session fm-lab-x 
workspace list --session fm-lab-x 
tab list --workspace w1 --session fm-lab-x 
workspace list --session fm-lab-x 
tab list --workspace w1 --session fm-lab-x 
workspace list --session fm-lab-x 
status --json --session fm-lab-x 
pane run w3:p2 treehouse\ get --session fm-lab-x 
status --json --session fm-lab-x 
pane get w3:p2 --session fm-lab-x 
status --json --session fm-lab-x 
pane get w3:p2 --session fm-lab-x 
status --json --session fm-lab-x 
pane get w3:p2 --session fm-lab-x 
status --json --session fm-lab-x 
pane get w3:p2 --session fm-lab-x 
status --json --session fm-lab-x 
pane get w3:p2 --session fm-lab-x 
status --json --session fm-lab-x 
pane get w3:p2 --session fm-lab-x 
status --json --session fm-lab-x 
pane get w3:p2 --session fm-lab-x 
status --json --session fm-lab-x 
pane get w3:p2 --session fm-lab-x 
status --json --session fm-lab-x 
pane get w3:p2 --session fm-lab-x 
status --json --session fm-lab-x 
pane get w3:p2 --session fm-lab-x 
status --json --session fm-lab-x 
pane get w3:p2 --session fm-lab-x 
status --json --session fm-lab-x 
pane get w3:p2 --session fm-lab-x 
status --json --session fm-lab-x 
pane get w3:p2 --session fm-lab-x 
status --json --session fm-lab-x 
pane get w3:p2 --session fm-lab-x 
status --json --session fm-lab-x 
pane get w3:p2 --session fm-lab-x 
status --json --session fm-lab-x 
pane get w3:p2 --session fm-lab-x 
status --json --session fm-lab-x 
pane get w3:p2 --session fm-lab-x 
status --json --session fm-lab-x 
pane get w3:p2 --session fm-lab-x 
status --json --session fm-lab-x 
pane get w3:p2 --session fm-lab-x 
status --json --session fm-lab-x 
pane get w3:p2 --session fm-lab-x 
status --json --session fm-lab-x 
pane get w3:p2 --session fm-lab-x 
status --json --session fm-lab-x 
pane get w3:p2 --session fm-lab-x 
status --json --session fm-lab-x 
pane get w3:p2 --session fm-lab-x 
status --json --session fm-lab-x 
pane get w3:p2 --session fm-lab-x 
status --json --session fm-lab-x 
pane get w3:p2 --session fm-lab-x 
status --json --session fm-lab-x 
pane get w3:p2 --session fm-lab-x 
status --json --session fm-lab-x 
pane get w3:p2 --session fm-lab-x 
status --json --session fm-lab-x 
pane get w3:p2 --session fm-lab-x 
status --json --session fm-lab-x 
pane get w3:p2 --session fm-lab-x 
status --json --session fm-lab-x 
pane get w3:p2 --session fm-lab-x 
status --json --session fm-lab-x 
pane get w3:p2 --session fm-lab-x 
status --json --session fm-lab-x 
pane get w3:p2 --session fm-lab-x 
status --json --session fm-lab-x 
pane get w3:p2 --session fm-lab-x 
status --json --session fm-lab-x 
pane get w3:p2 --session fm-lab-x 
status --json --session fm-lab-x 
pane get w3:p2 --session fm-lab-x 
status --json --session fm-lab-x 
pane get w3:p2 --session fm-lab-x 
status --json --session fm-lab-x 
pane get w3:p2 --session fm-lab-x 
status --json --session fm-lab-x 
pane get w3:p2 --session fm-lab-x 
status --json --session fm-lab-x 
pane get w3:p2 --session fm-lab-x 
status --json --session fm-lab-x 
pane get w3:p2 --session fm-lab-x 
status --json --session fm-lab-x 
pane get w3:p2 --session fm-lab-x 
status --json --session fm-lab-x 
pane get w3:p2 --session fm-lab-x 
status --json --session fm-lab-x 
pane get w3:p2 --session fm-lab-x 
status --json --session fm-lab-x 
pane get w3:p2 --session fm-lab-x 
status --json --session fm-lab-x 
pane get w3:p2 --session fm-lab-x 
status --json --session fm-lab-x 
pane get w3:p2 --session fm-lab-x 
status --json --session fm-lab-x 
pane get w3:p2 --session fm-lab-x 
status --json --session fm-lab-x 
pane get w3:p2 --session fm-lab-x 
status --json --session fm-lab-x 
pane get w3:p2 --session fm-lab-x 
status --json --session fm-lab-x 
pane get w3:p2 --session fm-lab-x 
status --json --session fm-lab-x 
pane get w3:p2 --session fm-lab-x 
status --json --session fm-lab-x 
pane get w3:p2 --session fm-lab-x 
status --json --session fm-lab-x 
pane get w3:p2 --session fm-lab-x 
status --json --session fm-lab-x 
pane get w3:p2 --session fm-lab-x 
status --json --session fm-lab-x 
pane get w3:p2 --session fm-lab-x 
status --json --session fm-lab-x 
pane get w3:p2 --session fm-lab-x 
status --json --session fm-lab-x 
pane get w3:p2 --session fm-lab-x 
status --json --session fm-lab-x 
pane get w3:p2 --session fm-lab-x 
status --json --session fm-lab-x 
pane get w3:p2 --session fm-lab-x 
