HERDR command: server --session fm-lab-e2
FM_SNAPSHOT_SCOPED_ENV=1
FM_CREW_STATE_META_OVERRIDE=planted-FM_CREW_STATE_META_OVERRIDE
FM_CREW_STATE_STATUS_OVERRIDE=planted-FM_CREW_STATE_STATUS_OVERRIDE
FM_HOME_SUMMARY_IF_IDLE=planted-FM_HOME_SUMMARY_IF_IDLE
FM_HOME_SUMMARY_WORKER_BEST_EFFORT=planted-FM_HOME_SUMMARY_WORKER_BEST_EFFORT
FM_HOME_SUMMARY_PARENT_ERROR=planted-FM_HOME_SUMMARY_PARENT_ERROR
FM_HOME_SUMMARY_PARENT_STAMP=planted-FM_HOME_SUMMARY_PARENT_STAMP
FM_ROOT_OVERRIDE=planted-FM_ROOT_OVERRIDE
FM_STATE_OVERRIDE=planted-FM_STATE_OVERRIDE
FM_DATA_OVERRIDE=planted-FM_DATA_OVERRIDE
FM_PROJECTS_OVERRIDE=planted-FM_PROJECTS_OVERRIDE
FM_CONFIG_OVERRIDE=planted-FM_CONFIG_OVERRIDE
FM_HOME=/home/node/.no-mistakes/worktrees/450411b3e67c/01M48AGCET15Z951PCQ4YNDYRJ/.v/read-home
HERDR command: status --json --session fm-lab-e2
FM_SNAPSHOT_SCOPED_ENV=1
FM_CREW_STATE_META_OVERRIDE=planted-FM_CREW_STATE_META_OVERRIDE
FM_CREW_STATE_STATUS_OVERRIDE=planted-FM_CREW_STATE_STATUS_OVERRIDE
FM_HOME_SUMMARY_IF_IDLE=planted-FM_HOME_SUMMARY_IF_IDLE
FM_HOME_SUMMARY_WORKER_BEST_EFFORT=planted-FM_HOME_SUMMARY_WORKER_BEST_EFFORT
FM_HOME_SUMMARY_PARENT_ERROR=planted-FM_HOME_SUMMARY_PARENT_ERROR
FM_HOME_SUMMARY_PARENT_STAMP=planted-FM_HOME_SUMMARY_PARENT_STAMP
FM_ROOT_OVERRIDE=planted-FM_ROOT_OVERRIDE
FM_STATE_OVERRIDE=planted-FM_STATE_OVERRIDE
FM_DATA_OVERRIDE=planted-FM_DATA_OVERRIDE
FM_PROJECTS_OVERRIDE=planted-FM_PROJECTS_OVERRIDE
FM_CONFIG_OVERRIDE=planted-FM_CONFIG_OVERRIDE
FM_HOME=/home/node/.no-mistakes/worktrees/450411b3e67c/01M48AGCET15Z951PCQ4YNDYRJ/.v/read-home
HERDR command: workspace create --cwd /home/node/.no-mistakes/worktrees/450411b3e67c/01M48AGCET15Z951PCQ4YNDYRJ --label baseline --no-focus --session fm-lab-e2
FM_HOME=/home/node/.no-mistakes/worktrees/450411b3e67c/01M48AGCET15Z951PCQ4YNDYRJ/.v/read-home
HERDR command: pane process-info --pane w1:p1 --session fm-lab-e2
FM_HOME=/home/node/.no-mistakes/worktrees/450411b3e67c/01M48AGCET15Z951PCQ4YNDYRJ/.v/read-home
HERDR command: session stop fm-lab-e2 --json --session fm-lab-e2
FM_HOME=/home/node/.no-mistakes/worktrees/450411b3e67c/01M48AGCET15Z951PCQ4YNDYRJ/.v/read-home
HERDR command: session delete fm-lab-e2 --json --session fm-lab-e2
FM_HOME=/home/node/.no-mistakes/worktrees/450411b3e67c/01M48AGCET15Z951PCQ4YNDYRJ/.v/read-home
HERDR command: server --session fm-lab-e2
FM_HOME=/home/node/.no-mistakes/worktrees/450411b3e67c/01M48AGCET15Z951PCQ4YNDYRJ/.v/read-home
HERDR command: status --json --session fm-lab-e2
FM_HOME=/home/node/.no-mistakes/worktrees/450411b3e67c/01M48AGCET15Z951PCQ4YNDYRJ/.v/read-home
HERDR command: workspace create --cwd /home/node/.no-mistakes/worktrees/450411b3e67c/01M48AGCET15Z951PCQ4YNDYRJ --label clean --no-focus --session fm-lab-e2
FM_HOME=/home/node/.no-mistakes/worktrees/450411b3e67c/01M48AGCET15Z951PCQ4YNDYRJ/.v/read-home
HERDR command: pane process-info --pane w1:p1 --session fm-lab-e2
FM_HOME=/home/node/.no-mistakes/worktrees/450411b3e67c/01M48AGCET15Z951PCQ4YNDYRJ/.v/read-home
HERDR command: status --json --session fm-lab-e2
FM_HOME=/home/node/.no-mistakes/worktrees/450411b3e67c/01M48AGCET15Z951PCQ4YNDYRJ/.v/read-home
HERDR command: pane read w1:p1 --source recent --lines 200 --session fm-lab-e2
FM_HOME=/home/node/.no-mistakes/worktrees/450411b3e67c/01M48AGCET15Z951PCQ4YNDYRJ/.v/read-home
HERDR command: status --json --session fm-lab-e2
FM_HOME=/home/node/.no-mistakes/worktrees/450411b3e67c/01M48AGCET15Z951PCQ4YNDYRJ/.v/read-home
HERDR command: pane read w1:p1 --source recent --lines 200 --session fm-lab-e2
FM_HOME=/home/node/.no-mistakes/worktrees/450411b3e67c/01M48AGCET15Z951PCQ4YNDYRJ/.v/read-home
HERDR command: status --json --session fm-lab-e2
FM_HOME=/home/node/.no-mistakes/worktrees/450411b3e67c/01M48AGCET15Z951PCQ4YNDYRJ/.v/read-home
HERDR command: agent get w1:p1 --session fm-lab-e2
FM_HOME=/home/node/.no-mistakes/worktrees/450411b3e67c/01M48AGCET15Z951PCQ4YNDYRJ/.v/read-home
HERDR command: session stop fm-lab-e2 --json --session fm-lab-e2
FM_HOME=/home/node/.no-mistakes/worktrees/450411b3e67c/01M48AGCET15Z951PCQ4YNDYRJ/.v/read-home
HERDR command: session delete fm-lab-e2 --json --session fm-lab-e2
FM_HOME=/home/node/.no-mistakes/worktrees/450411b3e67c/01M48AGCET15Z951PCQ4YNDYRJ/.v/read-home
HERDR command: server --session fm-lab-e2
FM_SNAPSHOT_SCOPED_ENV=1
FM_CREW_STATE_META_OVERRIDE=planted-FM_CREW_STATE_META_OVERRIDE
FM_CREW_STATE_STATUS_OVERRIDE=planted-FM_CREW_STATE_STATUS_OVERRIDE
FM_HOME_SUMMARY_IF_IDLE=planted-FM_HOME_SUMMARY_IF_IDLE
FM_HOME_SUMMARY_WORKER_BEST_EFFORT=planted-FM_HOME_SUMMARY_WORKER_BEST_EFFORT
FM_HOME_SUMMARY_PARENT_ERROR=planted-FM_HOME_SUMMARY_PARENT_ERROR
FM_HOME_SUMMARY_PARENT_STAMP=planted-FM_HOME_SUMMARY_PARENT_STAMP
FM_ROOT_OVERRIDE=planted-FM_ROOT_OVERRIDE
FM_STATE_OVERRIDE=planted-FM_STATE_OVERRIDE
FM_DATA_OVERRIDE=planted-FM_DATA_OVERRIDE
FM_PROJECTS_OVERRIDE=planted-FM_PROJECTS_OVERRIDE
FM_CONFIG_OVERRIDE=planted-FM_CONFIG_OVERRIDE
FM_HOME=/home/node/.no-mistakes/worktrees/450411b3e67c/01M48AGCET15Z951PCQ4YNDYRJ/.v/read-home
HERDR command: status --json --session fm-lab-e2
FM_SNAPSHOT_SCOPED_ENV=1
FM_CREW_STATE_META_OVERRIDE=planted-FM_CREW_STATE_META_OVERRIDE
FM_CREW_STATE_STATUS_OVERRIDE=planted-FM_CREW_STATE_STATUS_OVERRIDE
FM_HOME_SUMMARY_IF_IDLE=planted-FM_HOME_SUMMARY_IF_IDLE
FM_HOME_SUMMARY_WORKER_BEST_EFFORT=planted-FM_HOME_SUMMARY_WORKER_BEST_EFFORT
FM_HOME_SUMMARY_PARENT_ERROR=planted-FM_HOME_SUMMARY_PARENT_ERROR
FM_HOME_SUMMARY_PARENT_STAMP=planted-FM_HOME_SUMMARY_PARENT_STAMP
FM_ROOT_OVERRIDE=planted-FM_ROOT_OVERRIDE
FM_STATE_OVERRIDE=planted-FM_STATE_OVERRIDE
FM_DATA_OVERRIDE=planted-FM_DATA_OVERRIDE
FM_PROJECTS_OVERRIDE=planted-FM_PROJECTS_OVERRIDE
FM_CONFIG_OVERRIDE=planted-FM_CONFIG_OVERRIDE
FM_HOME=/home/node/.no-mistakes/worktrees/450411b3e67c/01M48AGCET15Z951PCQ4YNDYRJ/.v/read-home
HERDR command: workspace create --cwd /home/node/.no-mistakes/worktrees/450411b3e67c/01M48AGCET15Z951PCQ4YNDYRJ --label baseline --no-focus --session fm-lab-e2
FM_HOME=/home/node/.no-mistakes/worktrees/450411b3e67c/01M48AGCET15Z951PCQ4YNDYRJ/.v/read-home
HERDR command: pane process-info --pane w1:p1 --session fm-lab-e2
FM_HOME=/home/node/.no-mistakes/worktrees/450411b3e67c/01M48AGCET15Z951PCQ4YNDYRJ/.v/read-home
HERDR command: session stop fm-lab-e2 --json --session fm-lab-e2
FM_HOME=/home/node/.no-mistakes/worktrees/450411b3e67c/01M48AGCET15Z951PCQ4YNDYRJ/.v/read-home
HERDR command: session delete fm-lab-e2 --json --session fm-lab-e2
FM_HOME=/home/node/.no-mistakes/worktrees/450411b3e67c/01M48AGCET15Z951PCQ4YNDYRJ/.v/read-home
HERDR command: server --session fm-lab-e2
FM_HOME=/home/node/.no-mistakes/worktrees/450411b3e67c/01M48AGCET15Z951PCQ4YNDYRJ/.v/read-home
HERDR command: status --json --session fm-lab-e2
FM_HOME=/home/node/.no-mistakes/worktrees/450411b3e67c/01M48AGCET15Z951PCQ4YNDYRJ/.v/read-home
HERDR command: workspace create --cwd /home/node/.no-mistakes/worktrees/450411b3e67c/01M48AGCET15Z951PCQ4YNDYRJ --label clean --no-focus --session fm-lab-e2
FM_HOME=/home/node/.no-mistakes/worktrees/450411b3e67c/01M48AGCET15Z951PCQ4YNDYRJ/.v/read-home
HERDR command: pane process-info --pane w1:p1 --session fm-lab-e2
FM_HOME=/home/node/.no-mistakes/worktrees/450411b3e67c/01M48AGCET15Z951PCQ4YNDYRJ/.v/read-home
HERDR command: status --json --session fm-lab-e2
FM_HOME=/home/node/.no-mistakes/worktrees/450411b3e67c/01M48AGCET15Z951PCQ4YNDYRJ/.v/read-home
HERDR command: pane read w1:p1 --source recent --lines 200 --session fm-lab-e2
FM_HOME=/home/node/.no-mistakes/worktrees/450411b3e67c/01M48AGCET15Z951PCQ4YNDYRJ/.v/read-home
HERDR command: status --json --session fm-lab-e2
FM_HOME=/home/node/.no-mistakes/worktrees/450411b3e67c/01M48AGCET15Z951PCQ4YNDYRJ/.v/read-home
HERDR command: pane read w1:p1 --source recent --lines 200 --session fm-lab-e2
FM_HOME=/home/node/.no-mistakes/worktrees/450411b3e67c/01M48AGCET15Z951PCQ4YNDYRJ/.v/read-home
HERDR command: status --json --session fm-lab-e2
FM_HOME=/home/node/.no-mistakes/worktrees/450411b3e67c/01M48AGCET15Z951PCQ4YNDYRJ/.v/read-home
HERDR command: agent get w1:p1 --session fm-lab-e2
FM_HOME=/home/node/.no-mistakes/worktrees/450411b3e67c/01M48AGCET15Z951PCQ4YNDYRJ/.v/read-home
HERDR command: status --json --session fm-lab-e2
FM_HOME=/home/node/.no-mistakes/worktrees/450411b3e67c/01M48AGCET15Z951PCQ4YNDYRJ/.v/read-home
HERDR command: pane read w1:p1 --source recent --lines 200 --session fm-lab-e2
FM_HOME=/home/node/.no-mistakes/worktrees/450411b3e67c/01M48AGCET15Z951PCQ4YNDYRJ/.v/read-home
HERDR command: status --json --session fm-lab-e2
FM_HOME=/home/node/.no-mistakes/worktrees/450411b3e67c/01M48AGCET15Z951PCQ4YNDYRJ/.v/read-home
HERDR command: pane read w1:p1 --source recent --lines 200 --session fm-lab-e2
FM_HOME=/home/node/.no-mistakes/worktrees/450411b3e67c/01M48AGCET15Z951PCQ4YNDYRJ/.v/read-home
HERDR command: status --json --session fm-lab-e2
FM_HOME=/home/node/.no-mistakes/worktrees/450411b3e67c/01M48AGCET15Z951PCQ4YNDYRJ/.v/read-home
HERDR command: agent get w1:p1 --session fm-lab-e2
FM_HOME=/home/node/.no-mistakes/worktrees/450411b3e67c/01M48AGCET15Z951PCQ4YNDYRJ/.v/read-home
HERDR command: pane get w1:p1 --session fm-lab-e2
FM_HOME=/home/node/.no-mistakes/worktrees/450411b3e67c/01M48AGCET15Z951PCQ4YNDYRJ/.v/read-home
HERDR command: status --json --session fm-lab-e2
FM_HOME=/home/node/.no-mistakes/worktrees/450411b3e67c/01M48AGCET15Z951PCQ4YNDYRJ/.v/read-home
HERDR command: pane read w1:p1 --source recent --lines 200 --session fm-lab-e2
FM_HOME=/home/node/.no-mistakes/worktrees/450411b3e67c/01M48AGCET15Z951PCQ4YNDYRJ/.v/read-home
HERDR command: status --json --session fm-lab-e2
FM_HOME=/home/node/.no-mistakes/worktrees/450411b3e67c/01M48AGCET15Z951PCQ4YNDYRJ/.v/read-home
HERDR command: pane read w1:p1 --source recent --lines 200 --session fm-lab-e2
FM_HOME=/home/node/.no-mistakes/worktrees/450411b3e67c/01M48AGCET15Z951PCQ4YNDYRJ/.v/read-home
HERDR command: status --json --session fm-lab-e2
FM_HOME=/home/node/.no-mistakes/worktrees/450411b3e67c/01M48AGCET15Z951PCQ4YNDYRJ/.v/read-home
HERDR command: agent get w1:p1 --session fm-lab-e2
FM_HOME=/home/node/.no-mistakes/worktrees/450411b3e67c/01M48AGCET15Z951PCQ4YNDYRJ/.v/read-home
HERDR command: workspace list --session fm-lab-e2
FM_STATE_OVERRIDE=/home/node/.no-mistakes/worktrees/450411b3e67c/01M48AGCET15Z951PCQ4YNDYRJ/.v/read-home/state
FM_HOME=/home/node/.no-mistakes/worktrees/450411b3e67c/01M48AGCET15Z951PCQ4YNDYRJ/.v/read-home
HERDR command: session stop fm-lab-e2 --json --session fm-lab-e2
FM_HOME=/home/node/.no-mistakes/worktrees/450411b3e67c/01M48AGCET15Z951PCQ4YNDYRJ/.v/read-home
HERDR command: session delete fm-lab-e2 --json --session fm-lab-e2
FM_HOME=/home/node/.no-mistakes/worktrees/450411b3e67c/01M48AGCET15Z951PCQ4YNDYRJ/.v/read-home
HERDR command: server --session fm-lab-e2
FM_SNAPSHOT_SCOPED_ENV=1
FM_CREW_STATE_META_OVERRIDE=poison-FM_CREW_STATE_META_OVERRIDE
FM_CREW_STATE_STATUS_OVERRIDE=poison-FM_CREW_STATE_STATUS_OVERRIDE
FM_HOME_SUMMARY_IF_IDLE=poison-FM_HOME_SUMMARY_IF_IDLE
FM_HOME_SUMMARY_WORKER_BEST_EFFORT=poison-FM_HOME_SUMMARY_WORKER_BEST_EFFORT
FM_HOME_SUMMARY_PARENT_ERROR=poison-FM_HOME_SUMMARY_PARENT_ERROR
FM_HOME_SUMMARY_PARENT_STAMP=poison-FM_HOME_SUMMARY_PARENT_STAMP
FM_ROOT_OVERRIDE=poison-FM_ROOT_OVERRIDE
FM_STATE_OVERRIDE=poison-FM_STATE_OVERRIDE
FM_DATA_OVERRIDE=poison-FM_DATA_OVERRIDE
FM_PROJECTS_OVERRIDE=poison-FM_PROJECTS_OVERRIDE
FM_CONFIG_OVERRIDE=poison-FM_CONFIG_OVERRIDE
FM_HOME=/home/node/.no-mistakes/worktrees/450411b3e67c/01M48AGCET15Z951PCQ4YNDYRJ/.v/spawn-home
HERDR command: status --json --session fm-lab-e2
FM_SNAPSHOT_SCOPED_ENV=1
FM_CREW_STATE_META_OVERRIDE=poison-FM_CREW_STATE_META_OVERRIDE
FM_CREW_STATE_STATUS_OVERRIDE=poison-FM_CREW_STATE_STATUS_OVERRIDE
FM_HOME_SUMMARY_IF_IDLE=poison-FM_HOME_SUMMARY_IF_IDLE
FM_HOME_SUMMARY_WORKER_BEST_EFFORT=poison-FM_HOME_SUMMARY_WORKER_BEST_EFFORT
FM_HOME_SUMMARY_PARENT_ERROR=poison-FM_HOME_SUMMARY_PARENT_ERROR
FM_HOME_SUMMARY_PARENT_STAMP=poison-FM_HOME_SUMMARY_PARENT_STAMP
FM_ROOT_OVERRIDE=poison-FM_ROOT_OVERRIDE
FM_STATE_OVERRIDE=poison-FM_STATE_OVERRIDE
FM_DATA_OVERRIDE=poison-FM_DATA_OVERRIDE
FM_PROJECTS_OVERRIDE=poison-FM_PROJECTS_OVERRIDE
FM_CONFIG_OVERRIDE=poison-FM_CONFIG_OVERRIDE
FM_HOME=/home/node/.no-mistakes/worktrees/450411b3e67c/01M48AGCET15Z951PCQ4YNDYRJ/.v/spawn-home
HERDR command: session stop fm-lab-e2 --json --session fm-lab-e2
FM_HOME=/home/node/.no-mistakes/worktrees/450411b3e67c/01M48AGCET15Z951PCQ4YNDYRJ/.v/spawn-home
HERDR command: session delete fm-lab-e2 --json --session fm-lab-e2
FM_HOME=/home/node/.no-mistakes/worktrees/450411b3e67c/01M48AGCET15Z951PCQ4YNDYRJ/.v/spawn-home
HERDR command: server --session fm-lab-e2
FM_SNAPSHOT_SCOPED_ENV=1
FM_CREW_STATE_META_OVERRIDE=poison-FM_CREW_STATE_META_OVERRIDE
FM_CREW_STATE_STATUS_OVERRIDE=poison-FM_CREW_STATE_STATUS_OVERRIDE
FM_HOME_SUMMARY_IF_IDLE=poison-FM_HOME_SUMMARY_IF_IDLE
FM_HOME_SUMMARY_WORKER_BEST_EFFORT=poison-FM_HOME_SUMMARY_WORKER_BEST_EFFORT
FM_HOME_SUMMARY_PARENT_ERROR=poison-FM_HOME_SUMMARY_PARENT_ERROR
FM_HOME_SUMMARY_PARENT_STAMP=poison-FM_HOME_SUMMARY_PARENT_STAMP
FM_ROOT_OVERRIDE=poison-FM_ROOT_OVERRIDE
FM_STATE_OVERRIDE=poison-FM_STATE_OVERRIDE
FM_DATA_OVERRIDE=poison-FM_DATA_OVERRIDE
FM_PROJECTS_OVERRIDE=poison-FM_PROJECTS_OVERRIDE
FM_CONFIG_OVERRIDE=poison-FM_CONFIG_OVERRIDE
FM_HOME=/home/node/.no-mistakes/worktrees/450411b3e67c/01M48AGCET15Z951PCQ4YNDYRJ/.v/spawn-home
HERDR command: status --json --session fm-lab-e2
FM_SNAPSHOT_SCOPED_ENV=1
FM_CREW_STATE_META_OVERRIDE=poison-FM_CREW_STATE_META_OVERRIDE
FM_CREW_STATE_STATUS_OVERRIDE=poison-FM_CREW_STATE_STATUS_OVERRIDE
FM_HOME_SUMMARY_IF_IDLE=poison-FM_HOME_SUMMARY_IF_IDLE
FM_HOME_SUMMARY_WORKER_BEST_EFFORT=poison-FM_HOME_SUMMARY_WORKER_BEST_EFFORT
FM_HOME_SUMMARY_PARENT_ERROR=poison-FM_HOME_SUMMARY_PARENT_ERROR
FM_HOME_SUMMARY_PARENT_STAMP=poison-FM_HOME_SUMMARY_PARENT_STAMP
FM_ROOT_OVERRIDE=poison-FM_ROOT_OVERRIDE
FM_STATE_OVERRIDE=poison-FM_STATE_OVERRIDE
FM_DATA_OVERRIDE=poison-FM_DATA_OVERRIDE
FM_PROJECTS_OVERRIDE=poison-FM_PROJECTS_OVERRIDE
FM_CONFIG_OVERRIDE=poison-FM_CONFIG_OVERRIDE
FM_HOME=/home/node/.no-mistakes/worktrees/450411b3e67c/01M48AGCET15Z951PCQ4YNDYRJ/.v/spawn-home
HERDR command: status --json --session fm-lab-e2
FM_HOME=/home/node/.no-mistakes/worktrees/450411b3e67c/01M48AGCET15Z951PCQ4YNDYRJ/.v/spawn-home
HERDR command: status --json --session fm-lab-e2
FM_HOME=/home/node/.no-mistakes/worktrees/450411b3e67c/01M48AGCET15Z951PCQ4YNDYRJ/.v/spawn-home
HERDR command: status --json --session fm-lab-e2
FM_HOME=/home/node/.no-mistakes/worktrees/450411b3e67c/01M48AGCET15Z951PCQ4YNDYRJ/.v/spawn-home
HERDR command: status --json --session fm-lab-e2
FM_HOME=/home/node/.no-mistakes/worktrees/450411b3e67c/01M48AGCET15Z951PCQ4YNDYRJ/.v/spawn-home
HERDR command: status --json --session fm-lab-e2
FM_HOME=/home/node/.no-mistakes/worktrees/450411b3e67c/01M48AGCET15Z951PCQ4YNDYRJ/.v/spawn-home
HERDR command: workspace list --session fm-lab-e2
FM_HOME=/home/node/.no-mistakes/worktrees/450411b3e67c/01M48AGCET15Z951PCQ4YNDYRJ/.v/spawn-home
HERDR command: workspace create --cwd /home/node/.no-mistakes/worktrees/450411b3e67c/01M48AGCET15Z951PCQ4YNDYRJ/.v/spawn-project --label firstmate --no-focus --session fm-lab-e2
FM_HOME=/home/node/.no-mistakes/worktrees/450411b3e67c/01M48AGCET15Z951PCQ4YNDYRJ/.v/spawn-home
HERDR command: tab list --workspace w1 --session fm-lab-e2
FM_HOME=/home/node/.no-mistakes/worktrees/450411b3e67c/01M48AGCET15Z951PCQ4YNDYRJ/.v/spawn-home
HERDR command: tab create --workspace w1 --cwd /home/node/.no-mistakes/worktrees/450411b3e67c/01M48AGCET15Z951PCQ4YNDYRJ/.v/spawn-project --label fm-ship-absent --no-focus --session fm-lab-e2
FM_HOME=/home/node/.no-mistakes/worktrees/450411b3e67c/01M48AGCET15Z951PCQ4YNDYRJ/.v/spawn-home
HERDR command: tab list --workspace w1 --session fm-lab-e2
FM_HOME=/home/node/.no-mistakes/worktrees/450411b3e67c/01M48AGCET15Z951PCQ4YNDYRJ/.v/spawn-home
HERDR command: pane list --workspace w1 --session fm-lab-e2
FM_HOME=/home/node/.no-mistakes/worktrees/450411b3e67c/01M48AGCET15Z951PCQ4YNDYRJ/.v/spawn-home
HERDR command: agent get w1:p1 --session fm-lab-e2
FM_HOME=/home/node/.no-mistakes/worktrees/450411b3e67c/01M48AGCET15Z951PCQ4YNDYRJ/.v/spawn-home
HERDR command: pane close w1:p1 --session fm-lab-e2
FM_HOME=/home/node/.no-mistakes/worktrees/450411b3e67c/01M48AGCET15Z951PCQ4YNDYRJ/.v/spawn-home
HERDR command: status --json --session fm-lab-e2
FM_HOME=/home/node/.no-mistakes/worktrees/450411b3e67c/01M48AGCET15Z951PCQ4YNDYRJ/.v/spawn-home
HERDR command: pane run w1:p2 treehouse\ get --session fm-lab-e2
FM_HOME=/home/node/.no-mistakes/worktrees/450411b3e67c/01M48AGCET15Z951PCQ4YNDYRJ/.v/spawn-home
HERDR command: status --json --session fm-lab-e2
FM_HOME=/home/node/.no-mistakes/worktrees/450411b3e67c/01M48AGCET15Z951PCQ4YNDYRJ/.v/spawn-home
HERDR command: pane get w1:p2 --session fm-lab-e2
FM_HOME=/home/node/.no-mistakes/worktrees/450411b3e67c/01M48AGCET15Z951PCQ4YNDYRJ/.v/spawn-home
HERDR command: status --json --session fm-lab-e2
FM_HOME=/home/node/.no-mistakes/worktrees/450411b3e67c/01M48AGCET15Z951PCQ4YNDYRJ/.v/spawn-home
HERDR command: pane get w1:p2 --session fm-lab-e2
FM_HOME=/home/node/.no-mistakes/worktrees/450411b3e67c/01M48AGCET15Z951PCQ4YNDYRJ/.v/spawn-home
HERDR command: status --json --session fm-lab-e2
FM_HOME=/home/node/.no-mistakes/worktrees/450411b3e67c/01M48AGCET15Z951PCQ4YNDYRJ/.v/spawn-home
HERDR command: pane get w1:p2 --session fm-lab-e2
FM_HOME=/home/node/.no-mistakes/worktrees/450411b3e67c/01M48AGCET15Z951PCQ4YNDYRJ/.v/spawn-home
HERDR command: status --json --session fm-lab-e2
FM_HOME=/home/node/.no-mistakes/worktrees/450411b3e67c/01M48AGCET15Z951PCQ4YNDYRJ/.v/spawn-home
HERDR command: pane run w1:p2 cd\ --\ \'/home/node/.no-mistakes/worktrees/450411b3e67c/01M48AGCET15Z951PCQ4YNDYRJ/.v/home/.treehouse/spawn-project-acaec3/1/spawn-project\' --session fm-lab-e2
FM_HOME=/home/node/.no-mistakes/worktrees/450411b3e67c/01M48AGCET15Z951PCQ4YNDYRJ/.v/spawn-home
HERDR command: status --json --session fm-lab-e2
FM_HOME=/home/node/.no-mistakes/worktrees/450411b3e67c/01M48AGCET15Z951PCQ4YNDYRJ/.v/spawn-home
HERDR command: pane get w1:p2 --session fm-lab-e2
FM_HOME=/home/node/.no-mistakes/worktrees/450411b3e67c/01M48AGCET15Z951PCQ4YNDYRJ/.v/spawn-home
HERDR command: pane get w1:p2 --session fm-lab-e2
FM_ROOT_OVERRIDE=/home/node/.no-mistakes/worktrees/450411b3e67c/01M48AGCET15Z951PCQ4YNDYRJ/.v/runtime
FM_STATE_OVERRIDE=/home/node/.no-mistakes/worktrees/450411b3e67c/01M48AGCET15Z951PCQ4YNDYRJ/.v/spawn-home/state
FM_DATA_OVERRIDE=/home/node/.no-mistakes/worktrees/450411b3e67c/01M48AGCET15Z951PCQ4YNDYRJ/.v/spawn-home/data
FM_PROJECTS_OVERRIDE=/home/node/.no-mistakes/worktrees/450411b3e67c/01M48AGCET15Z951PCQ4YNDYRJ/.v/spawn-home/projects
FM_CONFIG_OVERRIDE=/home/node/.no-mistakes/worktrees/450411b3e67c/01M48AGCET15Z951PCQ4YNDYRJ/.v/spawn-home/config
FM_HOME=/home/node/.no-mistakes/worktrees/450411b3e67c/01M48AGCET15Z951PCQ4YNDYRJ/.v/spawn-home
HERDR command: status --json --session fm-lab-e2
FM_HOME=/home/node/.no-mistakes/worktrees/450411b3e67c/01M48AGCET15Z951PCQ4YNDYRJ/.v/spawn-home
HERDR command: pane read w1:p2 --source recent --lines 200 --session fm-lab-e2
FM_HOME=/home/node/.no-mistakes/worktrees/450411b3e67c/01M48AGCET15Z951PCQ4YNDYRJ/.v/spawn-home
HERDR command: status --json --session fm-lab-e2
FM_HOME=/home/node/.no-mistakes/worktrees/450411b3e67c/01M48AGCET15Z951PCQ4YNDYRJ/.v/spawn-home
HERDR command: pane read w1:p2 --source recent --lines 200 --session fm-lab-e2
FM_HOME=/home/node/.no-mistakes/worktrees/450411b3e67c/01M48AGCET15Z951PCQ4YNDYRJ/.v/spawn-home
HERDR command: status --json --session fm-lab-e2
FM_HOME=/home/node/.no-mistakes/worktrees/450411b3e67c/01M48AGCET15Z951PCQ4YNDYRJ/.v/spawn-home
HERDR command: agent get w1:p2 --session fm-lab-e2
FM_HOME=/home/node/.no-mistakes/worktrees/450411b3e67c/01M48AGCET15Z951PCQ4YNDYRJ/.v/spawn-home
HERDR command: status --json --session fm-lab-e2
FM_HOME=/home/node/.no-mistakes/worktrees/450411b3e67c/01M48AGCET15Z951PCQ4YNDYRJ/.v/spawn-home
HERDR command: pane run w1:p2 export\ GOTMPDIR=\'/home/node/.no-mistakes/worktrees/450411b3e67c/01M48AGCET15Z951PCQ4YNDYRJ/.v/spawn-home/state/ship-absent.tasktmp/gotmp\' --session fm-lab-e2
FM_HOME=/home/node/.no-mistakes/worktrees/450411b3e67c/01M48AGCET15Z951PCQ4YNDYRJ/.v/spawn-home
HERDR command: status --json --session fm-lab-e2
FM_HOME=/home/node/.no-mistakes/worktrees/450411b3e67c/01M48AGCET15Z951PCQ4YNDYRJ/.v/spawn-home
HERDR command: pane run w1:p2 export\ COMPACT_ADVISER_DISABLE=1 --session fm-lab-e2
FM_HOME=/home/node/.no-mistakes/worktrees/450411b3e67c/01M48AGCET15Z951PCQ4YNDYRJ/.v/spawn-home
HERDR command: status --json --session fm-lab-e2
FM_HOME=/home/node/.no-mistakes/worktrees/450411b3e67c/01M48AGCET15Z951PCQ4YNDYRJ/.v/spawn-home
HERDR command: pane run w1:p2 export\ FM_TASK_ID=ship-absent --session fm-lab-e2
FM_HOME=/home/node/.no-mistakes/worktrees/450411b3e67c/01M48AGCET15Z951PCQ4YNDYRJ/.v/spawn-home
HERDR command: status --json --session fm-lab-e2
FM_HOME=/home/node/.no-mistakes/worktrees/450411b3e67c/01M48AGCET15Z951PCQ4YNDYRJ/.v/spawn-home
HERDR command: pane send-text w1:p2 .\ \'/tmp/fm-ship-absent+225fc10db929241398488ecab5bc7b61357da0454bee5e18db2b2720920a857b/launch.s1791282937.969287.21791.sh\' --session fm-lab-e2
FM_HOME=/home/node/.no-mistakes/worktrees/450411b3e67c/01M48AGCET15Z951PCQ4YNDYRJ/.v/spawn-home
HERDR command: status --json --session fm-lab-e2
FM_HOME=/home/node/.no-mistakes/worktrees/450411b3e67c/01M48AGCET15Z951PCQ4YNDYRJ/.v/spawn-home
HERDR command: pane send-keys w1:p2 enter --session fm-lab-e2
FM_HOME=/home/node/.no-mistakes/worktrees/450411b3e67c/01M48AGCET15Z951PCQ4YNDYRJ/.v/spawn-home
HERDR command: status --json --session fm-lab-e2
FM_HOME=/home/node/.no-mistakes/worktrees/450411b3e67c/01M48AGCET15Z951PCQ4YNDYRJ/.v/spawn-home
HERDR command: pane read w1:p2 --source recent --lines 200 --session fm-lab-e2
FM_HOME=/home/node/.no-mistakes/worktrees/450411b3e67c/01M48AGCET15Z951PCQ4YNDYRJ/.v/spawn-home
HERDR command: status --json --session fm-lab-e2
FM_HOME=/home/node/.no-mistakes/worktrees/450411b3e67c/01M48AGCET15Z951PCQ4YNDYRJ/.v/spawn-home
HERDR command: pane read w1:p2 --source recent --lines 200 --session fm-lab-e2
FM_HOME=/home/node/.no-mistakes/worktrees/450411b3e67c/01M48AGCET15Z951PCQ4YNDYRJ/.v/spawn-home
HERDR command: status --json --session fm-lab-e2
FM_HOME=/home/node/.no-mistakes/worktrees/450411b3e67c/01M48AGCET15Z951PCQ4YNDYRJ/.v/spawn-home
HERDR command: agent get w1:p2 --session fm-lab-e2
FM_HOME=/home/node/.no-mistakes/worktrees/450411b3e67c/01M48AGCET15Z951PCQ4YNDYRJ/.v/spawn-home
HERDR command: status --json --session fm-lab-e2
FM_HOME=/home/node/.no-mistakes/worktrees/450411b3e67c/01M48AGCET15Z951PCQ4YNDYRJ/.v/spawn-home
HERDR command: pane read w1:p2 --source recent --lines 200 --session fm-lab-e2
FM_HOME=/home/node/.no-mistakes/worktrees/450411b3e67c/01M48AGCET15Z951PCQ4YNDYRJ/.v/spawn-home
HERDR command: status --json --session fm-lab-e2
FM_HOME=/home/node/.no-mistakes/worktrees/450411b3e67c/01M48AGCET15Z951PCQ4YNDYRJ/.v/spawn-home
HERDR command: pane read w1:p2 --source recent --lines 200 --session fm-lab-e2
FM_HOME=/home/node/.no-mistakes/worktrees/450411b3e67c/01M48AGCET15Z951PCQ4YNDYRJ/.v/spawn-home
HERDR command: status --json --session fm-lab-e2
FM_HOME=/home/node/.no-mistakes/worktrees/450411b3e67c/01M48AGCET15Z951PCQ4YNDYRJ/.v/spawn-home
HERDR command: agent get w1:p2 --session fm-lab-e2
FM_HOME=/home/node/.no-mistakes/worktrees/450411b3e67c/01M48AGCET15Z951PCQ4YNDYRJ/.v/spawn-home
HERDR command: session stop fm-lab-e2 --json --session fm-lab-e2
FM_HOME=/home/node/.no-mistakes/worktrees/450411b3e67c/01M48AGCET15Z951PCQ4YNDYRJ/.v/spawn-home
HERDR command: session delete fm-lab-e2 --json --session fm-lab-e2
FM_HOME=/home/node/.no-mistakes/worktrees/450411b3e67c/01M48AGCET15Z951PCQ4YNDYRJ/.v/spawn-home
HERDR command: server --session fm-lab-e2
FM_SNAPSHOT_SCOPED_ENV=1
FM_CREW_STATE_META_OVERRIDE=poison-FM_CREW_STATE_META_OVERRIDE
FM_CREW_STATE_STATUS_OVERRIDE=poison-FM_CREW_STATE_STATUS_OVERRIDE
FM_HOME_SUMMARY_IF_IDLE=poison-FM_HOME_SUMMARY_IF_IDLE
FM_HOME_SUMMARY_WORKER_BEST_EFFORT=poison-FM_HOME_SUMMARY_WORKER_BEST_EFFORT
FM_HOME_SUMMARY_PARENT_ERROR=poison-FM_HOME_SUMMARY_PARENT_ERROR
FM_HOME_SUMMARY_PARENT_STAMP=poison-FM_HOME_SUMMARY_PARENT_STAMP
FM_ROOT_OVERRIDE=poison-FM_ROOT_OVERRIDE
FM_STATE_OVERRIDE=poison-FM_STATE_OVERRIDE
FM_DATA_OVERRIDE=poison-FM_DATA_OVERRIDE
FM_PROJECTS_OVERRIDE=poison-FM_PROJECTS_OVERRIDE
FM_CONFIG_OVERRIDE=poison-FM_CONFIG_OVERRIDE
FM_HOME=/home/node/.no-mistakes/worktrees/450411b3e67c/01M48AGCET15Z951PCQ4YNDYRJ/.v/spawn-home
HERDR command: status --json --session fm-lab-e2
FM_SNAPSHOT_SCOPED_ENV=1
FM_CREW_STATE_META_OVERRIDE=poison-FM_CREW_STATE_META_OVERRIDE
FM_CREW_STATE_STATUS_OVERRIDE=poison-FM_CREW_STATE_STATUS_OVERRIDE
FM_HOME_SUMMARY_IF_IDLE=poison-FM_HOME_SUMMARY_IF_IDLE
FM_HOME_SUMMARY_WORKER_BEST_EFFORT=poison-FM_HOME_SUMMARY_WORKER_BEST_EFFORT
FM_HOME_SUMMARY_PARENT_ERROR=poison-FM_HOME_SUMMARY_PARENT_ERROR
FM_HOME_SUMMARY_PARENT_STAMP=poison-FM_HOME_SUMMARY_PARENT_STAMP
FM_ROOT_OVERRIDE=poison-FM_ROOT_OVERRIDE
FM_STATE_OVERRIDE=poison-FM_STATE_OVERRIDE
FM_DATA_OVERRIDE=poison-FM_DATA_OVERRIDE
FM_PROJECTS_OVERRIDE=poison-FM_PROJECTS_OVERRIDE
FM_CONFIG_OVERRIDE=poison-FM_CONFIG_OVERRIDE
FM_HOME=/home/node/.no-mistakes/worktrees/450411b3e67c/01M48AGCET15Z951PCQ4YNDYRJ/.v/spawn-home
HERDR command: status --json --session fm-lab-e2
FM_HOME=/home/node/.no-mistakes/worktrees/450411b3e67c/01M48AGCET15Z951PCQ4YNDYRJ/.v/spawn-home
HERDR command: status --json --session fm-lab-e2
FM_HOME=/home/node/.no-mistakes/worktrees/450411b3e67c/01M48AGCET15Z951PCQ4YNDYRJ/.v/spawn-home
HERDR command: status --json --session fm-lab-e2
FM_HOME=/home/node/.no-mistakes/worktrees/450411b3e67c/01M48AGCET15Z951PCQ4YNDYRJ/.v/spawn-home
HERDR command: status --json --session fm-lab-e2
FM_HOME=/home/node/.no-mistakes/worktrees/450411b3e67c/01M48AGCET15Z951PCQ4YNDYRJ/.v/spawn-home
HERDR command: status --json --session fm-lab-e2
FM_HOME=/home/node/.no-mistakes/worktrees/450411b3e67c/01M48AGCET15Z951PCQ4YNDYRJ/.v/spawn-home
HERDR command: workspace list --session fm-lab-e2
FM_HOME=/home/node/.no-mistakes/worktrees/450411b3e67c/01M48AGCET15Z951PCQ4YNDYRJ/.v/spawn-home
HERDR command: workspace create --cwd /home/node/.no-mistakes/worktrees/450411b3e67c/01M48AGCET15Z951PCQ4YNDYRJ/.v/spawn-project --label firstmate --no-focus --session fm-lab-e2
FM_HOME=/home/node/.no-mistakes/worktrees/450411b3e67c/01M48AGCET15Z951PCQ4YNDYRJ/.v/spawn-home
HERDR command: tab list --workspace w1 --session fm-lab-e2
FM_HOME=/home/node/.no-mistakes/worktrees/450411b3e67c/01M48AGCET15Z951PCQ4YNDYRJ/.v/spawn-home
HERDR command: tab create --workspace w1 --cwd /home/node/.no-mistakes/worktrees/450411b3e67c/01M48AGCET15Z951PCQ4YNDYRJ/.v/spawn-project --label fm-ship-absent --no-focus --session fm-lab-e2
FM_HOME=/home/node/.no-mistakes/worktrees/450411b3e67c/01M48AGCET15Z951PCQ4YNDYRJ/.v/spawn-home
HERDR command: tab list --workspace w1 --session fm-lab-e2
FM_HOME=/home/node/.no-mistakes/worktrees/450411b3e67c/01M48AGCET15Z951PCQ4YNDYRJ/.v/spawn-home
HERDR command: pane list --workspace w1 --session fm-lab-e2
FM_HOME=/home/node/.no-mistakes/worktrees/450411b3e67c/01M48AGCET15Z951PCQ4YNDYRJ/.v/spawn-home
HERDR command: agent get w1:p1 --session fm-lab-e2
FM_HOME=/home/node/.no-mistakes/worktrees/450411b3e67c/01M48AGCET15Z951PCQ4YNDYRJ/.v/spawn-home
HERDR command: pane close w1:p1 --session fm-lab-e2
FM_HOME=/home/node/.no-mistakes/worktrees/450411b3e67c/01M48AGCET15Z951PCQ4YNDYRJ/.v/spawn-home
HERDR command: status --json --session fm-lab-e2
FM_HOME=/home/node/.no-mistakes/worktrees/450411b3e67c/01M48AGCET15Z951PCQ4YNDYRJ/.v/spawn-home
HERDR command: pane run w1:p2 treehouse\ get --session fm-lab-e2
FM_HOME=/home/node/.no-mistakes/worktrees/450411b3e67c/01M48AGCET15Z951PCQ4YNDYRJ/.v/spawn-home
HERDR command: status --json --session fm-lab-e2
FM_HOME=/home/node/.no-mistakes/worktrees/450411b3e67c/01M48AGCET15Z951PCQ4YNDYRJ/.v/spawn-home
HERDR command: pane get w1:p2 --session fm-lab-e2
FM_HOME=/home/node/.no-mistakes/worktrees/450411b3e67c/01M48AGCET15Z951PCQ4YNDYRJ/.v/spawn-home
HERDR command: status --json --session fm-lab-e2
FM_HOME=/home/node/.no-mistakes/worktrees/450411b3e67c/01M48AGCET15Z951PCQ4YNDYRJ/.v/spawn-home
HERDR command: pane get w1:p2 --session fm-lab-e2
FM_HOME=/home/node/.no-mistakes/worktrees/450411b3e67c/01M48AGCET15Z951PCQ4YNDYRJ/.v/spawn-home
HERDR command: status --json --session fm-lab-e2
FM_HOME=/home/node/.no-mistakes/worktrees/450411b3e67c/01M48AGCET15Z951PCQ4YNDYRJ/.v/spawn-home
HERDR command: pane get w1:p2 --session fm-lab-e2
FM_HOME=/home/node/.no-mistakes/worktrees/450411b3e67c/01M48AGCET15Z951PCQ4YNDYRJ/.v/spawn-home
HERDR command: status --json --session fm-lab-e2
FM_HOME=/home/node/.no-mistakes/worktrees/450411b3e67c/01M48AGCET15Z951PCQ4YNDYRJ/.v/spawn-home
HERDR command: pane run w1:p2 cd\ --\ \'/home/node/.no-mistakes/worktrees/450411b3e67c/01M48AGCET15Z951PCQ4YNDYRJ/.v/home/.treehouse/spawn-project-acaec3/1/spawn-project\' --session fm-lab-e2
FM_HOME=/home/node/.no-mistakes/worktrees/450411b3e67c/01M48AGCET15Z951PCQ4YNDYRJ/.v/spawn-home
HERDR command: status --json --session fm-lab-e2
FM_HOME=/home/node/.no-mistakes/worktrees/450411b3e67c/01M48AGCET15Z951PCQ4YNDYRJ/.v/spawn-home
HERDR command: pane get w1:p2 --session fm-lab-e2
FM_HOME=/home/node/.no-mistakes/worktrees/450411b3e67c/01M48AGCET15Z951PCQ4YNDYRJ/.v/spawn-home
HERDR command: pane get w1:p2 --session fm-lab-e2
FM_ROOT_OVERRIDE=/home/node/.no-mistakes/worktrees/450411b3e67c/01M48AGCET15Z951PCQ4YNDYRJ/.v/runtime
FM_STATE_OVERRIDE=/home/node/.no-mistakes/worktrees/450411b3e67c/01M48AGCET15Z951PCQ4YNDYRJ/.v/spawn-home/state
FM_DATA_OVERRIDE=/home/node/.no-mistakes/worktrees/450411b3e67c/01M48AGCET15Z951PCQ4YNDYRJ/.v/spawn-home/data
FM_PROJECTS_OVERRIDE=/home/node/.no-mistakes/worktrees/450411b3e67c/01M48AGCET15Z951PCQ4YNDYRJ/.v/spawn-home/projects
FM_CONFIG_OVERRIDE=/home/node/.no-mistakes/worktrees/450411b3e67c/01M48AGCET15Z951PCQ4YNDYRJ/.v/spawn-home/config
FM_HOME=/home/node/.no-mistakes/worktrees/450411b3e67c/01M48AGCET15Z951PCQ4YNDYRJ/.v/spawn-home
HERDR command: status --json --session fm-lab-e2
FM_HOME=/home/node/.no-mistakes/worktrees/450411b3e67c/01M48AGCET15Z951PCQ4YNDYRJ/.v/spawn-home
HERDR command: pane read w1:p2 --source recent --lines 200 --session fm-lab-e2
FM_HOME=/home/node/.no-mistakes/worktrees/450411b3e67c/01M48AGCET15Z951PCQ4YNDYRJ/.v/spawn-home
HERDR command: status --json --session fm-lab-e2
FM_HOME=/home/node/.no-mistakes/worktrees/450411b3e67c/01M48AGCET15Z951PCQ4YNDYRJ/.v/spawn-home
HERDR command: pane read w1:p2 --source recent --lines 200 --session fm-lab-e2
FM_HOME=/home/node/.no-mistakes/worktrees/450411b3e67c/01M48AGCET15Z951PCQ4YNDYRJ/.v/spawn-home
HERDR command: status --json --session fm-lab-e2
FM_HOME=/home/node/.no-mistakes/worktrees/450411b3e67c/01M48AGCET15Z951PCQ4YNDYRJ/.v/spawn-home
HERDR command: agent get w1:p2 --session fm-lab-e2
FM_HOME=/home/node/.no-mistakes/worktrees/450411b3e67c/01M48AGCET15Z951PCQ4YNDYRJ/.v/spawn-home
HERDR command: status --json --session fm-lab-e2
FM_HOME=/home/node/.no-mistakes/worktrees/450411b3e67c/01M48AGCET15Z951PCQ4YNDYRJ/.v/spawn-home
HERDR command: pane run w1:p2 export\ GOTMPDIR=\'/home/node/.no-mistakes/worktrees/450411b3e67c/01M48AGCET15Z951PCQ4YNDYRJ/.v/spawn-home/state/ship-absent.tasktmp/gotmp\' --session fm-lab-e2
FM_HOME=/home/node/.no-mistakes/worktrees/450411b3e67c/01M48AGCET15Z951PCQ4YNDYRJ/.v/spawn-home
HERDR command: status --json --session fm-lab-e2
FM_HOME=/home/node/.no-mistakes/worktrees/450411b3e67c/01M48AGCET15Z951PCQ4YNDYRJ/.v/spawn-home
HERDR command: pane run w1:p2 export\ COMPACT_ADVISER_DISABLE=1 --session fm-lab-e2
FM_HOME=/home/node/.no-mistakes/worktrees/450411b3e67c/01M48AGCET15Z951PCQ4YNDYRJ/.v/spawn-home
HERDR command: status --json --session fm-lab-e2
FM_HOME=/home/node/.no-mistakes/worktrees/450411b3e67c/01M48AGCET15Z951PCQ4YNDYRJ/.v/spawn-home
HERDR command: pane run w1:p2 export\ FM_TASK_ID=ship-absent --session fm-lab-e2
FM_HOME=/home/node/.no-mistakes/worktrees/450411b3e67c/01M48AGCET15Z951PCQ4YNDYRJ/.v/spawn-home
HERDR command: status --json --session fm-lab-e2
FM_HOME=/home/node/.no-mistakes/worktrees/450411b3e67c/01M48AGCET15Z951PCQ4YNDYRJ/.v/spawn-home
HERDR command: pane send-text w1:p2 .\ \'/tmp/fm-ship-absent+225fc10db929241398488ecab5bc7b61357da0454bee5e18db2b2720920a857b/launch.s1791282969.978348.19740.sh\' --session fm-lab-e2
FM_HOME=/home/node/.no-mistakes/worktrees/450411b3e67c/01M48AGCET15Z951PCQ4YNDYRJ/.v/spawn-home
HERDR command: status --json --session fm-lab-e2
FM_HOME=/home/node/.no-mistakes/worktrees/450411b3e67c/01M48AGCET15Z951PCQ4YNDYRJ/.v/spawn-home
HERDR command: pane send-keys w1:p2 enter --session fm-lab-e2
FM_HOME=/home/node/.no-mistakes/worktrees/450411b3e67c/01M48AGCET15Z951PCQ4YNDYRJ/.v/spawn-home
HERDR command: status --json --session fm-lab-e2
FM_HOME=/home/node/.no-mistakes/worktrees/450411b3e67c/01M48AGCET15Z951PCQ4YNDYRJ/.v/spawn-home
HERDR command: pane read w1:p2 --source recent --lines 200 --session fm-lab-e2
FM_HOME=/home/node/.no-mistakes/worktrees/450411b3e67c/01M48AGCET15Z951PCQ4YNDYRJ/.v/spawn-home
HERDR command: status --json --session fm-lab-e2
FM_HOME=/home/node/.no-mistakes/worktrees/450411b3e67c/01M48AGCET15Z951PCQ4YNDYRJ/.v/spawn-home
HERDR command: pane read w1:p2 --source recent --lines 200 --session fm-lab-e2
FM_HOME=/home/node/.no-mistakes/worktrees/450411b3e67c/01M48AGCET15Z951PCQ4YNDYRJ/.v/spawn-home
HERDR command: status --json --session fm-lab-e2
FM_HOME=/home/node/.no-mistakes/worktrees/450411b3e67c/01M48AGCET15Z951PCQ4YNDYRJ/.v/spawn-home
HERDR command: agent get w1:p2 --session fm-lab-e2
FM_HOME=/home/node/.no-mistakes/worktrees/450411b3e67c/01M48AGCET15Z951PCQ4YNDYRJ/.v/spawn-home
HERDR command: status --json --session fm-lab-e2
FM_HOME=/home/node/.no-mistakes/worktrees/450411b3e67c/01M48AGCET15Z951PCQ4YNDYRJ/.v/spawn-home
HERDR command: pane read w1:p2 --source recent --lines 200 --session fm-lab-e2
FM_HOME=/home/node/.no-mistakes/worktrees/450411b3e67c/01M48AGCET15Z951PCQ4YNDYRJ/.v/spawn-home
HERDR command: status --json --session fm-lab-e2
FM_HOME=/home/node/.no-mistakes/worktrees/450411b3e67c/01M48AGCET15Z951PCQ4YNDYRJ/.v/spawn-home
HERDR command: pane read w1:p2 --source recent --lines 200 --session fm-lab-e2
FM_HOME=/home/node/.no-mistakes/worktrees/450411b3e67c/01M48AGCET15Z951PCQ4YNDYRJ/.v/spawn-home
HERDR command: status --json --session fm-lab-e2
FM_HOME=/home/node/.no-mistakes/worktrees/450411b3e67c/01M48AGCET15Z951PCQ4YNDYRJ/.v/spawn-home
HERDR command: agent get w1:p2 --session fm-lab-e2
FM_HOME=/home/node/.no-mistakes/worktrees/450411b3e67c/01M48AGCET15Z951PCQ4YNDYRJ/.v/spawn-home
HERDR command: status --json --session fm-lab-e2
FM_HOME=/home/node/.no-mistakes/worktrees/450411b3e67c/01M48AGCET15Z951PCQ4YNDYRJ/.v/spawn-home
HERDR command: status --json --session fm-lab-e2
FM_HOME=/home/node/.no-mistakes/worktrees/450411b3e67c/01M48AGCET15Z951PCQ4YNDYRJ/.v/spawn-home
HERDR command: status --json --session fm-lab-e2
FM_HOME=/home/node/.no-mistakes/worktrees/450411b3e67c/01M48AGCET15Z951PCQ4YNDYRJ/.v/spawn-home
HERDR command: status --json --session fm-lab-e2
FM_HOME=/home/node/.no-mistakes/worktrees/450411b3e67c/01M48AGCET15Z951PCQ4YNDYRJ/.v/spawn-home
HERDR command: status --json --session fm-lab-e2
FM_HOME=/home/node/.no-mistakes/worktrees/450411b3e67c/01M48AGCET15Z951PCQ4YNDYRJ/.v/spawn-home
HERDR command: workspace list --session fm-lab-e2
FM_HOME=/home/node/.no-mistakes/worktrees/450411b3e67c/01M48AGCET15Z951PCQ4YNDYRJ/.v/spawn-home
HERDR command: tab list --workspace w1 --session fm-lab-e2
FM_HOME=/home/node/.no-mistakes/worktrees/450411b3e67c/01M48AGCET15Z951PCQ4YNDYRJ/.v/spawn-home
HERDR command: tab create --workspace w1 --cwd /home/node/.no-mistakes/worktrees/450411b3e67c/01M48AGCET15Z951PCQ4YNDYRJ/.v/spawn-project --label fm-ship-all --no-focus --session fm-lab-e2
FM_HOME=/home/node/.no-mistakes/worktrees/450411b3e67c/01M48AGCET15Z951PCQ4YNDYRJ/.v/spawn-home
HERDR command: status --json --session fm-lab-e2
FM_HOME=/home/node/.no-mistakes/worktrees/450411b3e67c/01M48AGCET15Z951PCQ4YNDYRJ/.v/spawn-home
HERDR command: pane run w1:p3 treehouse\ get --session fm-lab-e2
FM_HOME=/home/node/.no-mistakes/worktrees/450411b3e67c/01M48AGCET15Z951PCQ4YNDYRJ/.v/spawn-home
HERDR command: status --json --session fm-lab-e2
FM_HOME=/home/node/.no-mistakes/worktrees/450411b3e67c/01M48AGCET15Z951PCQ4YNDYRJ/.v/spawn-home
HERDR command: pane get w1:p3 --session fm-lab-e2
FM_HOME=/home/node/.no-mistakes/worktrees/450411b3e67c/01M48AGCET15Z951PCQ4YNDYRJ/.v/spawn-home
HERDR command: status --json --session fm-lab-e2
FM_HOME=/home/node/.no-mistakes/worktrees/450411b3e67c/01M48AGCET15Z951PCQ4YNDYRJ/.v/spawn-home
HERDR command: pane get w1:p3 --session fm-lab-e2
FM_HOME=/home/node/.no-mistakes/worktrees/450411b3e67c/01M48AGCET15Z951PCQ4YNDYRJ/.v/spawn-home
HERDR command: status --json --session fm-lab-e2
FM_HOME=/home/node/.no-mistakes/worktrees/450411b3e67c/01M48AGCET15Z951PCQ4YNDYRJ/.v/spawn-home
HERDR command: pane get w1:p3 --session fm-lab-e2
FM_HOME=/home/node/.no-mistakes/worktrees/450411b3e67c/01M48AGCET15Z951PCQ4YNDYRJ/.v/spawn-home
HERDR command: status --json --session fm-lab-e2
FM_HOME=/home/node/.no-mistakes/worktrees/450411b3e67c/01M48AGCET15Z951PCQ4YNDYRJ/.v/spawn-home
HERDR command: pane run w1:p3 cd\ --\ \'/home/node/.no-mistakes/worktrees/450411b3e67c/01M48AGCET15Z951PCQ4YNDYRJ/.v/home/.treehouse/spawn-project-acaec3/2/spawn-project\' --session fm-lab-e2
FM_HOME=/home/node/.no-mistakes/worktrees/450411b3e67c/01M48AGCET15Z951PCQ4YNDYRJ/.v/spawn-home
HERDR command: status --json --session fm-lab-e2
FM_HOME=/home/node/.no-mistakes/worktrees/450411b3e67c/01M48AGCET15Z951PCQ4YNDYRJ/.v/spawn-home
HERDR command: pane get w1:p3 --session fm-lab-e2
FM_HOME=/home/node/.no-mistakes/worktrees/450411b3e67c/01M48AGCET15Z951PCQ4YNDYRJ/.v/spawn-home
HERDR command: pane get w1:p2 --session fm-lab-e2
FM_ROOT_OVERRIDE=/home/node/.no-mistakes/worktrees/450411b3e67c/01M48AGCET15Z951PCQ4YNDYRJ/.v/runtime
FM_STATE_OVERRIDE=/home/node/.no-mistakes/worktrees/450411b3e67c/01M48AGCET15Z951PCQ4YNDYRJ/.v/spawn-home/state
FM_DATA_OVERRIDE=/home/node/.no-mistakes/worktrees/450411b3e67c/01M48AGCET15Z951PCQ4YNDYRJ/.v/spawn-home/data
FM_PROJECTS_OVERRIDE=/home/node/.no-mistakes/worktrees/450411b3e67c/01M48AGCET15Z951PCQ4YNDYRJ/.v/spawn-home/projects
FM_CONFIG_OVERRIDE=/home/node/.no-mistakes/worktrees/450411b3e67c/01M48AGCET15Z951PCQ4YNDYRJ/.v/spawn-home/config
FM_HOME=/home/node/.no-mistakes/worktrees/450411b3e67c/01M48AGCET15Z951PCQ4YNDYRJ/.v/spawn-home
HERDR command: pane get w1:p3 --session fm-lab-e2
FM_ROOT_OVERRIDE=/home/node/.no-mistakes/worktrees/450411b3e67c/01M48AGCET15Z951PCQ4YNDYRJ/.v/runtime
FM_STATE_OVERRIDE=/home/node/.no-mistakes/worktrees/450411b3e67c/01M48AGCET15Z951PCQ4YNDYRJ/.v/spawn-home/state
FM_DATA_OVERRIDE=/home/node/.no-mistakes/worktrees/450411b3e67c/01M48AGCET15Z951PCQ4YNDYRJ/.v/spawn-home/data
FM_PROJECTS_OVERRIDE=/home/node/.no-mistakes/worktrees/450411b3e67c/01M48AGCET15Z951PCQ4YNDYRJ/.v/spawn-home/projects
FM_CONFIG_OVERRIDE=/home/node/.no-mistakes/worktrees/450411b3e67c/01M48AGCET15Z951PCQ4YNDYRJ/.v/spawn-home/config
FM_HOME=/home/node/.no-mistakes/worktrees/450411b3e67c/01M48AGCET15Z951PCQ4YNDYRJ/.v/spawn-home
HERDR command: status --json --session fm-lab-e2
FM_HOME=/home/node/.no-mistakes/worktrees/450411b3e67c/01M48AGCET15Z951PCQ4YNDYRJ/.v/spawn-home
HERDR command: status --json --session fm-lab-e2
FM_HOME=/home/node/.no-mistakes/worktrees/450411b3e67c/01M48AGCET15Z951PCQ4YNDYRJ/.v/spawn-home
HERDR command: pane read w1:p2 --source recent --lines 200 --session fm-lab-e2
FM_HOME=/home/node/.no-mistakes/worktrees/450411b3e67c/01M48AGCET15Z951PCQ4YNDYRJ/.v/spawn-home
HERDR command: pane read w1:p3 --source recent --lines 200 --session fm-lab-e2
FM_HOME=/home/node/.no-mistakes/worktrees/450411b3e67c/01M48AGCET15Z951PCQ4YNDYRJ/.v/spawn-home
HERDR command: status --json --session fm-lab-e2
FM_HOME=/home/node/.no-mistakes/worktrees/450411b3e67c/01M48AGCET15Z951PCQ4YNDYRJ/.v/spawn-home
HERDR command: status --json --session fm-lab-e2
FM_HOME=/home/node/.no-mistakes/worktrees/450411b3e67c/01M48AGCET15Z951PCQ4YNDYRJ/.v/spawn-home
HERDR command: pane read w1:p3 --source recent --lines 200 --session fm-lab-e2
FM_HOME=/home/node/.no-mistakes/worktrees/450411b3e67c/01M48AGCET15Z951PCQ4YNDYRJ/.v/spawn-home
HERDR command: pane read w1:p2 --source recent --lines 200 --session fm-lab-e2
FM_HOME=/home/node/.no-mistakes/worktrees/450411b3e67c/01M48AGCET15Z951PCQ4YNDYRJ/.v/spawn-home
HERDR command: status --json --session fm-lab-e2
FM_HOME=/home/node/.no-mistakes/worktrees/450411b3e67c/01M48AGCET15Z951PCQ4YNDYRJ/.v/spawn-home
HERDR command: agent get w1:p3 --session fm-lab-e2
FM_HOME=/home/node/.no-mistakes/worktrees/450411b3e67c/01M48AGCET15Z951PCQ4YNDYRJ/.v/spawn-home
HERDR command: status --json --session fm-lab-e2
FM_HOME=/home/node/.no-mistakes/worktrees/450411b3e67c/01M48AGCET15Z951PCQ4YNDYRJ/.v/spawn-home
HERDR command: agent get w1:p2 --session fm-lab-e2
FM_HOME=/home/node/.no-mistakes/worktrees/450411b3e67c/01M48AGCET15Z951PCQ4YNDYRJ/.v/spawn-home
HERDR command: status --json --session fm-lab-e2
FM_HOME=/home/node/.no-mistakes/worktrees/450411b3e67c/01M48AGCET15Z951PCQ4YNDYRJ/.v/spawn-home
HERDR command: pane run w1:p3 export\ GOTMPDIR=\'/home/node/.no-mistakes/worktrees/450411b3e67c/01M48AGCET15Z951PCQ4YNDYRJ/.v/spawn-home/state/ship-all.tasktmp/gotmp\' --session fm-lab-e2
FM_HOME=/home/node/.no-mistakes/worktrees/450411b3e67c/01M48AGCET15Z951PCQ4YNDYRJ/.v/spawn-home
HERDR command: status --json --session fm-lab-e2
FM_HOME=/home/node/.no-mistakes/worktrees/450411b3e67c/01M48AGCET15Z951PCQ4YNDYRJ/.v/spawn-home
HERDR command: pane run w1:p3 export\ COMPACT_ADVISER_DISABLE=1 --session fm-lab-e2
FM_HOME=/home/node/.no-mistakes/worktrees/450411b3e67c/01M48AGCET15Z951PCQ4YNDYRJ/.v/spawn-home
HERDR command: status --json --session fm-lab-e2
FM_HOME=/home/node/.no-mistakes/worktrees/450411b3e67c/01M48AGCET15Z951PCQ4YNDYRJ/.v/spawn-home
HERDR command: pane run w1:p3 export\ FM_TASK_ID=ship-all --session fm-lab-e2
FM_HOME=/home/node/.no-mistakes/worktrees/450411b3e67c/01M48AGCET15Z951PCQ4YNDYRJ/.v/spawn-home
HERDR command: status --json --session fm-lab-e2
FM_HOME=/home/node/.no-mistakes/worktrees/450411b3e67c/01M48AGCET15Z951PCQ4YNDYRJ/.v/spawn-home
HERDR command: pane send-text w1:p3 .\ \'/tmp/fm-ship-all+225fc10db929241398488ecab5bc7b61357da0454bee5e18db2b2720920a857b/launch.s1791282975.981229.22514.sh\' --session fm-lab-e2
FM_HOME=/home/node/.no-mistakes/worktrees/450411b3e67c/01M48AGCET15Z951PCQ4YNDYRJ/.v/spawn-home
HERDR command: status --json --session fm-lab-e2
FM_HOME=/home/node/.no-mistakes/worktrees/450411b3e67c/01M48AGCET15Z951PCQ4YNDYRJ/.v/spawn-home
HERDR command: pane send-keys w1:p3 enter --session fm-lab-e2
FM_HOME=/home/node/.no-mistakes/worktrees/450411b3e67c/01M48AGCET15Z951PCQ4YNDYRJ/.v/spawn-home
HERDR command: session stop fm-lab-e2 --json --session fm-lab-e2
FM_HOME=/home/node/.no-mistakes/worktrees/450411b3e67c/01M48AGCET15Z951PCQ4YNDYRJ/.v/spawn-home
HERDR command: session delete fm-lab-e2 --json --session fm-lab-e2
FM_HOME=/home/node/.no-mistakes/worktrees/450411b3e67c/01M48AGCET15Z951PCQ4YNDYRJ/.v/spawn-home
HERDR command: server --session fm-lab-e2
FM_SNAPSHOT_SCOPED_ENV=1
FM_CREW_STATE_META_OVERRIDE=poison-FM_CREW_STATE_META_OVERRIDE
FM_CREW_STATE_STATUS_OVERRIDE=poison-FM_CREW_STATE_STATUS_OVERRIDE
FM_HOME_SUMMARY_IF_IDLE=poison-FM_HOME_SUMMARY_IF_IDLE
FM_HOME_SUMMARY_WORKER_BEST_EFFORT=poison-FM_HOME_SUMMARY_WORKER_BEST_EFFORT
FM_HOME_SUMMARY_PARENT_ERROR=poison-FM_HOME_SUMMARY_PARENT_ERROR
FM_HOME_SUMMARY_PARENT_STAMP=poison-FM_HOME_SUMMARY_PARENT_STAMP
FM_ROOT_OVERRIDE=poison-FM_ROOT_OVERRIDE
FM_STATE_OVERRIDE=poison-FM_STATE_OVERRIDE
FM_DATA_OVERRIDE=poison-FM_DATA_OVERRIDE
FM_PROJECTS_OVERRIDE=poison-FM_PROJECTS_OVERRIDE
FM_CONFIG_OVERRIDE=poison-FM_CONFIG_OVERRIDE
FM_HOME=/home/node/.no-mistakes/worktrees/450411b3e67c/01M48AGCET15Z951PCQ4YNDYRJ/.v/spawn-home
HERDR command: status --json --session fm-lab-e2
FM_SNAPSHOT_SCOPED_ENV=1
FM_CREW_STATE_META_OVERRIDE=poison-FM_CREW_STATE_META_OVERRIDE
FM_CREW_STATE_STATUS_OVERRIDE=poison-FM_CREW_STATE_STATUS_OVERRIDE
FM_HOME_SUMMARY_IF_IDLE=poison-FM_HOME_SUMMARY_IF_IDLE
FM_HOME_SUMMARY_WORKER_BEST_EFFORT=poison-FM_HOME_SUMMARY_WORKER_BEST_EFFORT
FM_HOME_SUMMARY_PARENT_ERROR=poison-FM_HOME_SUMMARY_PARENT_ERROR
FM_HOME_SUMMARY_PARENT_STAMP=poison-FM_HOME_SUMMARY_PARENT_STAMP
FM_ROOT_OVERRIDE=poison-FM_ROOT_OVERRIDE
FM_STATE_OVERRIDE=poison-FM_STATE_OVERRIDE
FM_DATA_OVERRIDE=poison-FM_DATA_OVERRIDE
FM_PROJECTS_OVERRIDE=poison-FM_PROJECTS_OVERRIDE
FM_CONFIG_OVERRIDE=poison-FM_CONFIG_OVERRIDE
FM_HOME=/home/node/.no-mistakes/worktrees/450411b3e67c/01M48AGCET15Z951PCQ4YNDYRJ/.v/spawn-home
HERDR command: status --json --session fm-lab-e2
FM_HOME=/home/node/.no-mistakes/worktrees/450411b3e67c/01M48AGCET15Z951PCQ4YNDYRJ/.v/spawn-home
HERDR command: status --json --session fm-lab-e2
FM_HOME=/home/node/.no-mistakes/worktrees/450411b3e67c/01M48AGCET15Z951PCQ4YNDYRJ/.v/spawn-home
HERDR command: status --json --session fm-lab-e2
FM_HOME=/home/node/.no-mistakes/worktrees/450411b3e67c/01M48AGCET15Z951PCQ4YNDYRJ/.v/spawn-home
HERDR command: status --json --session fm-lab-e2
FM_HOME=/home/node/.no-mistakes/worktrees/450411b3e67c/01M48AGCET15Z951PCQ4YNDYRJ/.v/spawn-home
HERDR command: status --json --session fm-lab-e2
FM_HOME=/home/node/.no-mistakes/worktrees/450411b3e67c/01M48AGCET15Z951PCQ4YNDYRJ/.v/spawn-home
HERDR command: workspace list --session fm-lab-e2
FM_HOME=/home/node/.no-mistakes/worktrees/450411b3e67c/01M48AGCET15Z951PCQ4YNDYRJ/.v/spawn-home
HERDR command: workspace create --cwd /home/node/.no-mistakes/worktrees/450411b3e67c/01M48AGCET15Z951PCQ4YNDYRJ/.v/spawn-project --label firstmate --no-focus --session fm-lab-e2
FM_HOME=/home/node/.no-mistakes/worktrees/450411b3e67c/01M48AGCET15Z951PCQ4YNDYRJ/.v/spawn-home
HERDR command: tab list --workspace w1 --session fm-lab-e2
FM_HOME=/home/node/.no-mistakes/worktrees/450411b3e67c/01M48AGCET15Z951PCQ4YNDYRJ/.v/spawn-home
HERDR command: tab create --workspace w1 --cwd /home/node/.no-mistakes/worktrees/450411b3e67c/01M48AGCET15Z951PCQ4YNDYRJ/.v/spawn-project --label fm-ship-absent --no-focus --session fm-lab-e2
FM_HOME=/home/node/.no-mistakes/worktrees/450411b3e67c/01M48AGCET15Z951PCQ4YNDYRJ/.v/spawn-home
HERDR command: tab list --workspace w1 --session fm-lab-e2
FM_HOME=/home/node/.no-mistakes/worktrees/450411b3e67c/01M48AGCET15Z951PCQ4YNDYRJ/.v/spawn-home
HERDR command: pane list --workspace w1 --session fm-lab-e2
FM_HOME=/home/node/.no-mistakes/worktrees/450411b3e67c/01M48AGCET15Z951PCQ4YNDYRJ/.v/spawn-home
HERDR command: agent get w1:p1 --session fm-lab-e2
FM_HOME=/home/node/.no-mistakes/worktrees/450411b3e67c/01M48AGCET15Z951PCQ4YNDYRJ/.v/spawn-home
HERDR command: pane close w1:p1 --session fm-lab-e2
FM_HOME=/home/node/.no-mistakes/worktrees/450411b3e67c/01M48AGCET15Z951PCQ4YNDYRJ/.v/spawn-home
HERDR command: status --json --session fm-lab-e2
FM_HOME=/home/node/.no-mistakes/worktrees/450411b3e67c/01M48AGCET15Z951PCQ4YNDYRJ/.v/spawn-home
HERDR command: pane run w1:p2 treehouse\ get --session fm-lab-e2
FM_HOME=/home/node/.no-mistakes/worktrees/450411b3e67c/01M48AGCET15Z951PCQ4YNDYRJ/.v/spawn-home
HERDR command: status --json --session fm-lab-e2
FM_HOME=/home/node/.no-mistakes/worktrees/450411b3e67c/01M48AGCET15Z951PCQ4YNDYRJ/.v/spawn-home
HERDR command: pane get w1:p2 --session fm-lab-e2
FM_HOME=/home/node/.no-mistakes/worktrees/450411b3e67c/01M48AGCET15Z951PCQ4YNDYRJ/.v/spawn-home
HERDR command: status --json --session fm-lab-e2
FM_HOME=/home/node/.no-mistakes/worktrees/450411b3e67c/01M48AGCET15Z951PCQ4YNDYRJ/.v/spawn-home
HERDR command: pane get w1:p2 --session fm-lab-e2
FM_HOME=/home/node/.no-mistakes/worktrees/450411b3e67c/01M48AGCET15Z951PCQ4YNDYRJ/.v/spawn-home
HERDR command: status --json --session fm-lab-e2
FM_HOME=/home/node/.no-mistakes/worktrees/450411b3e67c/01M48AGCET15Z951PCQ4YNDYRJ/.v/spawn-home
HERDR command: pane get w1:p2 --session fm-lab-e2
FM_HOME=/home/node/.no-mistakes/worktrees/450411b3e67c/01M48AGCET15Z951PCQ4YNDYRJ/.v/spawn-home
HERDR command: status --json --session fm-lab-e2
FM_HOME=/home/node/.no-mistakes/worktrees/450411b3e67c/01M48AGCET15Z951PCQ4YNDYRJ/.v/spawn-home
HERDR command: pane run w1:p2 cd\ --\ \'/home/node/.no-mistakes/worktrees/450411b3e67c/01M48AGCET15Z951PCQ4YNDYRJ/.v/home/.treehouse/spawn-project-acaec3/1/spawn-project\' --session fm-lab-e2
FM_HOME=/home/node/.no-mistakes/worktrees/450411b3e67c/01M48AGCET15Z951PCQ4YNDYRJ/.v/spawn-home
HERDR command: status --json --session fm-lab-e2
FM_HOME=/home/node/.no-mistakes/worktrees/450411b3e67c/01M48AGCET15Z951PCQ4YNDYRJ/.v/spawn-home
HERDR command: pane get w1:p2 --session fm-lab-e2
FM_HOME=/home/node/.no-mistakes/worktrees/450411b3e67c/01M48AGCET15Z951PCQ4YNDYRJ/.v/spawn-home
HERDR command: pane get w1:p2 --session fm-lab-e2
FM_ROOT_OVERRIDE=/home/node/.no-mistakes/worktrees/450411b3e67c/01M48AGCET15Z951PCQ4YNDYRJ/.v/runtime
FM_STATE_OVERRIDE=/home/node/.no-mistakes/worktrees/450411b3e67c/01M48AGCET15Z951PCQ4YNDYRJ/.v/spawn-home/state
FM_DATA_OVERRIDE=/home/node/.no-mistakes/worktrees/450411b3e67c/01M48AGCET15Z951PCQ4YNDYRJ/.v/spawn-home/data
FM_PROJECTS_OVERRIDE=/home/node/.no-mistakes/worktrees/450411b3e67c/01M48AGCET15Z951PCQ4YNDYRJ/.v/spawn-home/projects
FM_CONFIG_OVERRIDE=/home/node/.no-mistakes/worktrees/450411b3e67c/01M48AGCET15Z951PCQ4YNDYRJ/.v/spawn-home/config
FM_HOME=/home/node/.no-mistakes/worktrees/450411b3e67c/01M48AGCET15Z951PCQ4YNDYRJ/.v/spawn-home
HERDR command: status --json --session fm-lab-e2
FM_HOME=/home/node/.no-mistakes/worktrees/450411b3e67c/01M48AGCET15Z951PCQ4YNDYRJ/.v/spawn-home
HERDR command: pane read w1:p2 --source recent --lines 200 --session fm-lab-e2
FM_HOME=/home/node/.no-mistakes/worktrees/450411b3e67c/01M48AGCET15Z951PCQ4YNDYRJ/.v/spawn-home
HERDR command: status --json --session fm-lab-e2
FM_HOME=/home/node/.no-mistakes/worktrees/450411b3e67c/01M48AGCET15Z951PCQ4YNDYRJ/.v/spawn-home
HERDR command: pane read w1:p2 --source recent --lines 200 --session fm-lab-e2
FM_HOME=/home/node/.no-mistakes/worktrees/450411b3e67c/01M48AGCET15Z951PCQ4YNDYRJ/.v/spawn-home
HERDR command: status --json --session fm-lab-e2
FM_HOME=/home/node/.no-mistakes/worktrees/450411b3e67c/01M48AGCET15Z951PCQ4YNDYRJ/.v/spawn-home
HERDR command: agent get w1:p2 --session fm-lab-e2
FM_HOME=/home/node/.no-mistakes/worktrees/450411b3e67c/01M48AGCET15Z951PCQ4YNDYRJ/.v/spawn-home
HERDR command: status --json --session fm-lab-e2
FM_HOME=/home/node/.no-mistakes/worktrees/450411b3e67c/01M48AGCET15Z951PCQ4YNDYRJ/.v/spawn-home
HERDR command: pane run w1:p2 export\ GOTMPDIR=\'/home/node/.no-mistakes/worktrees/450411b3e67c/01M48AGCET15Z951PCQ4YNDYRJ/.v/spawn-home/state/ship-absent.tasktmp/gotmp\' --session fm-lab-e2
FM_HOME=/home/node/.no-mistakes/worktrees/450411b3e67c/01M48AGCET15Z951PCQ4YNDYRJ/.v/spawn-home
HERDR command: status --json --session fm-lab-e2
FM_HOME=/home/node/.no-mistakes/worktrees/450411b3e67c/01M48AGCET15Z951PCQ4YNDYRJ/.v/spawn-home
HERDR command: pane run w1:p2 export\ COMPACT_ADVISER_DISABLE=1 --session fm-lab-e2
FM_HOME=/home/node/.no-mistakes/worktrees/450411b3e67c/01M48AGCET15Z951PCQ4YNDYRJ/.v/spawn-home
HERDR command: status --json --session fm-lab-e2
FM_HOME=/home/node/.no-mistakes/worktrees/450411b3e67c/01M48AGCET15Z951PCQ4YNDYRJ/.v/spawn-home
HERDR command: pane run w1:p2 export\ FM_TASK_ID=ship-absent --session fm-lab-e2
FM_HOME=/home/node/.no-mistakes/worktrees/450411b3e67c/01M48AGCET15Z951PCQ4YNDYRJ/.v/spawn-home
HERDR command: status --json --session fm-lab-e2
FM_HOME=/home/node/.no-mistakes/worktrees/450411b3e67c/01M48AGCET15Z951PCQ4YNDYRJ/.v/spawn-home
HERDR command: pane send-text w1:p2 .\ \'/tmp/fm-ship-absent+225fc10db929241398488ecab5bc7b61357da0454bee5e18db2b2720920a857b/launch.s1791283007.998785.29012.sh\' --session fm-lab-e2
FM_HOME=/home/node/.no-mistakes/worktrees/450411b3e67c/01M48AGCET15Z951PCQ4YNDYRJ/.v/spawn-home
HERDR command: status --json --session fm-lab-e2
FM_HOME=/home/node/.no-mistakes/worktrees/450411b3e67c/01M48AGCET15Z951PCQ4YNDYRJ/.v/spawn-home
HERDR command: pane send-keys w1:p2 enter --session fm-lab-e2
FM_HOME=/home/node/.no-mistakes/worktrees/450411b3e67c/01M48AGCET15Z951PCQ4YNDYRJ/.v/spawn-home
HERDR command: status --json --session fm-lab-e2
FM_HOME=/home/node/.no-mistakes/worktrees/450411b3e67c/01M48AGCET15Z951PCQ4YNDYRJ/.v/spawn-home
HERDR command: pane read w1:p2 --source recent --lines 200 --session fm-lab-e2
FM_HOME=/home/node/.no-mistakes/worktrees/450411b3e67c/01M48AGCET15Z951PCQ4YNDYRJ/.v/spawn-home
HERDR command: status --json --session fm-lab-e2
FM_HOME=/home/node/.no-mistakes/worktrees/450411b3e67c/01M48AGCET15Z951PCQ4YNDYRJ/.v/spawn-home
HERDR command: pane read w1:p2 --source recent --lines 200 --session fm-lab-e2
FM_HOME=/home/node/.no-mistakes/worktrees/450411b3e67c/01M48AGCET15Z951PCQ4YNDYRJ/.v/spawn-home
HERDR command: status --json --session fm-lab-e2
FM_HOME=/home/node/.no-mistakes/worktrees/450411b3e67c/01M48AGCET15Z951PCQ4YNDYRJ/.v/spawn-home
HERDR command: agent get w1:p2 --session fm-lab-e2
FM_HOME=/home/node/.no-mistakes/worktrees/450411b3e67c/01M48AGCET15Z951PCQ4YNDYRJ/.v/spawn-home
HERDR command: status --json --session fm-lab-e2
FM_HOME=/home/node/.no-mistakes/worktrees/450411b3e67c/01M48AGCET15Z951PCQ4YNDYRJ/.v/spawn-home
HERDR command: pane read w1:p2 --source recent --lines 200 --session fm-lab-e2
FM_HOME=/home/node/.no-mistakes/worktrees/450411b3e67c/01M48AGCET15Z951PCQ4YNDYRJ/.v/spawn-home
HERDR command: status --json --session fm-lab-e2
FM_HOME=/home/node/.no-mistakes/worktrees/450411b3e67c/01M48AGCET15Z951PCQ4YNDYRJ/.v/spawn-home
HERDR command: pane read w1:p2 --source recent --lines 200 --session fm-lab-e2
FM_HOME=/home/node/.no-mistakes/worktrees/450411b3e67c/01M48AGCET15Z951PCQ4YNDYRJ/.v/spawn-home
HERDR command: status --json --session fm-lab-e2
FM_HOME=/home/node/.no-mistakes/worktrees/450411b3e67c/01M48AGCET15Z951PCQ4YNDYRJ/.v/spawn-home
HERDR command: agent get w1:p2 --session fm-lab-e2
FM_HOME=/home/node/.no-mistakes/worktrees/450411b3e67c/01M48AGCET15Z951PCQ4YNDYRJ/.v/spawn-home
HERDR command: status --json --session fm-lab-e2
FM_HOME=/home/node/.no-mistakes/worktrees/450411b3e67c/01M48AGCET15Z951PCQ4YNDYRJ/.v/spawn-home
HERDR command: status --json --session fm-lab-e2
FM_HOME=/home/node/.no-mistakes/worktrees/450411b3e67c/01M48AGCET15Z951PCQ4YNDYRJ/.v/spawn-home
HERDR command: status --json --session fm-lab-e2
FM_HOME=/home/node/.no-mistakes/worktrees/450411b3e67c/01M48AGCET15Z951PCQ4YNDYRJ/.v/spawn-home
HERDR command: status --json --session fm-lab-e2
FM_HOME=/home/node/.no-mistakes/worktrees/450411b3e67c/01M48AGCET15Z951PCQ4YNDYRJ/.v/spawn-home
HERDR command: status --json --session fm-lab-e2
FM_HOME=/home/node/.no-mistakes/worktrees/450411b3e67c/01M48AGCET15Z951PCQ4YNDYRJ/.v/spawn-home
HERDR command: workspace list --session fm-lab-e2
FM_HOME=/home/node/.no-mistakes/worktrees/450411b3e67c/01M48AGCET15Z951PCQ4YNDYRJ/.v/spawn-home
HERDR command: tab list --workspace w1 --session fm-lab-e2
FM_HOME=/home/node/.no-mistakes/worktrees/450411b3e67c/01M48AGCET15Z951PCQ4YNDYRJ/.v/spawn-home
HERDR command: tab create --workspace w1 --cwd /home/node/.no-mistakes/worktrees/450411b3e67c/01M48AGCET15Z951PCQ4YNDYRJ/.v/spawn-project --label fm-ship-all --no-focus --session fm-lab-e2
FM_HOME=/home/node/.no-mistakes/worktrees/450411b3e67c/01M48AGCET15Z951PCQ4YNDYRJ/.v/spawn-home
HERDR command: status --json --session fm-lab-e2
FM_HOME=/home/node/.no-mistakes/worktrees/450411b3e67c/01M48AGCET15Z951PCQ4YNDYRJ/.v/spawn-home
HERDR command: pane run w1:p3 treehouse\ get --session fm-lab-e2
FM_HOME=/home/node/.no-mistakes/worktrees/450411b3e67c/01M48AGCET15Z951PCQ4YNDYRJ/.v/spawn-home
HERDR command: status --json --session fm-lab-e2
FM_HOME=/home/node/.no-mistakes/worktrees/450411b3e67c/01M48AGCET15Z951PCQ4YNDYRJ/.v/spawn-home
HERDR command: pane get w1:p3 --session fm-lab-e2
FM_HOME=/home/node/.no-mistakes/worktrees/450411b3e67c/01M48AGCET15Z951PCQ4YNDYRJ/.v/spawn-home
HERDR command: status --json --session fm-lab-e2
FM_HOME=/home/node/.no-mistakes/worktrees/450411b3e67c/01M48AGCET15Z951PCQ4YNDYRJ/.v/spawn-home
HERDR command: pane get w1:p3 --session fm-lab-e2
FM_HOME=/home/node/.no-mistakes/worktrees/450411b3e67c/01M48AGCET15Z951PCQ4YNDYRJ/.v/spawn-home
HERDR command: status --json --session fm-lab-e2
FM_HOME=/home/node/.no-mistakes/worktrees/450411b3e67c/01M48AGCET15Z951PCQ4YNDYRJ/.v/spawn-home
HERDR command: pane get w1:p3 --session fm-lab-e2
FM_HOME=/home/node/.no-mistakes/worktrees/450411b3e67c/01M48AGCET15Z951PCQ4YNDYRJ/.v/spawn-home
HERDR command: status --json --session fm-lab-e2
FM_HOME=/home/node/.no-mistakes/worktrees/450411b3e67c/01M48AGCET15Z951PCQ4YNDYRJ/.v/spawn-home
HERDR command: pane run w1:p3 cd\ --\ \'/home/node/.no-mistakes/worktrees/450411b3e67c/01M48AGCET15Z951PCQ4YNDYRJ/.v/home/.treehouse/spawn-project-acaec3/2/spawn-project\' --session fm-lab-e2
FM_HOME=/home/node/.no-mistakes/worktrees/450411b3e67c/01M48AGCET15Z951PCQ4YNDYRJ/.v/spawn-home
HERDR command: status --json --session fm-lab-e2
FM_HOME=/home/node/.no-mistakes/worktrees/450411b3e67c/01M48AGCET15Z951PCQ4YNDYRJ/.v/spawn-home
HERDR command: pane get w1:p3 --session fm-lab-e2
FM_HOME=/home/node/.no-mistakes/worktrees/450411b3e67c/01M48AGCET15Z951PCQ4YNDYRJ/.v/spawn-home
HERDR command: pane get w1:p2 --session fm-lab-e2
FM_ROOT_OVERRIDE=/home/node/.no-mistakes/worktrees/450411b3e67c/01M48AGCET15Z951PCQ4YNDYRJ/.v/runtime
FM_STATE_OVERRIDE=/home/node/.no-mistakes/worktrees/450411b3e67c/01M48AGCET15Z951PCQ4YNDYRJ/.v/spawn-home/state
FM_DATA_OVERRIDE=/home/node/.no-mistakes/worktrees/450411b3e67c/01M48AGCET15Z951PCQ4YNDYRJ/.v/spawn-home/data
FM_PROJECTS_OVERRIDE=/home/node/.no-mistakes/worktrees/450411b3e67c/01M48AGCET15Z951PCQ4YNDYRJ/.v/spawn-home/projects
FM_CONFIG_OVERRIDE=/home/node/.no-mistakes/worktrees/450411b3e67c/01M48AGCET15Z951PCQ4YNDYRJ/.v/spawn-home/config
FM_HOME=/home/node/.no-mistakes/worktrees/450411b3e67c/01M48AGCET15Z951PCQ4YNDYRJ/.v/spawn-home
HERDR command: pane get w1:p3 --session fm-lab-e2
FM_ROOT_OVERRIDE=/home/node/.no-mistakes/worktrees/450411b3e67c/01M48AGCET15Z951PCQ4YNDYRJ/.v/runtime
FM_STATE_OVERRIDE=/home/node/.no-mistakes/worktrees/450411b3e67c/01M48AGCET15Z951PCQ4YNDYRJ/.v/spawn-home/state
FM_DATA_OVERRIDE=/home/node/.no-mistakes/worktrees/450411b3e67c/01M48AGCET15Z951PCQ4YNDYRJ/.v/spawn-home/data
FM_PROJECTS_OVERRIDE=/home/node/.no-mistakes/worktrees/450411b3e67c/01M48AGCET15Z951PCQ4YNDYRJ/.v/spawn-home/projects
FM_CONFIG_OVERRIDE=/home/node/.no-mistakes/worktrees/450411b3e67c/01M48AGCET15Z951PCQ4YNDYRJ/.v/spawn-home/config
FM_HOME=/home/node/.no-mistakes/worktrees/450411b3e67c/01M48AGCET15Z951PCQ4YNDYRJ/.v/spawn-home
HERDR command: status --json --session fm-lab-e2
FM_HOME=/home/node/.no-mistakes/worktrees/450411b3e67c/01M48AGCET15Z951PCQ4YNDYRJ/.v/spawn-home
HERDR command: status --json --session fm-lab-e2
FM_HOME=/home/node/.no-mistakes/worktrees/450411b3e67c/01M48AGCET15Z951PCQ4YNDYRJ/.v/spawn-home
HERDR command: pane read w1:p2 --source recent --lines 200 --session fm-lab-e2
FM_HOME=/home/node/.no-mistakes/worktrees/450411b3e67c/01M48AGCET15Z951PCQ4YNDYRJ/.v/spawn-home
HERDR command: pane read w1:p3 --source recent --lines 200 --session fm-lab-e2
FM_HOME=/home/node/.no-mistakes/worktrees/450411b3e67c/01M48AGCET15Z951PCQ4YNDYRJ/.v/spawn-home
HERDR command: status --json --session fm-lab-e2
FM_HOME=/home/node/.no-mistakes/worktrees/450411b3e67c/01M48AGCET15Z951PCQ4YNDYRJ/.v/spawn-home
HERDR command: status --json --session fm-lab-e2
FM_HOME=/home/node/.no-mistakes/worktrees/450411b3e67c/01M48AGCET15Z951PCQ4YNDYRJ/.v/spawn-home
HERDR command: pane read w1:p2 --source recent --lines 200 --session fm-lab-e2
FM_HOME=/home/node/.no-mistakes/worktrees/450411b3e67c/01M48AGCET15Z951PCQ4YNDYRJ/.v/spawn-home
HERDR command: pane read w1:p3 --source recent --lines 200 --session fm-lab-e2
FM_HOME=/home/node/.no-mistakes/worktrees/450411b3e67c/01M48AGCET15Z951PCQ4YNDYRJ/.v/spawn-home
HERDR command: status --json --session fm-lab-e2
FM_HOME=/home/node/.no-mistakes/worktrees/450411b3e67c/01M48AGCET15Z951PCQ4YNDYRJ/.v/spawn-home
HERDR command: status --json --session fm-lab-e2
FM_HOME=/home/node/.no-mistakes/worktrees/450411b3e67c/01M48AGCET15Z951PCQ4YNDYRJ/.v/spawn-home
HERDR command: agent get w1:p2 --session fm-lab-e2
FM_HOME=/home/node/.no-mistakes/worktrees/450411b3e67c/01M48AGCET15Z951PCQ4YNDYRJ/.v/spawn-home
HERDR command: agent get w1:p3 --session fm-lab-e2
FM_HOME=/home/node/.no-mistakes/worktrees/450411b3e67c/01M48AGCET15Z951PCQ4YNDYRJ/.v/spawn-home
HERDR command: status --json --session fm-lab-e2
FM_HOME=/home/node/.no-mistakes/worktrees/450411b3e67c/01M48AGCET15Z951PCQ4YNDYRJ/.v/spawn-home
HERDR command: pane run w1:p3 export\ GOTMPDIR=\'/home/node/.no-mistakes/worktrees/450411b3e67c/01M48AGCET15Z951PCQ4YNDYRJ/.v/spawn-home/state/ship-all.tasktmp/gotmp\' --session fm-lab-e2
FM_HOME=/home/node/.no-mistakes/worktrees/450411b3e67c/01M48AGCET15Z951PCQ4YNDYRJ/.v/spawn-home
HERDR command: status --json --session fm-lab-e2
FM_HOME=/home/node/.no-mistakes/worktrees/450411b3e67c/01M48AGCET15Z951PCQ4YNDYRJ/.v/spawn-home
HERDR command: pane run w1:p3 export\ COMPACT_ADVISER_DISABLE=1 --session fm-lab-e2
FM_HOME=/home/node/.no-mistakes/worktrees/450411b3e67c/01M48AGCET15Z951PCQ4YNDYRJ/.v/spawn-home
HERDR command: status --json --session fm-lab-e2
FM_HOME=/home/node/.no-mistakes/worktrees/450411b3e67c/01M48AGCET15Z951PCQ4YNDYRJ/.v/spawn-home
HERDR command: pane run w1:p3 export\ FM_TASK_ID=ship-all --session fm-lab-e2
FM_HOME=/home/node/.no-mistakes/worktrees/450411b3e67c/01M48AGCET15Z951PCQ4YNDYRJ/.v/spawn-home
HERDR command: status --json --session fm-lab-e2
FM_HOME=/home/node/.no-mistakes/worktrees/450411b3e67c/01M48AGCET15Z951PCQ4YNDYRJ/.v/spawn-home
HERDR command: pane send-text w1:p3 .\ \'/tmp/fm-ship-all+225fc10db929241398488ecab5bc7b61357da0454bee5e18db2b2720920a857b/launch.s1791283012.1000362.27665.sh\' --session fm-lab-e2
FM_HOME=/home/node/.no-mistakes/worktrees/450411b3e67c/01M48AGCET15Z951PCQ4YNDYRJ/.v/spawn-home
HERDR command: status --json --session fm-lab-e2
FM_HOME=/home/node/.no-mistakes/worktrees/450411b3e67c/01M48AGCET15Z951PCQ4YNDYRJ/.v/spawn-home
HERDR command: pane send-keys w1:p3 enter --session fm-lab-e2
FM_HOME=/home/node/.no-mistakes/worktrees/450411b3e67c/01M48AGCET15Z951PCQ4YNDYRJ/.v/spawn-home
HERDR command: status --json --session fm-lab-e2
FM_HOME=/home/node/.no-mistakes/worktrees/450411b3e67c/01M48AGCET15Z951PCQ4YNDYRJ/.v/spawn-home
HERDR command: status --json --session fm-lab-e2
FM_HOME=/home/node/.no-mistakes/worktrees/450411b3e67c/01M48AGCET15Z951PCQ4YNDYRJ/.v/spawn-home
HERDR command: status --json --session fm-lab-e2
FM_HOME=/home/node/.no-mistakes/worktrees/450411b3e67c/01M48AGCET15Z951PCQ4YNDYRJ/.v/spawn-home
HERDR command: status --json --session fm-lab-e2
FM_HOME=/home/node/.no-mistakes/worktrees/450411b3e67c/01M48AGCET15Z951PCQ4YNDYRJ/.v/spawn-home
HERDR command: status --json --session fm-lab-e2
FM_HOME=/home/node/.no-mistakes/worktrees/450411b3e67c/01M48AGCET15Z951PCQ4YNDYRJ/.v/spawn-home
HERDR command: workspace list --session fm-lab-e2
FM_HOME=/home/node/.no-mistakes/worktrees/450411b3e67c/01M48AGCET15Z951PCQ4YNDYRJ/.v/spawn-home
HERDR command: tab list --workspace w1 --session fm-lab-e2
FM_HOME=/home/node/.no-mistakes/worktrees/450411b3e67c/01M48AGCET15Z951PCQ4YNDYRJ/.v/spawn-home
HERDR command: tab create --workspace w1 --cwd /home/node/.no-mistakes/worktrees/450411b3e67c/01M48AGCET15Z951PCQ4YNDYRJ/.v/spawn-project --label fm-ship-paths-only --no-focus --session fm-lab-e2
FM_HOME=/home/node/.no-mistakes/worktrees/450411b3e67c/01M48AGCET15Z951PCQ4YNDYRJ/.v/spawn-home
HERDR command: status --json --session fm-lab-e2
FM_HOME=/home/node/.no-mistakes/worktrees/450411b3e67c/01M48AGCET15Z951PCQ4YNDYRJ/.v/spawn-home
HERDR command: pane run w1:p4 treehouse\ get --session fm-lab-e2
FM_HOME=/home/node/.no-mistakes/worktrees/450411b3e67c/01M48AGCET15Z951PCQ4YNDYRJ/.v/spawn-home
HERDR command: status --json --session fm-lab-e2
FM_HOME=/home/node/.no-mistakes/worktrees/450411b3e67c/01M48AGCET15Z951PCQ4YNDYRJ/.v/spawn-home
HERDR command: pane get w1:p4 --session fm-lab-e2
FM_HOME=/home/node/.no-mistakes/worktrees/450411b3e67c/01M48AGCET15Z951PCQ4YNDYRJ/.v/spawn-home
HERDR command: status --json --session fm-lab-e2
FM_HOME=/home/node/.no-mistakes/worktrees/450411b3e67c/01M48AGCET15Z951PCQ4YNDYRJ/.v/spawn-home
HERDR command: pane get w1:p4 --session fm-lab-e2
FM_HOME=/home/node/.no-mistakes/worktrees/450411b3e67c/01M48AGCET15Z951PCQ4YNDYRJ/.v/spawn-home
HERDR command: status --json --session fm-lab-e2
FM_HOME=/home/node/.no-mistakes/worktrees/450411b3e67c/01M48AGCET15Z951PCQ4YNDYRJ/.v/spawn-home
HERDR command: pane get w1:p4 --session fm-lab-e2
FM_HOME=/home/node/.no-mistakes/worktrees/450411b3e67c/01M48AGCET15Z951PCQ4YNDYRJ/.v/spawn-home
HERDR command: status --json --session fm-lab-e2
FM_HOME=/home/node/.no-mistakes/worktrees/450411b3e67c/01M48AGCET15Z951PCQ4YNDYRJ/.v/spawn-home
HERDR command: pane run w1:p4 cd\ --\ \'/home/node/.no-mistakes/worktrees/450411b3e67c/01M48AGCET15Z951PCQ4YNDYRJ/.v/home/.treehouse/spawn-project-acaec3/3/spawn-project\' --session fm-lab-e2
FM_HOME=/home/node/.no-mistakes/worktrees/450411b3e67c/01M48AGCET15Z951PCQ4YNDYRJ/.v/spawn-home
HERDR command: status --json --session fm-lab-e2
FM_HOME=/home/node/.no-mistakes/worktrees/450411b3e67c/01M48AGCET15Z951PCQ4YNDYRJ/.v/spawn-home
HERDR command: pane get w1:p4 --session fm-lab-e2
FM_HOME=/home/node/.no-mistakes/worktrees/450411b3e67c/01M48AGCET15Z951PCQ4YNDYRJ/.v/spawn-home
HERDR command: pane get w1:p2 --session fm-lab-e2
FM_ROOT_OVERRIDE=/home/node/.no-mistakes/worktrees/450411b3e67c/01M48AGCET15Z951PCQ4YNDYRJ/.v/runtime
FM_STATE_OVERRIDE=/home/node/.no-mistakes/worktrees/450411b3e67c/01M48AGCET15Z951PCQ4YNDYRJ/.v/spawn-home/state
FM_DATA_OVERRIDE=/home/node/.no-mistakes/worktrees/450411b3e67c/01M48AGCET15Z951PCQ4YNDYRJ/.v/spawn-home/data
FM_PROJECTS_OVERRIDE=/home/node/.no-mistakes/worktrees/450411b3e67c/01M48AGCET15Z951PCQ4YNDYRJ/.v/spawn-home/projects
FM_CONFIG_OVERRIDE=/home/node/.no-mistakes/worktrees/450411b3e67c/01M48AGCET15Z951PCQ4YNDYRJ/.v/spawn-home/config
FM_HOME=/home/node/.no-mistakes/worktrees/450411b3e67c/01M48AGCET15Z951PCQ4YNDYRJ/.v/spawn-home
HERDR command: pane get w1:p3 --session fm-lab-e2
FM_ROOT_OVERRIDE=/home/node/.no-mistakes/worktrees/450411b3e67c/01M48AGCET15Z951PCQ4YNDYRJ/.v/runtime
FM_STATE_OVERRIDE=/home/node/.no-mistakes/worktrees/450411b3e67c/01M48AGCET15Z951PCQ4YNDYRJ/.v/spawn-home/state
FM_DATA_OVERRIDE=/home/node/.no-mistakes/worktrees/450411b3e67c/01M48AGCET15Z951PCQ4YNDYRJ/.v/spawn-home/data
FM_PROJECTS_OVERRIDE=/home/node/.no-mistakes/worktrees/450411b3e67c/01M48AGCET15Z951PCQ4YNDYRJ/.v/spawn-home/projects
FM_CONFIG_OVERRIDE=/home/node/.no-mistakes/worktrees/450411b3e67c/01M48AGCET15Z951PCQ4YNDYRJ/.v/spawn-home/config
FM_HOME=/home/node/.no-mistakes/worktrees/450411b3e67c/01M48AGCET15Z951PCQ4YNDYRJ/.v/spawn-home
HERDR command: pane get w1:p4 --session fm-lab-e2
FM_ROOT_OVERRIDE=/home/node/.no-mistakes/worktrees/450411b3e67c/01M48AGCET15Z951PCQ4YNDYRJ/.v/runtime
FM_STATE_OVERRIDE=/home/node/.no-mistakes/worktrees/450411b3e67c/01M48AGCET15Z951PCQ4YNDYRJ/.v/spawn-home/state
FM_DATA_OVERRIDE=/home/node/.no-mistakes/worktrees/450411b3e67c/01M48AGCET15Z951PCQ4YNDYRJ/.v/spawn-home/data
FM_PROJECTS_OVERRIDE=/home/node/.no-mistakes/worktrees/450411b3e67c/01M48AGCET15Z951PCQ4YNDYRJ/.v/spawn-home/projects
FM_CONFIG_OVERRIDE=/home/node/.no-mistakes/worktrees/450411b3e67c/01M48AGCET15Z951PCQ4YNDYRJ/.v/spawn-home/config
FM_HOME=/home/node/.no-mistakes/worktrees/450411b3e67c/01M48AGCET15Z951PCQ4YNDYRJ/.v/spawn-home
HERDR command: status --json --session fm-lab-e2
FM_HOME=/home/node/.no-mistakes/worktrees/450411b3e67c/01M48AGCET15Z951PCQ4YNDYRJ/.v/spawn-home
HERDR command: status --json --session fm-lab-e2
FM_HOME=/home/node/.no-mistakes/worktrees/450411b3e67c/01M48AGCET15Z951PCQ4YNDYRJ/.v/spawn-home
HERDR command: status --json --session fm-lab-e2
FM_HOME=/home/node/.no-mistakes/worktrees/450411b3e67c/01M48AGCET15Z951PCQ4YNDYRJ/.v/spawn-home
HERDR command: pane read w1:p2 --source recent --lines 200 --session fm-lab-e2
FM_HOME=/home/node/.no-mistakes/worktrees/450411b3e67c/01M48AGCET15Z951PCQ4YNDYRJ/.v/spawn-home
HERDR command: pane read w1:p3 --source recent --lines 200 --session fm-lab-e2
FM_HOME=/home/node/.no-mistakes/worktrees/450411b3e67c/01M48AGCET15Z951PCQ4YNDYRJ/.v/spawn-home
HERDR command: pane read w1:p4 --source recent --lines 200 --session fm-lab-e2
FM_HOME=/home/node/.no-mistakes/worktrees/450411b3e67c/01M48AGCET15Z951PCQ4YNDYRJ/.v/spawn-home
HERDR command: status --json --session fm-lab-e2
FM_HOME=/home/node/.no-mistakes/worktrees/450411b3e67c/01M48AGCET15Z951PCQ4YNDYRJ/.v/spawn-home
HERDR command: status --json --session fm-lab-e2
FM_HOME=/home/node/.no-mistakes/worktrees/450411b3e67c/01M48AGCET15Z951PCQ4YNDYRJ/.v/spawn-home
HERDR command: status --json --session fm-lab-e2
FM_HOME=/home/node/.no-mistakes/worktrees/450411b3e67c/01M48AGCET15Z951PCQ4YNDYRJ/.v/spawn-home
HERDR command: pane read w1:p2 --source recent --lines 200 --session fm-lab-e2
FM_HOME=/home/node/.no-mistakes/worktrees/450411b3e67c/01M48AGCET15Z951PCQ4YNDYRJ/.v/spawn-home
HERDR command: pane read w1:p3 --source recent --lines 200 --session fm-lab-e2
FM_HOME=/home/node/.no-mistakes/worktrees/450411b3e67c/01M48AGCET15Z951PCQ4YNDYRJ/.v/spawn-home
HERDR command: pane read w1:p4 --source recent --lines 200 --session fm-lab-e2
FM_HOME=/home/node/.no-mistakes/worktrees/450411b3e67c/01M48AGCET15Z951PCQ4YNDYRJ/.v/spawn-home
HERDR command: status --json --session fm-lab-e2
FM_HOME=/home/node/.no-mistakes/worktrees/450411b3e67c/01M48AGCET15Z951PCQ4YNDYRJ/.v/spawn-home
HERDR command: status --json --session fm-lab-e2
FM_HOME=/home/node/.no-mistakes/worktrees/450411b3e67c/01M48AGCET15Z951PCQ4YNDYRJ/.v/spawn-home
HERDR command: agent get w1:p2 --session fm-lab-e2
FM_HOME=/home/node/.no-mistakes/worktrees/450411b3e67c/01M48AGCET15Z951PCQ4YNDYRJ/.v/spawn-home
HERDR command: agent get w1:p4 --session fm-lab-e2
FM_HOME=/home/node/.no-mistakes/worktrees/450411b3e67c/01M48AGCET15Z951PCQ4YNDYRJ/.v/spawn-home
HERDR command: status --json --session fm-lab-e2
FM_HOME=/home/node/.no-mistakes/worktrees/450411b3e67c/01M48AGCET15Z951PCQ4YNDYRJ/.v/spawn-home
HERDR command: agent get w1:p3 --session fm-lab-e2
FM_HOME=/home/node/.no-mistakes/worktrees/450411b3e67c/01M48AGCET15Z951PCQ4YNDYRJ/.v/spawn-home
HERDR command: status --json --session fm-lab-e2
FM_HOME=/home/node/.no-mistakes/worktrees/450411b3e67c/01M48AGCET15Z951PCQ4YNDYRJ/.v/spawn-home
HERDR command: pane run w1:p4 export\ GOTMPDIR=\'/home/node/.no-mistakes/worktrees/450411b3e67c/01M48AGCET15Z951PCQ4YNDYRJ/.v/spawn-home/state/ship-paths-only.tasktmp/gotmp\' --session fm-lab-e2
FM_HOME=/home/node/.no-mistakes/worktrees/450411b3e67c/01M48AGCET15Z951PCQ4YNDYRJ/.v/spawn-home
HERDR command: status --json --session fm-lab-e2
FM_HOME=/home/node/.no-mistakes/worktrees/450411b3e67c/01M48AGCET15Z951PCQ4YNDYRJ/.v/spawn-home
HERDR command: pane run w1:p4 export\ COMPACT_ADVISER_DISABLE=1 --session fm-lab-e2
FM_HOME=/home/node/.no-mistakes/worktrees/450411b3e67c/01M48AGCET15Z951PCQ4YNDYRJ/.v/spawn-home
HERDR command: status --json --session fm-lab-e2
FM_HOME=/home/node/.no-mistakes/worktrees/450411b3e67c/01M48AGCET15Z951PCQ4YNDYRJ/.v/spawn-home
HERDR command: pane run w1:p4 export\ FM_TASK_ID=ship-paths-only --session fm-lab-e2
FM_HOME=/home/node/.no-mistakes/worktrees/450411b3e67c/01M48AGCET15Z951PCQ4YNDYRJ/.v/spawn-home
HERDR command: status --json --session fm-lab-e2
FM_HOME=/home/node/.no-mistakes/worktrees/450411b3e67c/01M48AGCET15Z951PCQ4YNDYRJ/.v/spawn-home
HERDR command: pane send-text w1:p4 .\ \'/tmp/fm-ship-paths-only+225fc10db929241398488ecab5bc7b61357da0454bee5e18db2b2720920a857b/launch.s1791283038.1008978.14917.sh\' --session fm-lab-e2
FM_HOME=/home/node/.no-mistakes/worktrees/450411b3e67c/01M48AGCET15Z951PCQ4YNDYRJ/.v/spawn-home
HERDR command: status --json --session fm-lab-e2
FM_HOME=/home/node/.no-mistakes/worktrees/450411b3e67c/01M48AGCET15Z951PCQ4YNDYRJ/.v/spawn-home
HERDR command: pane send-keys w1:p4 enter --session fm-lab-e2
FM_HOME=/home/node/.no-mistakes/worktrees/450411b3e67c/01M48AGCET15Z951PCQ4YNDYRJ/.v/spawn-home
HERDR command: pane send-text w1:p2 export\ FM_SNAPSHOT_SCOPED_ENV=1\ FM_CREW_STATE_META_OVERRIDE=relaunch-poison-FM_CREW_STATE_META_OVERRIDE\ FM_CREW_STATE_STATUS_OVERRIDE=relaunch-poison-FM_CREW_STATE_STATUS_OVERRIDE\ FM_HOME_SUMMARY_IF_IDLE=relaunch-poison-FM_HOME_SUMMARY_IF_IDLE\ FM_HOME_SUMMARY_WORKER_BEST_EFFORT=relaunch-poison-FM_HOME_SUMMARY_WORKER_BEST_EFFORT\ FM_HOME_SUMMARY_PARENT_ERROR=relaunch-poison-FM_HOME_SUMMARY_PARENT_ERROR\ FM_HOME_SUMMARY_PARENT_STAMP=relaunch-poison-FM_HOME_SUMMARY_PARENT_STAMP\ FM_ROOT_OVERRIDE=relaunch-poison-FM_ROOT_OVERRIDE\ FM_STATE_OVERRIDE=relaunch-poison-FM_STATE_OVERRIDE\ FM_DATA_OVERRIDE=relaunch-poison-FM_DATA_OVERRIDE\ FM_PROJECTS_OVERRIDE=relaunch-poison-FM_PROJECTS_OVERRIDE\ FM_CONFIG_OVERRIDE=relaunch-poison-FM_CONFIG_OVERRIDE --session fm-lab-e2
FM_HOME=/home/node/.no-mistakes/worktrees/450411b3e67c/01M48AGCET15Z951PCQ4YNDYRJ/.v/spawn-home
HERDR command: pane send-keys w1:p2 enter --session fm-lab-e2
FM_HOME=/home/node/.no-mistakes/worktrees/450411b3e67c/01M48AGCET15Z951PCQ4YNDYRJ/.v/spawn-home
HERDR command: pane get w1:p2 --session fm-lab-e2
FM_HOME=/home/node/.no-mistakes/worktrees/450411b3e67c/01M48AGCET15Z951PCQ4YNDYRJ/.v/spawn-home
HERDR command: agent get w1:p2 --session fm-lab-e2
FM_HOME=/home/node/.no-mistakes/worktrees/450411b3e67c/01M48AGCET15Z951PCQ4YNDYRJ/.v/spawn-home
HERDR command: status --json --session fm-lab-e2
FM_HOME=/home/node/.no-mistakes/worktrees/450411b3e67c/01M48AGCET15Z951PCQ4YNDYRJ/.v/spawn-home
HERDR command: pane get w1:p2 --session fm-lab-e2
FM_HOME=/home/node/.no-mistakes/worktrees/450411b3e67c/01M48AGCET15Z951PCQ4YNDYRJ/.v/spawn-home
HERDR command: status --json --session fm-lab-e2
FM_HOME=/home/node/.no-mistakes/worktrees/450411b3e67c/01M48AGCET15Z951PCQ4YNDYRJ/.v/spawn-home
HERDR command: pane run w1:p2 cd\ --\ \'/home/node/.no-mistakes/worktrees/450411b3e67c/01M48AGCET15Z951PCQ4YNDYRJ/.v/home/.treehouse/spawn-project-acaec3/1/spawn-project\' --session fm-lab-e2
FM_HOME=/home/node/.no-mistakes/worktrees/450411b3e67c/01M48AGCET15Z951PCQ4YNDYRJ/.v/spawn-home
HERDR command: status --json --session fm-lab-e2
FM_HOME=/home/node/.no-mistakes/worktrees/450411b3e67c/01M48AGCET15Z951PCQ4YNDYRJ/.v/spawn-home
HERDR command: pane get w1:p2 --session fm-lab-e2
FM_HOME=/home/node/.no-mistakes/worktrees/450411b3e67c/01M48AGCET15Z951PCQ4YNDYRJ/.v/spawn-home
HERDR command: pane get w1:p2 --session fm-lab-e2
FM_ROOT_OVERRIDE=/home/node/.no-mistakes/worktrees/450411b3e67c/01M48AGCET15Z951PCQ4YNDYRJ/.v/runtime
FM_STATE_OVERRIDE=/home/node/.no-mistakes/worktrees/450411b3e67c/01M48AGCET15Z951PCQ4YNDYRJ/.v/spawn-home/state
FM_DATA_OVERRIDE=/home/node/.no-mistakes/worktrees/450411b3e67c/01M48AGCET15Z951PCQ4YNDYRJ/.v/spawn-home/data
FM_PROJECTS_OVERRIDE=/home/node/.no-mistakes/worktrees/450411b3e67c/01M48AGCET15Z951PCQ4YNDYRJ/.v/spawn-home/projects
FM_CONFIG_OVERRIDE=/home/node/.no-mistakes/worktrees/450411b3e67c/01M48AGCET15Z951PCQ4YNDYRJ/.v/spawn-home/config
FM_HOME=/home/node/.no-mistakes/worktrees/450411b3e67c/01M48AGCET15Z951PCQ4YNDYRJ/.v/spawn-home
HERDR command: pane get w1:p3 --session fm-lab-e2
FM_ROOT_OVERRIDE=/home/node/.no-mistakes/worktrees/450411b3e67c/01M48AGCET15Z951PCQ4YNDYRJ/.v/runtime
FM_STATE_OVERRIDE=/home/node/.no-mistakes/worktrees/450411b3e67c/01M48AGCET15Z951PCQ4YNDYRJ/.v/spawn-home/state
FM_DATA_OVERRIDE=/home/node/.no-mistakes/worktrees/450411b3e67c/01M48AGCET15Z951PCQ4YNDYRJ/.v/spawn-home/data
FM_PROJECTS_OVERRIDE=/home/node/.no-mistakes/worktrees/450411b3e67c/01M48AGCET15Z951PCQ4YNDYRJ/.v/spawn-home/projects
FM_CONFIG_OVERRIDE=/home/node/.no-mistakes/worktrees/450411b3e67c/01M48AGCET15Z951PCQ4YNDYRJ/.v/spawn-home/config
FM_HOME=/home/node/.no-mistakes/worktrees/450411b3e67c/01M48AGCET15Z951PCQ4YNDYRJ/.v/spawn-home
HERDR command: pane get w1:p4 --session fm-lab-e2
FM_ROOT_OVERRIDE=/home/node/.no-mistakes/worktrees/450411b3e67c/01M48AGCET15Z951PCQ4YNDYRJ/.v/runtime
FM_STATE_OVERRIDE=/home/node/.no-mistakes/worktrees/450411b3e67c/01M48AGCET15Z951PCQ4YNDYRJ/.v/spawn-home/state
FM_DATA_OVERRIDE=/home/node/.no-mistakes/worktrees/450411b3e67c/01M48AGCET15Z951PCQ4YNDYRJ/.v/spawn-home/data
FM_PROJECTS_OVERRIDE=/home/node/.no-mistakes/worktrees/450411b3e67c/01M48AGCET15Z951PCQ4YNDYRJ/.v/spawn-home/projects
FM_CONFIG_OVERRIDE=/home/node/.no-mistakes/worktrees/450411b3e67c/01M48AGCET15Z951PCQ4YNDYRJ/.v/spawn-home/config
FM_HOME=/home/node/.no-mistakes/worktrees/450411b3e67c/01M48AGCET15Z951PCQ4YNDYRJ/.v/spawn-home
HERDR command: status --json --session fm-lab-e2
FM_HOME=/home/node/.no-mistakes/worktrees/450411b3e67c/01M48AGCET15Z951PCQ4YNDYRJ/.v/spawn-home
HERDR command: status --json --session fm-lab-e2
FM_HOME=/home/node/.no-mistakes/worktrees/450411b3e67c/01M48AGCET15Z951PCQ4YNDYRJ/.v/spawn-home
HERDR command: status --json --session fm-lab-e2
FM_HOME=/home/node/.no-mistakes/worktrees/450411b3e67c/01M48AGCET15Z951PCQ4YNDYRJ/.v/spawn-home
HERDR command: pane read w1:p2 --source recent --lines 200 --session fm-lab-e2
FM_HOME=/home/node/.no-mistakes/worktrees/450411b3e67c/01M48AGCET15Z951PCQ4YNDYRJ/.v/spawn-home
HERDR command: pane read w1:p3 --source recent --lines 200 --session fm-lab-e2
FM_HOME=/home/node/.no-mistakes/worktrees/450411b3e67c/01M48AGCET15Z951PCQ4YNDYRJ/.v/spawn-home
HERDR command: pane read w1:p4 --source recent --lines 200 --session fm-lab-e2
FM_HOME=/home/node/.no-mistakes/worktrees/450411b3e67c/01M48AGCET15Z951PCQ4YNDYRJ/.v/spawn-home
HERDR command: status --json --session fm-lab-e2
FM_HOME=/home/node/.no-mistakes/worktrees/450411b3e67c/01M48AGCET15Z951PCQ4YNDYRJ/.v/spawn-home
HERDR command: status --json --session fm-lab-e2
FM_HOME=/home/node/.no-mistakes/worktrees/450411b3e67c/01M48AGCET15Z951PCQ4YNDYRJ/.v/spawn-home
HERDR command: status --json --session fm-lab-e2
FM_HOME=/home/node/.no-mistakes/worktrees/450411b3e67c/01M48AGCET15Z951PCQ4YNDYRJ/.v/spawn-home
HERDR command: pane read w1:p3 --source recent --lines 200 --session fm-lab-e2
FM_HOME=/home/node/.no-mistakes/worktrees/450411b3e67c/01M48AGCET15Z951PCQ4YNDYRJ/.v/spawn-home
HERDR command: pane read w1:p4 --source recent --lines 200 --session fm-lab-e2
FM_HOME=/home/node/.no-mistakes/worktrees/450411b3e67c/01M48AGCET15Z951PCQ4YNDYRJ/.v/spawn-home
HERDR command: status --json --session fm-lab-e2
FM_HOME=/home/node/.no-mistakes/worktrees/450411b3e67c/01M48AGCET15Z951PCQ4YNDYRJ/.v/spawn-home
HERDR command: status --json --session fm-lab-e2
FM_HOME=/home/node/.no-mistakes/worktrees/450411b3e67c/01M48AGCET15Z951PCQ4YNDYRJ/.v/spawn-home
HERDR command: agent get w1:p3 --session fm-lab-e2
FM_HOME=/home/node/.no-mistakes/worktrees/450411b3e67c/01M48AGCET15Z951PCQ4YNDYRJ/.v/spawn-home
HERDR command: agent get w1:p4 --session fm-lab-e2
FM_HOME=/home/node/.no-mistakes/worktrees/450411b3e67c/01M48AGCET15Z951PCQ4YNDYRJ/.v/spawn-home
HERDR command: pane read w1:p2 --source recent --lines 200 --session fm-lab-e2
FM_HOME=/home/node/.no-mistakes/worktrees/450411b3e67c/01M48AGCET15Z951PCQ4YNDYRJ/.v/spawn-home
HERDR command: status --json --session fm-lab-e2
FM_HOME=/home/node/.no-mistakes/worktrees/450411b3e67c/01M48AGCET15Z951PCQ4YNDYRJ/.v/spawn-home
HERDR command: agent get w1:p2 --session fm-lab-e2
FM_HOME=/home/node/.no-mistakes/worktrees/450411b3e67c/01M48AGCET15Z951PCQ4YNDYRJ/.v/spawn-home
HERDR command: agent get w1:p2 --session fm-lab-e2
FM_HOME=/home/node/.no-mistakes/worktrees/450411b3e67c/01M48AGCET15Z951PCQ4YNDYRJ/.v/spawn-home
HERDR command: status --json --session fm-lab-e2
FM_HOME=/home/node/.no-mistakes/worktrees/450411b3e67c/01M48AGCET15Z951PCQ4YNDYRJ/.v/spawn-home
HERDR command: pane run w1:p2 export\ GOTMPDIR=\'/home/node/.no-mistakes/worktrees/450411b3e67c/01M48AGCET15Z951PCQ4YNDYRJ/.v/spawn-home/state/ship-absent.tasktmp/gotmp\' --session fm-lab-e2
FM_HOME=/home/node/.no-mistakes/worktrees/450411b3e67c/01M48AGCET15Z951PCQ4YNDYRJ/.v/spawn-home
HERDR command: status --json --session fm-lab-e2
FM_HOME=/home/node/.no-mistakes/worktrees/450411b3e67c/01M48AGCET15Z951PCQ4YNDYRJ/.v/spawn-home
HERDR command: pane run w1:p2 export\ COMPACT_ADVISER_DISABLE=1 --session fm-lab-e2
FM_HOME=/home/node/.no-mistakes/worktrees/450411b3e67c/01M48AGCET15Z951PCQ4YNDYRJ/.v/spawn-home
HERDR command: status --json --session fm-lab-e2
FM_HOME=/home/node/.no-mistakes/worktrees/450411b3e67c/01M48AGCET15Z951PCQ4YNDYRJ/.v/spawn-home
HERDR command: pane run w1:p2 export\ FM_TASK_ID=ship-absent --session fm-lab-e2
FM_HOME=/home/node/.no-mistakes/worktrees/450411b3e67c/01M48AGCET15Z951PCQ4YNDYRJ/.v/spawn-home
HERDR command: status --json --session fm-lab-e2
FM_HOME=/home/node/.no-mistakes/worktrees/450411b3e67c/01M48AGCET15Z951PCQ4YNDYRJ/.v/spawn-home
HERDR command: pane send-text w1:p2 .\ \'/tmp/fm-ship-absent+225fc10db929241398488ecab5bc7b61357da0454bee5e18db2b2720920a857b/launch.s1791283062.1015529.13837.sh\' --session fm-lab-e2
FM_HOME=/home/node/.no-mistakes/worktrees/450411b3e67c/01M48AGCET15Z951PCQ4YNDYRJ/.v/spawn-home
HERDR command: status --json --session fm-lab-e2
FM_HOME=/home/node/.no-mistakes/worktrees/450411b3e67c/01M48AGCET15Z951PCQ4YNDYRJ/.v/spawn-home
HERDR command: pane send-keys w1:p2 enter --session fm-lab-e2
FM_HOME=/home/node/.no-mistakes/worktrees/450411b3e67c/01M48AGCET15Z951PCQ4YNDYRJ/.v/spawn-home
HERDR command: pane send-text w1:p2 export\ FM_ROOT_OVERRIDE=/home/node/.no-mistakes/worktrees/450411b3e67c/01M48AGCET15Z951PCQ4YNDYRJ/.v/runtime\ FM_STATE_OVERRIDE=/home/node/.no-mistakes/worktrees/450411b3e67c/01M48AGCET15Z951PCQ4YNDYRJ/.v/spawn-home/state\ FM_DATA_OVERRIDE=/home/node/.no-mistakes/worktrees/450411b3e67c/01M48AGCET15Z951PCQ4YNDYRJ/.v/spawn-home/data\ FM_PROJECTS_OVERRIDE=/home/node/.no-mistakes/worktrees/450411b3e67c/01M48AGCET15Z951PCQ4YNDYRJ/.v/spawn-home/projects\ FM_CONFIG_OVERRIDE=/home/node/.no-mistakes/worktrees/450411b3e67c/01M48AGCET15Z951PCQ4YNDYRJ/.v/spawn-home/config\ FM_SNAPSHOT_SCOPED_ENV=0 --session fm-lab-e2
FM_HOME=/home/node/.no-mistakes/worktrees/450411b3e67c/01M48AGCET15Z951PCQ4YNDYRJ/.v/spawn-home
HERDR command: pane send-keys w1:p2 enter --session fm-lab-e2
FM_HOME=/home/node/.no-mistakes/worktrees/450411b3e67c/01M48AGCET15Z951PCQ4YNDYRJ/.v/spawn-home
HERDR command: pane get w1:p2 --session fm-lab-e2
FM_HOME=/home/node/.no-mistakes/worktrees/450411b3e67c/01M48AGCET15Z951PCQ4YNDYRJ/.v/spawn-home
HERDR command: agent get w1:p2 --session fm-lab-e2
FM_HOME=/home/node/.no-mistakes/worktrees/450411b3e67c/01M48AGCET15Z951PCQ4YNDYRJ/.v/spawn-home
HERDR command: status --json --session fm-lab-e2
FM_HOME=/home/node/.no-mistakes/worktrees/450411b3e67c/01M48AGCET15Z951PCQ4YNDYRJ/.v/spawn-home
HERDR command: pane get w1:p2 --session fm-lab-e2
FM_HOME=/home/node/.no-mistakes/worktrees/450411b3e67c/01M48AGCET15Z951PCQ4YNDYRJ/.v/spawn-home
HERDR command: status --json --session fm-lab-e2
FM_HOME=/home/node/.no-mistakes/worktrees/450411b3e67c/01M48AGCET15Z951PCQ4YNDYRJ/.v/spawn-home
HERDR command: pane run w1:p2 cd\ --\ \'/home/node/.no-mistakes/worktrees/450411b3e67c/01M48AGCET15Z951PCQ4YNDYRJ/.v/home/.treehouse/spawn-project-acaec3/1/spawn-project\' --session fm-lab-e2
FM_HOME=/home/node/.no-mistakes/worktrees/450411b3e67c/01M48AGCET15Z951PCQ4YNDYRJ/.v/spawn-home
HERDR command: status --json --session fm-lab-e2
FM_HOME=/home/node/.no-mistakes/worktrees/450411b3e67c/01M48AGCET15Z951PCQ4YNDYRJ/.v/spawn-home
HERDR command: pane get w1:p2 --session fm-lab-e2
FM_HOME=/home/node/.no-mistakes/worktrees/450411b3e67c/01M48AGCET15Z951PCQ4YNDYRJ/.v/spawn-home
HERDR command: pane get w1:p3 --session fm-lab-e2
FM_ROOT_OVERRIDE=/home/node/.no-mistakes/worktrees/450411b3e67c/01M48AGCET15Z951PCQ4YNDYRJ/.v/runtime
FM_STATE_OVERRIDE=/home/node/.no-mistakes/worktrees/450411b3e67c/01M48AGCET15Z951PCQ4YNDYRJ/.v/spawn-home/state
FM_DATA_OVERRIDE=/home/node/.no-mistakes/worktrees/450411b3e67c/01M48AGCET15Z951PCQ4YNDYRJ/.v/spawn-home/data
FM_PROJECTS_OVERRIDE=/home/node/.no-mistakes/worktrees/450411b3e67c/01M48AGCET15Z951PCQ4YNDYRJ/.v/spawn-home/projects
FM_CONFIG_OVERRIDE=/home/node/.no-mistakes/worktrees/450411b3e67c/01M48AGCET15Z951PCQ4YNDYRJ/.v/spawn-home/config
FM_HOME=/home/node/.no-mistakes/worktrees/450411b3e67c/01M48AGCET15Z951PCQ4YNDYRJ/.v/spawn-home
HERDR command: pane get w1:p4 --session fm-lab-e2
FM_ROOT_OVERRIDE=/home/node/.no-mistakes/worktrees/450411b3e67c/01M48AGCET15Z951PCQ4YNDYRJ/.v/runtime
FM_STATE_OVERRIDE=/home/node/.no-mistakes/worktrees/450411b3e67c/01M48AGCET15Z951PCQ4YNDYRJ/.v/spawn-home/state
FM_DATA_OVERRIDE=/home/node/.no-mistakes/worktrees/450411b3e67c/01M48AGCET15Z951PCQ4YNDYRJ/.v/spawn-home/data
FM_PROJECTS_OVERRIDE=/home/node/.no-mistakes/worktrees/450411b3e67c/01M48AGCET15Z951PCQ4YNDYRJ/.v/spawn-home/projects
FM_CONFIG_OVERRIDE=/home/node/.no-mistakes/worktrees/450411b3e67c/01M48AGCET15Z951PCQ4YNDYRJ/.v/spawn-home/config
FM_HOME=/home/node/.no-mistakes/worktrees/450411b3e67c/01M48AGCET15Z951PCQ4YNDYRJ/.v/spawn-home
HERDR command: pane get w1:p2 --session fm-lab-e2
FM_ROOT_OVERRIDE=/home/node/.no-mistakes/worktrees/450411b3e67c/01M48AGCET15Z951PCQ4YNDYRJ/.v/runtime
FM_STATE_OVERRIDE=/home/node/.no-mistakes/worktrees/450411b3e67c/01M48AGCET15Z951PCQ4YNDYRJ/.v/spawn-home/state
FM_DATA_OVERRIDE=/home/node/.no-mistakes/worktrees/450411b3e67c/01M48AGCET15Z951PCQ4YNDYRJ/.v/spawn-home/data
FM_PROJECTS_OVERRIDE=/home/node/.no-mistakes/worktrees/450411b3e67c/01M48AGCET15Z951PCQ4YNDYRJ/.v/spawn-home/projects
FM_CONFIG_OVERRIDE=/home/node/.no-mistakes/worktrees/450411b3e67c/01M48AGCET15Z951PCQ4YNDYRJ/.v/spawn-home/config
FM_HOME=/home/node/.no-mistakes/worktrees/450411b3e67c/01M48AGCET15Z951PCQ4YNDYRJ/.v/spawn-home
HERDR command: status --json --session fm-lab-e2
FM_HOME=/home/node/.no-mistakes/worktrees/450411b3e67c/01M48AGCET15Z951PCQ4YNDYRJ/.v/spawn-home
HERDR command: status --json --session fm-lab-e2
FM_HOME=/home/node/.no-mistakes/worktrees/450411b3e67c/01M48AGCET15Z951PCQ4YNDYRJ/.v/spawn-home
HERDR command: status --json --session fm-lab-e2
FM_HOME=/home/node/.no-mistakes/worktrees/450411b3e67c/01M48AGCET15Z951PCQ4YNDYRJ/.v/spawn-home
HERDR command: pane read w1:p3 --source recent --lines 200 --session fm-lab-e2
FM_HOME=/home/node/.no-mistakes/worktrees/450411b3e67c/01M48AGCET15Z951PCQ4YNDYRJ/.v/spawn-home
HERDR command: pane read w1:p4 --source recent --lines 200 --session fm-lab-e2
FM_HOME=/home/node/.no-mistakes/worktrees/450411b3e67c/01M48AGCET15Z951PCQ4YNDYRJ/.v/spawn-home
HERDR command: status --json --session fm-lab-e2
FM_HOME=/home/node/.no-mistakes/worktrees/450411b3e67c/01M48AGCET15Z951PCQ4YNDYRJ/.v/spawn-home
HERDR command: pane read w1:p3 --source recent --lines 200 --session fm-lab-e2
FM_HOME=/home/node/.no-mistakes/worktrees/450411b3e67c/01M48AGCET15Z951PCQ4YNDYRJ/.v/spawn-home
HERDR command: status --json --session fm-lab-e2
FM_HOME=/home/node/.no-mistakes/worktrees/450411b3e67c/01M48AGCET15Z951PCQ4YNDYRJ/.v/spawn-home
HERDR command: agent get w1:p3 --session fm-lab-e2
FM_HOME=/home/node/.no-mistakes/worktrees/450411b3e67c/01M48AGCET15Z951PCQ4YNDYRJ/.v/spawn-home
HERDR command: pane read w1:p2 --source recent --lines 200 --session fm-lab-e2
FM_HOME=/home/node/.no-mistakes/worktrees/450411b3e67c/01M48AGCET15Z951PCQ4YNDYRJ/.v/spawn-home
HERDR command: status --json --session fm-lab-e2
FM_HOME=/home/node/.no-mistakes/worktrees/450411b3e67c/01M48AGCET15Z951PCQ4YNDYRJ/.v/spawn-home
HERDR command: pane read w1:p2 --source recent --lines 200 --session fm-lab-e2
FM_HOME=/home/node/.no-mistakes/worktrees/450411b3e67c/01M48AGCET15Z951PCQ4YNDYRJ/.v/spawn-home
HERDR command: status --json --session fm-lab-e2
FM_HOME=/home/node/.no-mistakes/worktrees/450411b3e67c/01M48AGCET15Z951PCQ4YNDYRJ/.v/spawn-home
HERDR command: status --json --session fm-lab-e2
FM_HOME=/home/node/.no-mistakes/worktrees/450411b3e67c/01M48AGCET15Z951PCQ4YNDYRJ/.v/spawn-home
HERDR command: pane read w1:p4 --source recent --lines 200 --session fm-lab-e2
FM_HOME=/home/node/.no-mistakes/worktrees/450411b3e67c/01M48AGCET15Z951PCQ4YNDYRJ/.v/spawn-home
HERDR command: agent get w1:p2 --session fm-lab-e2
FM_HOME=/home/node/.no-mistakes/worktrees/450411b3e67c/01M48AGCET15Z951PCQ4YNDYRJ/.v/spawn-home
HERDR command: status --json --session fm-lab-e2
FM_HOME=/home/node/.no-mistakes/worktrees/450411b3e67c/01M48AGCET15Z951PCQ4YNDYRJ/.v/spawn-home
HERDR command: agent get w1:p4 --session fm-lab-e2
FM_HOME=/home/node/.no-mistakes/worktrees/450411b3e67c/01M48AGCET15Z951PCQ4YNDYRJ/.v/spawn-home
HERDR command: agent get w1:p2 --session fm-lab-e2
FM_HOME=/home/node/.no-mistakes/worktrees/450411b3e67c/01M48AGCET15Z951PCQ4YNDYRJ/.v/spawn-home
HERDR command: status --json --session fm-lab-e2
FM_HOME=/home/node/.no-mistakes/worktrees/450411b3e67c/01M48AGCET15Z951PCQ4YNDYRJ/.v/spawn-home
HERDR command: pane run w1:p2 export\ GOTMPDIR=\'/home/node/.no-mistakes/worktrees/450411b3e67c/01M48AGCET15Z951PCQ4YNDYRJ/.v/spawn-home/state/ship-absent.tasktmp/gotmp\' --session fm-lab-e2
FM_HOME=/home/node/.no-mistakes/worktrees/450411b3e67c/01M48AGCET15Z951PCQ4YNDYRJ/.v/spawn-home
HERDR command: status --json --session fm-lab-e2
FM_HOME=/home/node/.no-mistakes/worktrees/450411b3e67c/01M48AGCET15Z951PCQ4YNDYRJ/.v/spawn-home
HERDR command: pane run w1:p2 export\ COMPACT_ADVISER_DISABLE=1 --session fm-lab-e2
FM_HOME=/home/node/.no-mistakes/worktrees/450411b3e67c/01M48AGCET15Z951PCQ4YNDYRJ/.v/spawn-home
HERDR command: status --json --session fm-lab-e2
FM_HOME=/home/node/.no-mistakes/worktrees/450411b3e67c/01M48AGCET15Z951PCQ4YNDYRJ/.v/spawn-home
HERDR command: pane run w1:p2 export\ FM_TASK_ID=ship-absent --session fm-lab-e2
FM_HOME=/home/node/.no-mistakes/worktrees/450411b3e67c/01M48AGCET15Z951PCQ4YNDYRJ/.v/spawn-home
HERDR command: status --json --session fm-lab-e2
FM_HOME=/home/node/.no-mistakes/worktrees/450411b3e67c/01M48AGCET15Z951PCQ4YNDYRJ/.v/spawn-home
HERDR command: pane send-text w1:p2 .\ \'/tmp/fm-ship-absent+225fc10db929241398488ecab5bc7b61357da0454bee5e18db2b2720920a857b/launch.s1791283086.1022996.16370.sh\' --session fm-lab-e2
FM_HOME=/home/node/.no-mistakes/worktrees/450411b3e67c/01M48AGCET15Z951PCQ4YNDYRJ/.v/spawn-home
HERDR command: status --json --session fm-lab-e2
FM_HOME=/home/node/.no-mistakes/worktrees/450411b3e67c/01M48AGCET15Z951PCQ4YNDYRJ/.v/spawn-home
HERDR command: pane send-keys w1:p2 enter --session fm-lab-e2
FM_HOME=/home/node/.no-mistakes/worktrees/450411b3e67c/01M48AGCET15Z951PCQ4YNDYRJ/.v/spawn-home
HERDR command: status --json --session fm-lab-e2
FM_ROOT_OVERRIDE=/home/node/.no-mistakes/worktrees/450411b3e67c/01M48AGCET15Z951PCQ4YNDYRJ/.v/runtime
FM_STATE_OVERRIDE=/home/node/.no-mistakes/worktrees/450411b3e67c/01M48AGCET15Z951PCQ4YNDYRJ/.v/spawn-home/state
FM_DATA_OVERRIDE=/home/node/.no-mistakes/worktrees/450411b3e67c/01M48AGCET15Z951PCQ4YNDYRJ/.v/spawn-home/data
FM_PROJECTS_OVERRIDE=/home/node/.no-mistakes/worktrees/450411b3e67c/01M48AGCET15Z951PCQ4YNDYRJ/.v/spawn-home/projects
FM_CONFIG_OVERRIDE=/home/node/.no-mistakes/worktrees/450411b3e67c/01M48AGCET15Z951PCQ4YNDYRJ/.v/spawn-home/config
FM_HOME=/home/node/.no-mistakes/worktrees/450411b3e67c/01M48AGCET15Z951PCQ4YNDYRJ/.v/spawn-home
HERDR command: pane read w1:p2 --source recent --lines 200 --session fm-lab-e2
FM_ROOT_OVERRIDE=/home/node/.no-mistakes/worktrees/450411b3e67c/01M48AGCET15Z951PCQ4YNDYRJ/.v/runtime
FM_STATE_OVERRIDE=/home/node/.no-mistakes/worktrees/450411b3e67c/01M48AGCET15Z951PCQ4YNDYRJ/.v/spawn-home/state
FM_DATA_OVERRIDE=/home/node/.no-mistakes/worktrees/450411b3e67c/01M48AGCET15Z951PCQ4YNDYRJ/.v/spawn-home/data
FM_PROJECTS_OVERRIDE=/home/node/.no-mistakes/worktrees/450411b3e67c/01M48AGCET15Z951PCQ4YNDYRJ/.v/spawn-home/projects
FM_CONFIG_OVERRIDE=/home/node/.no-mistakes/worktrees/450411b3e67c/01M48AGCET15Z951PCQ4YNDYRJ/.v/spawn-home/config
FM_HOME=/home/node/.no-mistakes/worktrees/450411b3e67c/01M48AGCET15Z951PCQ4YNDYRJ/.v/spawn-home
HERDR command: status --json --session fm-lab-e2
FM_ROOT_OVERRIDE=/home/node/.no-mistakes/worktrees/450411b3e67c/01M48AGCET15Z951PCQ4YNDYRJ/.v/runtime
FM_STATE_OVERRIDE=/home/node/.no-mistakes/worktrees/450411b3e67c/01M48AGCET15Z951PCQ4YNDYRJ/.v/spawn-home/state
FM_DATA_OVERRIDE=/home/node/.no-mistakes/worktrees/450411b3e67c/01M48AGCET15Z951PCQ4YNDYRJ/.v/spawn-home/data
FM_PROJECTS_OVERRIDE=/home/node/.no-mistakes/worktrees/450411b3e67c/01M48AGCET15Z951PCQ4YNDYRJ/.v/spawn-home/projects
FM_CONFIG_OVERRIDE=/home/node/.no-mistakes/worktrees/450411b3e67c/01M48AGCET15Z951PCQ4YNDYRJ/.v/spawn-home/config
FM_HOME=/home/node/.no-mistakes/worktrees/450411b3e67c/01M48AGCET15Z951PCQ4YNDYRJ/.v/spawn-home
HERDR command: pane read w1:p2 --source recent --lines 200 --session fm-lab-e2
FM_ROOT_OVERRIDE=/home/node/.no-mistakes/worktrees/450411b3e67c/01M48AGCET15Z951PCQ4YNDYRJ/.v/runtime
FM_STATE_OVERRIDE=/home/node/.no-mistakes/worktrees/450411b3e67c/01M48AGCET15Z951PCQ4YNDYRJ/.v/spawn-home/state
FM_DATA_OVERRIDE=/home/node/.no-mistakes/worktrees/450411b3e67c/01M48AGCET15Z951PCQ4YNDYRJ/.v/spawn-home/data
FM_PROJECTS_OVERRIDE=/home/node/.no-mistakes/worktrees/450411b3e67c/01M48AGCET15Z951PCQ4YNDYRJ/.v/spawn-home/projects
FM_CONFIG_OVERRIDE=/home/node/.no-mistakes/worktrees/450411b3e67c/01M48AGCET15Z951PCQ4YNDYRJ/.v/spawn-home/config
FM_HOME=/home/node/.no-mistakes/worktrees/450411b3e67c/01M48AGCET15Z951PCQ4YNDYRJ/.v/spawn-home
HERDR command: status --json --session fm-lab-e2
FM_ROOT_OVERRIDE=/home/node/.no-mistakes/worktrees/450411b3e67c/01M48AGCET15Z951PCQ4YNDYRJ/.v/runtime
FM_STATE_OVERRIDE=/home/node/.no-mistakes/worktrees/450411b3e67c/01M48AGCET15Z951PCQ4YNDYRJ/.v/spawn-home/state
FM_DATA_OVERRIDE=/home/node/.no-mistakes/worktrees/450411b3e67c/01M48AGCET15Z951PCQ4YNDYRJ/.v/spawn-home/data
FM_PROJECTS_OVERRIDE=/home/node/.no-mistakes/worktrees/450411b3e67c/01M48AGCET15Z951PCQ4YNDYRJ/.v/spawn-home/projects
FM_CONFIG_OVERRIDE=/home/node/.no-mistakes/worktrees/450411b3e67c/01M48AGCET15Z951PCQ4YNDYRJ/.v/spawn-home/config
FM_HOME=/home/node/.no-mistakes/worktrees/450411b3e67c/01M48AGCET15Z951PCQ4YNDYRJ/.v/spawn-home
HERDR command: agent get w1:p2 --session fm-lab-e2
FM_ROOT_OVERRIDE=/home/node/.no-mistakes/worktrees/450411b3e67c/01M48AGCET15Z951PCQ4YNDYRJ/.v/runtime
FM_STATE_OVERRIDE=/home/node/.no-mistakes/worktrees/450411b3e67c/01M48AGCET15Z951PCQ4YNDYRJ/.v/spawn-home/state
FM_DATA_OVERRIDE=/home/node/.no-mistakes/worktrees/450411b3e67c/01M48AGCET15Z951PCQ4YNDYRJ/.v/spawn-home/data
FM_PROJECTS_OVERRIDE=/home/node/.no-mistakes/worktrees/450411b3e67c/01M48AGCET15Z951PCQ4YNDYRJ/.v/spawn-home/projects
FM_CONFIG_OVERRIDE=/home/node/.no-mistakes/worktrees/450411b3e67c/01M48AGCET15Z951PCQ4YNDYRJ/.v/spawn-home/config
FM_HOME=/home/node/.no-mistakes/worktrees/450411b3e67c/01M48AGCET15Z951PCQ4YNDYRJ/.v/spawn-home
HERDR command: status --json --session fm-lab-e2
FM_HOME=/home/node/.no-mistakes/worktrees/450411b3e67c/01M48AGCET15Z951PCQ4YNDYRJ/.v/spawn-home
HERDR command: pane read w1:p2 --source recent --lines 200 --session fm-lab-e2
FM_HOME=/home/node/.no-mistakes/worktrees/450411b3e67c/01M48AGCET15Z951PCQ4YNDYRJ/.v/spawn-home
HERDR command: status --json --session fm-lab-e2
FM_HOME=/home/node/.no-mistakes/worktrees/450411b3e67c/01M48AGCET15Z951PCQ4YNDYRJ/.v/spawn-home
HERDR command: pane read w1:p2 --source recent --lines 200 --session fm-lab-e2
FM_HOME=/home/node/.no-mistakes/worktrees/450411b3e67c/01M48AGCET15Z951PCQ4YNDYRJ/.v/spawn-home
HERDR command: status --json --session fm-lab-e2
FM_HOME=/home/node/.no-mistakes/worktrees/450411b3e67c/01M48AGCET15Z951PCQ4YNDYRJ/.v/spawn-home
HERDR command: agent get w1:p2 --session fm-lab-e2
FM_HOME=/home/node/.no-mistakes/worktrees/450411b3e67c/01M48AGCET15Z951PCQ4YNDYRJ/.v/spawn-home
HERDR command: pane send-text w1:p2 export\ FM_ROOT_OVERRIDE=/home/node/.no-mistakes/worktrees/450411b3e67c/01M48AGCET15Z951PCQ4YNDYRJ/.v/runtime\ FM_STATE_OVERRIDE=/home/node/.no-mistakes/worktrees/450411b3e67c/01M48AGCET15Z951PCQ4YNDYRJ/.v/spawn-home/state\ FM_DATA_OVERRIDE=/home/node/.no-mistakes/worktrees/450411b3e67c/01M48AGCET15Z951PCQ4YNDYRJ/.v/spawn-home/data\ FM_PROJECTS_OVERRIDE=/home/node/.no-mistakes/worktrees/450411b3e67c/01M48AGCET15Z951PCQ4YNDYRJ/.v/spawn-home/projects\ FM_CONFIG_OVERRIDE=/home/node/.no-mistakes/worktrees/450411b3e67c/01M48AGCET15Z951PCQ4YNDYRJ/.v/spawn-home/config\ FM_SNAPSHOT_SCOPED_ENV=0 --session fm-lab-e2
FM_HOME=/home/node/.no-mistakes/worktrees/450411b3e67c/01M48AGCET15Z951PCQ4YNDYRJ/.v/spawn-home
HERDR command: pane send-keys w1:p2 enter --session fm-lab-e2
FM_HOME=/home/node/.no-mistakes/worktrees/450411b3e67c/01M48AGCET15Z951PCQ4YNDYRJ/.v/spawn-home
HERDR command: pane get w1:p2 --session fm-lab-e2
FM_HOME=/home/node/.no-mistakes/worktrees/450411b3e67c/01M48AGCET15Z951PCQ4YNDYRJ/.v/spawn-home
HERDR command: agent get w1:p2 --session fm-lab-e2
FM_HOME=/home/node/.no-mistakes/worktrees/450411b3e67c/01M48AGCET15Z951PCQ4YNDYRJ/.v/spawn-home
HERDR command: status --json --session fm-lab-e2
FM_HOME=/home/node/.no-mistakes/worktrees/450411b3e67c/01M48AGCET15Z951PCQ4YNDYRJ/.v/spawn-home
HERDR command: pane get w1:p2 --session fm-lab-e2
FM_HOME=/home/node/.no-mistakes/worktrees/450411b3e67c/01M48AGCET15Z951PCQ4YNDYRJ/.v/spawn-home
HERDR command: status --json --session fm-lab-e2
FM_HOME=/home/node/.no-mistakes/worktrees/450411b3e67c/01M48AGCET15Z951PCQ4YNDYRJ/.v/spawn-home
HERDR command: pane run w1:p2 cd\ --\ \'/home/node/.no-mistakes/worktrees/450411b3e67c/01M48AGCET15Z951PCQ4YNDYRJ/.v/home/.treehouse/spawn-project-acaec3/1/spawn-project\' --session fm-lab-e2
FM_HOME=/home/node/.no-mistakes/worktrees/450411b3e67c/01M48AGCET15Z951PCQ4YNDYRJ/.v/spawn-home
HERDR command: status --json --session fm-lab-e2
FM_HOME=/home/node/.no-mistakes/worktrees/450411b3e67c/01M48AGCET15Z951PCQ4YNDYRJ/.v/spawn-home
HERDR command: pane get w1:p2 --session fm-lab-e2
FM_HOME=/home/node/.no-mistakes/worktrees/450411b3e67c/01M48AGCET15Z951PCQ4YNDYRJ/.v/spawn-home
HERDR command: pane get w1:p2 --session fm-lab-e2
FM_ROOT_OVERRIDE=/home/node/.no-mistakes/worktrees/450411b3e67c/01M48AGCET15Z951PCQ4YNDYRJ/.v/runtime
FM_STATE_OVERRIDE=/home/node/.no-mistakes/worktrees/450411b3e67c/01M48AGCET15Z951PCQ4YNDYRJ/.v/spawn-home/state
FM_DATA_OVERRIDE=/home/node/.no-mistakes/worktrees/450411b3e67c/01M48AGCET15Z951PCQ4YNDYRJ/.v/spawn-home/data
FM_PROJECTS_OVERRIDE=/home/node/.no-mistakes/worktrees/450411b3e67c/01M48AGCET15Z951PCQ4YNDYRJ/.v/spawn-home/projects
FM_CONFIG_OVERRIDE=/home/node/.no-mistakes/worktrees/450411b3e67c/01M48AGCET15Z951PCQ4YNDYRJ/.v/spawn-home/config
FM_HOME=/home/node/.no-mistakes/worktrees/450411b3e67c/01M48AGCET15Z951PCQ4YNDYRJ/.v/spawn-home
HERDR command: pane get w1:p4 --session fm-lab-e2
FM_ROOT_OVERRIDE=/home/node/.no-mistakes/worktrees/450411b3e67c/01M48AGCET15Z951PCQ4YNDYRJ/.v/runtime
FM_STATE_OVERRIDE=/home/node/.no-mistakes/worktrees/450411b3e67c/01M48AGCET15Z951PCQ4YNDYRJ/.v/spawn-home/state
FM_DATA_OVERRIDE=/home/node/.no-mistakes/worktrees/450411b3e67c/01M48AGCET15Z951PCQ4YNDYRJ/.v/spawn-home/data
FM_PROJECTS_OVERRIDE=/home/node/.no-mistakes/worktrees/450411b3e67c/01M48AGCET15Z951PCQ4YNDYRJ/.v/spawn-home/projects
FM_CONFIG_OVERRIDE=/home/node/.no-mistakes/worktrees/450411b3e67c/01M48AGCET15Z951PCQ4YNDYRJ/.v/spawn-home/config
FM_HOME=/home/node/.no-mistakes/worktrees/450411b3e67c/01M48AGCET15Z951PCQ4YNDYRJ/.v/spawn-home
HERDR command: pane get w1:p3 --session fm-lab-e2
FM_ROOT_OVERRIDE=/home/node/.no-mistakes/worktrees/450411b3e67c/01M48AGCET15Z951PCQ4YNDYRJ/.v/runtime
FM_STATE_OVERRIDE=/home/node/.no-mistakes/worktrees/450411b3e67c/01M48AGCET15Z951PCQ4YNDYRJ/.v/spawn-home/state
FM_DATA_OVERRIDE=/home/node/.no-mistakes/worktrees/450411b3e67c/01M48AGCET15Z951PCQ4YNDYRJ/.v/spawn-home/data
FM_PROJECTS_OVERRIDE=/home/node/.no-mistakes/worktrees/450411b3e67c/01M48AGCET15Z951PCQ4YNDYRJ/.v/spawn-home/projects
FM_CONFIG_OVERRIDE=/home/node/.no-mistakes/worktrees/450411b3e67c/01M48AGCET15Z951PCQ4YNDYRJ/.v/spawn-home/config
FM_HOME=/home/node/.no-mistakes/worktrees/450411b3e67c/01M48AGCET15Z951PCQ4YNDYRJ/.v/spawn-home
HERDR command: status --json --session fm-lab-e2
FM_HOME=/home/node/.no-mistakes/worktrees/450411b3e67c/01M48AGCET15Z951PCQ4YNDYRJ/.v/spawn-home
HERDR command: status --json --session fm-lab-e2
FM_HOME=/home/node/.no-mistakes/worktrees/450411b3e67c/01M48AGCET15Z951PCQ4YNDYRJ/.v/spawn-home
HERDR command: status --json --session fm-lab-e2
FM_HOME=/home/node/.no-mistakes/worktrees/450411b3e67c/01M48AGCET15Z951PCQ4YNDYRJ/.v/spawn-home
HERDR command: pane read w1:p2 --source recent --lines 200 --session fm-lab-e2
FM_HOME=/home/node/.no-mistakes/worktrees/450411b3e67c/01M48AGCET15Z951PCQ4YNDYRJ/.v/spawn-home
HERDR command: pane read w1:p3 --source recent --lines 200 --session fm-lab-e2
FM_HOME=/home/node/.no-mistakes/worktrees/450411b3e67c/01M48AGCET15Z951PCQ4YNDYRJ/.v/spawn-home
HERDR command: pane read w1:p4 --source recent --lines 200 --session fm-lab-e2
FM_HOME=/home/node/.no-mistakes/worktrees/450411b3e67c/01M48AGCET15Z951PCQ4YNDYRJ/.v/spawn-home
HERDR command: status --json --session fm-lab-e2
FM_HOME=/home/node/.no-mistakes/worktrees/450411b3e67c/01M48AGCET15Z951PCQ4YNDYRJ/.v/spawn-home
HERDR command: status --json --session fm-lab-e2
FM_HOME=/home/node/.no-mistakes/worktrees/450411b3e67c/01M48AGCET15Z951PCQ4YNDYRJ/.v/spawn-home
HERDR command: pane read w1:p3 --source recent --lines 200 --session fm-lab-e2
FM_HOME=/home/node/.no-mistakes/worktrees/450411b3e67c/01M48AGCET15Z951PCQ4YNDYRJ/.v/spawn-home
HERDR command: pane read w1:p2 --source recent --lines 200 --session fm-lab-e2
FM_HOME=/home/node/.no-mistakes/worktrees/450411b3e67c/01M48AGCET15Z951PCQ4YNDYRJ/.v/spawn-home
HERDR command: status --json --session fm-lab-e2
FM_HOME=/home/node/.no-mistakes/worktrees/450411b3e67c/01M48AGCET15Z951PCQ4YNDYRJ/.v/spawn-home
HERDR command: status --json --session fm-lab-e2
FM_HOME=/home/node/.no-mistakes/worktrees/450411b3e67c/01M48AGCET15Z951PCQ4YNDYRJ/.v/spawn-home
HERDR command: agent get w1:p3 --session fm-lab-e2
FM_HOME=/home/node/.no-mistakes/worktrees/450411b3e67c/01M48AGCET15Z951PCQ4YNDYRJ/.v/spawn-home
HERDR command: agent get w1:p2 --session fm-lab-e2
FM_HOME=/home/node/.no-mistakes/worktrees/450411b3e67c/01M48AGCET15Z951PCQ4YNDYRJ/.v/spawn-home
HERDR command: status --json --session fm-lab-e2
FM_HOME=/home/node/.no-mistakes/worktrees/450411b3e67c/01M48AGCET15Z951PCQ4YNDYRJ/.v/spawn-home
HERDR command: pane read w1:p4 --source recent --lines 200 --session fm-lab-e2
FM_HOME=/home/node/.no-mistakes/worktrees/450411b3e67c/01M48AGCET15Z951PCQ4YNDYRJ/.v/spawn-home
HERDR command: status --json --session fm-lab-e2
FM_HOME=/home/node/.no-mistakes/worktrees/450411b3e67c/01M48AGCET15Z951PCQ4YNDYRJ/.v/spawn-home
HERDR command: agent get w1:p4 --session fm-lab-e2
FM_HOME=/home/node/.no-mistakes/worktrees/450411b3e67c/01M48AGCET15Z951PCQ4YNDYRJ/.v/spawn-home
HERDR command: agent get w1:p2 --session fm-lab-e2
FM_HOME=/home/node/.no-mistakes/worktrees/450411b3e67c/01M48AGCET15Z951PCQ4YNDYRJ/.v/spawn-home
HERDR command: status --json --session fm-lab-e2
FM_HOME=/home/node/.no-mistakes/worktrees/450411b3e67c/01M48AGCET15Z951PCQ4YNDYRJ/.v/spawn-home
HERDR command: pane run w1:p2 export\ GOTMPDIR=\'/home/node/.no-mistakes/worktrees/450411b3e67c/01M48AGCET15Z951PCQ4YNDYRJ/.v/spawn-home/state/ship-absent.tasktmp/gotmp\' --session fm-lab-e2
FM_HOME=/home/node/.no-mistakes/worktrees/450411b3e67c/01M48AGCET15Z951PCQ4YNDYRJ/.v/spawn-home
HERDR command: status --json --session fm-lab-e2
FM_HOME=/home/node/.no-mistakes/worktrees/450411b3e67c/01M48AGCET15Z951PCQ4YNDYRJ/.v/spawn-home
HERDR command: pane run w1:p2 export\ COMPACT_ADVISER_DISABLE=1 --session fm-lab-e2
FM_HOME=/home/node/.no-mistakes/worktrees/450411b3e67c/01M48AGCET15Z951PCQ4YNDYRJ/.v/spawn-home
HERDR command: status --json --session fm-lab-e2
FM_HOME=/home/node/.no-mistakes/worktrees/450411b3e67c/01M48AGCET15Z951PCQ4YNDYRJ/.v/spawn-home
HERDR command: pane run w1:p2 export\ FM_TASK_ID=ship-absent --session fm-lab-e2
FM_HOME=/home/node/.no-mistakes/worktrees/450411b3e67c/01M48AGCET15Z951PCQ4YNDYRJ/.v/spawn-home
HERDR command: status --json --session fm-lab-e2
FM_HOME=/home/node/.no-mistakes/worktrees/450411b3e67c/01M48AGCET15Z951PCQ4YNDYRJ/.v/spawn-home
HERDR command: pane send-text w1:p2 .\ \'/tmp/fm-ship-absent+225fc10db929241398488ecab5bc7b61357da0454bee5e18db2b2720920a857b/launch.s1791283090.1025890.1299.sh\' --session fm-lab-e2
FM_HOME=/home/node/.no-mistakes/worktrees/450411b3e67c/01M48AGCET15Z951PCQ4YNDYRJ/.v/spawn-home
HERDR command: status --json --session fm-lab-e2
FM_HOME=/home/node/.no-mistakes/worktrees/450411b3e67c/01M48AGCET15Z951PCQ4YNDYRJ/.v/spawn-home
HERDR command: pane send-keys w1:p2 enter --session fm-lab-e2
FM_HOME=/home/node/.no-mistakes/worktrees/450411b3e67c/01M48AGCET15Z951PCQ4YNDYRJ/.v/spawn-home
HERDR command: status --json --session fm-lab-e2
FM_HOME=/home/node/.no-mistakes/worktrees/450411b3e67c/01M48AGCET15Z951PCQ4YNDYRJ/.v/secondmate
HERDR command: status --json --session fm-lab-e2
FM_HOME=/home/node/.no-mistakes/worktrees/450411b3e67c/01M48AGCET15Z951PCQ4YNDYRJ/.v/secondmate
HERDR command: workspace list --session fm-lab-e2
FM_HOME=/home/node/.no-mistakes/worktrees/450411b3e67c/01M48AGCET15Z951PCQ4YNDYRJ/.v/secondmate
HERDR command: workspace create --cwd /home/node/.no-mistakes/worktrees/450411b3e67c/01M48AGCET15Z951PCQ4YNDYRJ/.v/secondmate --label 2ndmate-secondmate --no-focus --session fm-lab-e2
FM_HOME=/home/node/.no-mistakes/worktrees/450411b3e67c/01M48AGCET15Z951PCQ4YNDYRJ/.v/secondmate
HERDR command: tab list --workspace w2 --session fm-lab-e2
FM_HOME=/home/node/.no-mistakes/worktrees/450411b3e67c/01M48AGCET15Z951PCQ4YNDYRJ/.v/secondmate
HERDR command: tab create --workspace w2 --cwd /home/node/.no-mistakes/worktrees/450411b3e67c/01M48AGCET15Z951PCQ4YNDYRJ/.v/secondmate --label fm-secondmate --no-focus --session fm-lab-e2
FM_HOME=/home/node/.no-mistakes/worktrees/450411b3e67c/01M48AGCET15Z951PCQ4YNDYRJ/.v/secondmate
HERDR command: tab list --workspace w2 --session fm-lab-e2
FM_HOME=/home/node/.no-mistakes/worktrees/450411b3e67c/01M48AGCET15Z951PCQ4YNDYRJ/.v/secondmate
HERDR command: pane list --workspace w2 --session fm-lab-e2
FM_HOME=/home/node/.no-mistakes/worktrees/450411b3e67c/01M48AGCET15Z951PCQ4YNDYRJ/.v/secondmate
HERDR command: agent get w2:p1 --session fm-lab-e2
FM_HOME=/home/node/.no-mistakes/worktrees/450411b3e67c/01M48AGCET15Z951PCQ4YNDYRJ/.v/secondmate
HERDR command: pane close w2:p1 --session fm-lab-e2
FM_HOME=/home/node/.no-mistakes/worktrees/450411b3e67c/01M48AGCET15Z951PCQ4YNDYRJ/.v/secondmate
HERDR command: pane get w2:p2 --session fm-lab-e2
FM_ROOT_OVERRIDE=/home/node/.no-mistakes/worktrees/450411b3e67c/01M48AGCET15Z951PCQ4YNDYRJ/.v/runtime
FM_STATE_OVERRIDE=/home/node/.no-mistakes/worktrees/450411b3e67c/01M48AGCET15Z951PCQ4YNDYRJ/.v/spawn-home/state
FM_DATA_OVERRIDE=/home/node/.no-mistakes/worktrees/450411b3e67c/01M48AGCET15Z951PCQ4YNDYRJ/.v/spawn-home/data
FM_PROJECTS_OVERRIDE=/home/node/.no-mistakes/worktrees/450411b3e67c/01M48AGCET15Z951PCQ4YNDYRJ/.v/spawn-home/projects
FM_CONFIG_OVERRIDE=/home/node/.no-mistakes/worktrees/450411b3e67c/01M48AGCET15Z951PCQ4YNDYRJ/.v/spawn-home/config
FM_HOME=/home/node/.no-mistakes/worktrees/450411b3e67c/01M48AGCET15Z951PCQ4YNDYRJ/.v/spawn-home
HERDR command: pane get w1:p2 --session fm-lab-e2
FM_ROOT_OVERRIDE=/home/node/.no-mistakes/worktrees/450411b3e67c/01M48AGCET15Z951PCQ4YNDYRJ/.v/runtime
FM_STATE_OVERRIDE=/home/node/.no-mistakes/worktrees/450411b3e67c/01M48AGCET15Z951PCQ4YNDYRJ/.v/spawn-home/state
FM_DATA_OVERRIDE=/home/node/.no-mistakes/worktrees/450411b3e67c/01M48AGCET15Z951PCQ4YNDYRJ/.v/spawn-home/data
FM_PROJECTS_OVERRIDE=/home/node/.no-mistakes/worktrees/450411b3e67c/01M48AGCET15Z951PCQ4YNDYRJ/.v/spawn-home/projects
FM_CONFIG_OVERRIDE=/home/node/.no-mistakes/worktrees/450411b3e67c/01M48AGCET15Z951PCQ4YNDYRJ/.v/spawn-home/config
FM_HOME=/home/node/.no-mistakes/worktrees/450411b3e67c/01M48AGCET15Z951PCQ4YNDYRJ/.v/spawn-home
HERDR command: pane get w1:p3 --session fm-lab-e2
FM_ROOT_OVERRIDE=/home/node/.no-mistakes/worktrees/450411b3e67c/01M48AGCET15Z951PCQ4YNDYRJ/.v/runtime
FM_STATE_OVERRIDE=/home/node/.no-mistakes/worktrees/450411b3e67c/01M48AGCET15Z951PCQ4YNDYRJ/.v/spawn-home/state
FM_DATA_OVERRIDE=/home/node/.no-mistakes/worktrees/450411b3e67c/01M48AGCET15Z951PCQ4YNDYRJ/.v/spawn-home/data
FM_PROJECTS_OVERRIDE=/home/node/.no-mistakes/worktrees/450411b3e67c/01M48AGCET15Z951PCQ4YNDYRJ/.v/spawn-home/projects
FM_CONFIG_OVERRIDE=/home/node/.no-mistakes/worktrees/450411b3e67c/01M48AGCET15Z951PCQ4YNDYRJ/.v/spawn-home/config
FM_HOME=/home/node/.no-mistakes/worktrees/450411b3e67c/01M48AGCET15Z951PCQ4YNDYRJ/.v/spawn-home
HERDR command: pane get w1:p4 --session fm-lab-e2
FM_ROOT_OVERRIDE=/home/node/.no-mistakes/worktrees/450411b3e67c/01M48AGCET15Z951PCQ4YNDYRJ/.v/runtime
FM_STATE_OVERRIDE=/home/node/.no-mistakes/worktrees/450411b3e67c/01M48AGCET15Z951PCQ4YNDYRJ/.v/spawn-home/state
FM_DATA_OVERRIDE=/home/node/.no-mistakes/worktrees/450411b3e67c/01M48AGCET15Z951PCQ4YNDYRJ/.v/spawn-home/data
FM_PROJECTS_OVERRIDE=/home/node/.no-mistakes/worktrees/450411b3e67c/01M48AGCET15Z951PCQ4YNDYRJ/.v/spawn-home/projects
FM_CONFIG_OVERRIDE=/home/node/.no-mistakes/worktrees/450411b3e67c/01M48AGCET15Z951PCQ4YNDYRJ/.v/spawn-home/config
FM_HOME=/home/node/.no-mistakes/worktrees/450411b3e67c/01M48AGCET15Z951PCQ4YNDYRJ/.v/spawn-home
HERDR command: pane get w2:p2 --session fm-lab-e2
FM_ROOT_OVERRIDE=/home/node/.no-mistakes/worktrees/450411b3e67c/01M48AGCET15Z951PCQ4YNDYRJ/.v/runtime
FM_STATE_OVERRIDE=/home/node/.no-mistakes/worktrees/450411b3e67c/01M48AGCET15Z951PCQ4YNDYRJ/.v/spawn-home/state
FM_DATA_OVERRIDE=/home/node/.no-mistakes/worktrees/450411b3e67c/01M48AGCET15Z951PCQ4YNDYRJ/.v/spawn-home/data
FM_PROJECTS_OVERRIDE=/home/node/.no-mistakes/worktrees/450411b3e67c/01M48AGCET15Z951PCQ4YNDYRJ/.v/spawn-home/projects
FM_CONFIG_OVERRIDE=/home/node/.no-mistakes/worktrees/450411b3e67c/01M48AGCET15Z951PCQ4YNDYRJ/.v/spawn-home/config
FM_HOME=/home/node/.no-mistakes/worktrees/450411b3e67c/01M48AGCET15Z951PCQ4YNDYRJ/.v/spawn-home
HERDR command: status --json --session fm-lab-e2
FM_HOME=/home/node/.no-mistakes/worktrees/450411b3e67c/01M48AGCET15Z951PCQ4YNDYRJ/.v/spawn-home
HERDR command: status --json --session fm-lab-e2
FM_HOME=/home/node/.no-mistakes/worktrees/450411b3e67c/01M48AGCET15Z951PCQ4YNDYRJ/.v/spawn-home
HERDR command: status --json --session fm-lab-e2
FM_HOME=/home/node/.no-mistakes/worktrees/450411b3e67c/01M48AGCET15Z951PCQ4YNDYRJ/.v/spawn-home
HERDR command: status --json --session fm-lab-e2
FM_HOME=/home/node/.no-mistakes/worktrees/450411b3e67c/01M48AGCET15Z951PCQ4YNDYRJ/.v/spawn-home
HERDR command: pane read w1:p4 --source recent --lines 200 --session fm-lab-e2
FM_HOME=/home/node/.no-mistakes/worktrees/450411b3e67c/01M48AGCET15Z951PCQ4YNDYRJ/.v/spawn-home
HERDR command: agent get w2:p2 --session fm-lab-e2
FM_ROOT_OVERRIDE=/home/node/.no-mistakes/worktrees/450411b3e67c/01M48AGCET15Z951PCQ4YNDYRJ/.v/runtime
FM_STATE_OVERRIDE=/home/node/.no-mistakes/worktrees/450411b3e67c/01M48AGCET15Z951PCQ4YNDYRJ/.v/spawn-home/state
FM_DATA_OVERRIDE=/home/node/.no-mistakes/worktrees/450411b3e67c/01M48AGCET15Z951PCQ4YNDYRJ/.v/spawn-home/data
FM_PROJECTS_OVERRIDE=/home/node/.no-mistakes/worktrees/450411b3e67c/01M48AGCET15Z951PCQ4YNDYRJ/.v/spawn-home/projects
FM_CONFIG_OVERRIDE=/home/node/.no-mistakes/worktrees/450411b3e67c/01M48AGCET15Z951PCQ4YNDYRJ/.v/spawn-home/config
FM_HOME=/home/node/.no-mistakes/worktrees/450411b3e67c/01M48AGCET15Z951PCQ4YNDYRJ/.v/spawn-home
HERDR command: pane read w1:p2 --source recent --lines 200 --session fm-lab-e2
FM_HOME=/home/node/.no-mistakes/worktrees/450411b3e67c/01M48AGCET15Z951PCQ4YNDYRJ/.v/spawn-home
HERDR command: pane read w2:p2 --source recent --lines 200 --session fm-lab-e2
FM_HOME=/home/node/.no-mistakes/worktrees/450411b3e67c/01M48AGCET15Z951PCQ4YNDYRJ/.v/spawn-home
HERDR command: status --json --session fm-lab-e2
FM_HOME=/home/node/.no-mistakes/worktrees/450411b3e67c/01M48AGCET15Z951PCQ4YNDYRJ/.v/spawn-home
HERDR command: pane read w1:p2 --source recent --lines 200 --session fm-lab-e2
FM_HOME=/home/node/.no-mistakes/worktrees/450411b3e67c/01M48AGCET15Z951PCQ4YNDYRJ/.v/spawn-home
HERDR command: status --json --session fm-lab-e2
FM_HOME=/home/node/.no-mistakes/worktrees/450411b3e67c/01M48AGCET15Z951PCQ4YNDYRJ/.v/spawn-home
HERDR command: agent get w1:p2 --session fm-lab-e2
FM_HOME=/home/node/.no-mistakes/worktrees/450411b3e67c/01M48AGCET15Z951PCQ4YNDYRJ/.v/spawn-home
HERDR command: pane read w1:p3 --source recent --lines 200 --session fm-lab-e2
FM_HOME=/home/node/.no-mistakes/worktrees/450411b3e67c/01M48AGCET15Z951PCQ4YNDYRJ/.v/spawn-home
HERDR command: status --json --session fm-lab-e2
FM_HOME=/home/node/.no-mistakes/worktrees/450411b3e67c/01M48AGCET15Z951PCQ4YNDYRJ/.v/spawn-home
HERDR command: status --json --session fm-lab-e2
FM_HOME=/home/node/.no-mistakes/worktrees/450411b3e67c/01M48AGCET15Z951PCQ4YNDYRJ/.v/spawn-home
HERDR command: pane read w1:p4 --source recent --lines 200 --session fm-lab-e2
FM_HOME=/home/node/.no-mistakes/worktrees/450411b3e67c/01M48AGCET15Z951PCQ4YNDYRJ/.v/spawn-home
HERDR command: pane read w1:p3 --source recent --lines 200 --session fm-lab-e2
FM_HOME=/home/node/.no-mistakes/worktrees/450411b3e67c/01M48AGCET15Z951PCQ4YNDYRJ/.v/spawn-home
HERDR command: status --json --session fm-lab-e2
FM_HOME=/home/node/.no-mistakes/worktrees/450411b3e67c/01M48AGCET15Z951PCQ4YNDYRJ/.v/spawn-home
HERDR command: status --json --session fm-lab-e2
FM_HOME=/home/node/.no-mistakes/worktrees/450411b3e67c/01M48AGCET15Z951PCQ4YNDYRJ/.v/spawn-home
HERDR command: agent get w1:p3 --session fm-lab-e2
FM_HOME=/home/node/.no-mistakes/worktrees/450411b3e67c/01M48AGCET15Z951PCQ4YNDYRJ/.v/spawn-home
HERDR command: agent get w1:p4 --session fm-lab-e2
FM_HOME=/home/node/.no-mistakes/worktrees/450411b3e67c/01M48AGCET15Z951PCQ4YNDYRJ/.v/spawn-home
HERDR command: status --json --session fm-lab-e2
FM_HOME=/home/node/.no-mistakes/worktrees/450411b3e67c/01M48AGCET15Z951PCQ4YNDYRJ/.v/spawn-home
HERDR command: pane run w2:p2 export\ GOTMPDIR=\'/home/node/.no-mistakes/worktrees/450411b3e67c/01M48AGCET15Z951PCQ4YNDYRJ/.v/spawn-home/state/secondmate.tasktmp/gotmp\' --session fm-lab-e2
FM_HOME=/home/node/.no-mistakes/worktrees/450411b3e67c/01M48AGCET15Z951PCQ4YNDYRJ/.v/spawn-home
HERDR command: status --json --session fm-lab-e2
FM_HOME=/home/node/.no-mistakes/worktrees/450411b3e67c/01M48AGCET15Z951PCQ4YNDYRJ/.v/spawn-home
HERDR command: pane run w2:p2 export\ COMPACT_ADVISER_DISABLE=1 --session fm-lab-e2
FM_HOME=/home/node/.no-mistakes/worktrees/450411b3e67c/01M48AGCET15Z951PCQ4YNDYRJ/.v/spawn-home
HERDR command: status --json --session fm-lab-e2
FM_HOME=/home/node/.no-mistakes/worktrees/450411b3e67c/01M48AGCET15Z951PCQ4YNDYRJ/.v/spawn-home
HERDR command: pane send-text w2:p2 .\ \'/tmp/fm-secondmate+225fc10db929241398488ecab5bc7b61357da0454bee5e18db2b2720920a857b/launch.s1791283113.1032002.14144.sh\' --session fm-lab-e2
FM_HOME=/home/node/.no-mistakes/worktrees/450411b3e67c/01M48AGCET15Z951PCQ4YNDYRJ/.v/spawn-home
HERDR command: status --json --session fm-lab-e2
FM_HOME=/home/node/.no-mistakes/worktrees/450411b3e67c/01M48AGCET15Z951PCQ4YNDYRJ/.v/spawn-home
HERDR command: pane send-keys w2:p2 enter --session fm-lab-e2
FM_HOME=/home/node/.no-mistakes/worktrees/450411b3e67c/01M48AGCET15Z951PCQ4YNDYRJ/.v/spawn-home
HERDR command: session stop fm-lab-e2 --json --session fm-lab-e2
FM_HOME=/home/node/.no-mistakes/worktrees/450411b3e67c/01M48AGCET15Z951PCQ4YNDYRJ/.v/spawn-home
HERDR command: session delete fm-lab-e2 --json --session fm-lab-e2
FM_HOME=/home/node/.no-mistakes/worktrees/450411b3e67c/01M48AGCET15Z951PCQ4YNDYRJ/.v/spawn-home
HERDR command: server --session fm-lab-e2
FM_SNAPSHOT_SCOPED_ENV=1
FM_CREW_STATE_META_OVERRIDE=poison-FM_CREW_STATE_META_OVERRIDE
FM_CREW_STATE_STATUS_OVERRIDE=poison-FM_CREW_STATE_STATUS_OVERRIDE
FM_HOME_SUMMARY_IF_IDLE=poison-FM_HOME_SUMMARY_IF_IDLE
FM_HOME_SUMMARY_WORKER_BEST_EFFORT=poison-FM_HOME_SUMMARY_WORKER_BEST_EFFORT
FM_HOME_SUMMARY_PARENT_ERROR=poison-FM_HOME_SUMMARY_PARENT_ERROR
FM_HOME_SUMMARY_PARENT_STAMP=poison-FM_HOME_SUMMARY_PARENT_STAMP
FM_ROOT_OVERRIDE=poison-FM_ROOT_OVERRIDE
FM_STATE_OVERRIDE=poison-FM_STATE_OVERRIDE
FM_DATA_OVERRIDE=poison-FM_DATA_OVERRIDE
FM_PROJECTS_OVERRIDE=poison-FM_PROJECTS_OVERRIDE
FM_CONFIG_OVERRIDE=poison-FM_CONFIG_OVERRIDE
FM_HOME=/home/node/.no-mistakes/worktrees/450411b3e67c/01M48AGCET15Z951PCQ4YNDYRJ/.v/spawn-home
HERDR command: status --json --session fm-lab-e2
FM_SNAPSHOT_SCOPED_ENV=1
FM_CREW_STATE_META_OVERRIDE=poison-FM_CREW_STATE_META_OVERRIDE
FM_CREW_STATE_STATUS_OVERRIDE=poison-FM_CREW_STATE_STATUS_OVERRIDE
FM_HOME_SUMMARY_IF_IDLE=poison-FM_HOME_SUMMARY_IF_IDLE
FM_HOME_SUMMARY_WORKER_BEST_EFFORT=poison-FM_HOME_SUMMARY_WORKER_BEST_EFFORT
FM_HOME_SUMMARY_PARENT_ERROR=poison-FM_HOME_SUMMARY_PARENT_ERROR
FM_HOME_SUMMARY_PARENT_STAMP=poison-FM_HOME_SUMMARY_PARENT_STAMP
FM_ROOT_OVERRIDE=poison-FM_ROOT_OVERRIDE
FM_STATE_OVERRIDE=poison-FM_STATE_OVERRIDE
FM_DATA_OVERRIDE=poison-FM_DATA_OVERRIDE
FM_PROJECTS_OVERRIDE=poison-FM_PROJECTS_OVERRIDE
FM_CONFIG_OVERRIDE=poison-FM_CONFIG_OVERRIDE
FM_HOME=/home/node/.no-mistakes/worktrees/450411b3e67c/01M48AGCET15Z951PCQ4YNDYRJ/.v/spawn-home
HERDR command: status --json --session fm-lab-e2
FM_HOME=/home/node/.no-mistakes/worktrees/450411b3e67c/01M48AGCET15Z951PCQ4YNDYRJ/.v/spawn-home
HERDR command: status --json --session fm-lab-e2
FM_HOME=/home/node/.no-mistakes/worktrees/450411b3e67c/01M48AGCET15Z951PCQ4YNDYRJ/.v/spawn-home
HERDR command: status --json --session fm-lab-e2
FM_HOME=/home/node/.no-mistakes/worktrees/450411b3e67c/01M48AGCET15Z951PCQ4YNDYRJ/.v/spawn-home
HERDR command: status --json --session fm-lab-e2
FM_HOME=/home/node/.no-mistakes/worktrees/450411b3e67c/01M48AGCET15Z951PCQ4YNDYRJ/.v/spawn-home
HERDR command: status --json --session fm-lab-e2
FM_HOME=/home/node/.no-mistakes/worktrees/450411b3e67c/01M48AGCET15Z951PCQ4YNDYRJ/.v/spawn-home
HERDR command: workspace list --session fm-lab-e2
FM_HOME=/home/node/.no-mistakes/worktrees/450411b3e67c/01M48AGCET15Z951PCQ4YNDYRJ/.v/spawn-home
HERDR command: workspace create --cwd /home/node/.no-mistakes/worktrees/450411b3e67c/01M48AGCET15Z951PCQ4YNDYRJ/.v/spawn-project --label firstmate --no-focus --session fm-lab-e2
FM_HOME=/home/node/.no-mistakes/worktrees/450411b3e67c/01M48AGCET15Z951PCQ4YNDYRJ/.v/spawn-home
HERDR command: tab list --workspace w1 --session fm-lab-e2
FM_HOME=/home/node/.no-mistakes/worktrees/450411b3e67c/01M48AGCET15Z951PCQ4YNDYRJ/.v/spawn-home
HERDR command: tab create --workspace w1 --cwd /home/node/.no-mistakes/worktrees/450411b3e67c/01M48AGCET15Z951PCQ4YNDYRJ/.v/spawn-project --label fm-ship-absent --no-focus --session fm-lab-e2
FM_HOME=/home/node/.no-mistakes/worktrees/450411b3e67c/01M48AGCET15Z951PCQ4YNDYRJ/.v/spawn-home
HERDR command: tab list --workspace w1 --session fm-lab-e2
FM_HOME=/home/node/.no-mistakes/worktrees/450411b3e67c/01M48AGCET15Z951PCQ4YNDYRJ/.v/spawn-home
HERDR command: pane list --workspace w1 --session fm-lab-e2
FM_HOME=/home/node/.no-mistakes/worktrees/450411b3e67c/01M48AGCET15Z951PCQ4YNDYRJ/.v/spawn-home
HERDR command: agent get w1:p1 --session fm-lab-e2
FM_HOME=/home/node/.no-mistakes/worktrees/450411b3e67c/01M48AGCET15Z951PCQ4YNDYRJ/.v/spawn-home
HERDR command: pane close w1:p1 --session fm-lab-e2
FM_HOME=/home/node/.no-mistakes/worktrees/450411b3e67c/01M48AGCET15Z951PCQ4YNDYRJ/.v/spawn-home
HERDR command: status --json --session fm-lab-e2
FM_HOME=/home/node/.no-mistakes/worktrees/450411b3e67c/01M48AGCET15Z951PCQ4YNDYRJ/.v/spawn-home
HERDR command: pane run w1:p2 treehouse\ get --session fm-lab-e2
FM_HOME=/home/node/.no-mistakes/worktrees/450411b3e67c/01M48AGCET15Z951PCQ4YNDYRJ/.v/spawn-home
HERDR command: status --json --session fm-lab-e2
FM_HOME=/home/node/.no-mistakes/worktrees/450411b3e67c/01M48AGCET15Z951PCQ4YNDYRJ/.v/spawn-home
HERDR command: pane get w1:p2 --session fm-lab-e2
FM_HOME=/home/node/.no-mistakes/worktrees/450411b3e67c/01M48AGCET15Z951PCQ4YNDYRJ/.v/spawn-home
HERDR command: status --json --session fm-lab-e2
FM_HOME=/home/node/.no-mistakes/worktrees/450411b3e67c/01M48AGCET15Z951PCQ4YNDYRJ/.v/spawn-home
HERDR command: pane get w1:p2 --session fm-lab-e2
FM_HOME=/home/node/.no-mistakes/worktrees/450411b3e67c/01M48AGCET15Z951PCQ4YNDYRJ/.v/spawn-home
HERDR command: status --json --session fm-lab-e2
FM_HOME=/home/node/.no-mistakes/worktrees/450411b3e67c/01M48AGCET15Z951PCQ4YNDYRJ/.v/spawn-home
HERDR command: pane get w1:p2 --session fm-lab-e2
FM_HOME=/home/node/.no-mistakes/worktrees/450411b3e67c/01M48AGCET15Z951PCQ4YNDYRJ/.v/spawn-home
HERDR command: status --json --session fm-lab-e2
FM_HOME=/home/node/.no-mistakes/worktrees/450411b3e67c/01M48AGCET15Z951PCQ4YNDYRJ/.v/spawn-home
HERDR command: pane run w1:p2 cd\ --\ \'/home/node/.no-mistakes/worktrees/450411b3e67c/01M48AGCET15Z951PCQ4YNDYRJ/.v/home/.treehouse/spawn-project-acaec3/1/spawn-project\' --session fm-lab-e2
FM_HOME=/home/node/.no-mistakes/worktrees/450411b3e67c/01M48AGCET15Z951PCQ4YNDYRJ/.v/spawn-home
HERDR command: status --json --session fm-lab-e2
FM_HOME=/home/node/.no-mistakes/worktrees/450411b3e67c/01M48AGCET15Z951PCQ4YNDYRJ/.v/spawn-home
HERDR command: pane get w1:p2 --session fm-lab-e2
FM_HOME=/home/node/.no-mistakes/worktrees/450411b3e67c/01M48AGCET15Z951PCQ4YNDYRJ/.v/spawn-home
HERDR command: pane get w1:p2 --session fm-lab-e2
FM_ROOT_OVERRIDE=/home/node/.no-mistakes/worktrees/450411b3e67c/01M48AGCET15Z951PCQ4YNDYRJ/.v/runtime
FM_STATE_OVERRIDE=/home/node/.no-mistakes/worktrees/450411b3e67c/01M48AGCET15Z951PCQ4YNDYRJ/.v/spawn-home/state
FM_DATA_OVERRIDE=/home/node/.no-mistakes/worktrees/450411b3e67c/01M48AGCET15Z951PCQ4YNDYRJ/.v/spawn-home/data
FM_PROJECTS_OVERRIDE=/home/node/.no-mistakes/worktrees/450411b3e67c/01M48AGCET15Z951PCQ4YNDYRJ/.v/spawn-home/projects
FM_CONFIG_OVERRIDE=/home/node/.no-mistakes/worktrees/450411b3e67c/01M48AGCET15Z951PCQ4YNDYRJ/.v/spawn-home/config
FM_HOME=/home/node/.no-mistakes/worktrees/450411b3e67c/01M48AGCET15Z951PCQ4YNDYRJ/.v/spawn-home
HERDR command: status --json --session fm-lab-e2
FM_HOME=/home/node/.no-mistakes/worktrees/450411b3e67c/01M48AGCET15Z951PCQ4YNDYRJ/.v/spawn-home
HERDR command: pane read w1:p2 --source recent --lines 200 --session fm-lab-e2
FM_HOME=/home/node/.no-mistakes/worktrees/450411b3e67c/01M48AGCET15Z951PCQ4YNDYRJ/.v/spawn-home
HERDR command: status --json --session fm-lab-e2
FM_HOME=/home/node/.no-mistakes/worktrees/450411b3e67c/01M48AGCET15Z951PCQ4YNDYRJ/.v/spawn-home
HERDR command: pane read w1:p2 --source recent --lines 200 --session fm-lab-e2
FM_HOME=/home/node/.no-mistakes/worktrees/450411b3e67c/01M48AGCET15Z951PCQ4YNDYRJ/.v/spawn-home
HERDR command: status --json --session fm-lab-e2
FM_HOME=/home/node/.no-mistakes/worktrees/450411b3e67c/01M48AGCET15Z951PCQ4YNDYRJ/.v/spawn-home
HERDR command: agent get w1:p2 --session fm-lab-e2
FM_HOME=/home/node/.no-mistakes/worktrees/450411b3e67c/01M48AGCET15Z951PCQ4YNDYRJ/.v/spawn-home
HERDR command: status --json --session fm-lab-e2
FM_HOME=/home/node/.no-mistakes/worktrees/450411b3e67c/01M48AGCET15Z951PCQ4YNDYRJ/.v/spawn-home
HERDR command: pane run w1:p2 export\ GOTMPDIR=\'/home/node/.no-mistakes/worktrees/450411b3e67c/01M48AGCET15Z951PCQ4YNDYRJ/.v/spawn-home/state/ship-absent.tasktmp/gotmp\' --session fm-lab-e2
FM_HOME=/home/node/.no-mistakes/worktrees/450411b3e67c/01M48AGCET15Z951PCQ4YNDYRJ/.v/spawn-home
HERDR command: status --json --session fm-lab-e2
FM_HOME=/home/node/.no-mistakes/worktrees/450411b3e67c/01M48AGCET15Z951PCQ4YNDYRJ/.v/spawn-home
HERDR command: pane run w1:p2 export\ COMPACT_ADVISER_DISABLE=1 --session fm-lab-e2
FM_HOME=/home/node/.no-mistakes/worktrees/450411b3e67c/01M48AGCET15Z951PCQ4YNDYRJ/.v/spawn-home
HERDR command: status --json --session fm-lab-e2
FM_HOME=/home/node/.no-mistakes/worktrees/450411b3e67c/01M48AGCET15Z951PCQ4YNDYRJ/.v/spawn-home
HERDR command: pane run w1:p2 export\ FM_TASK_ID=ship-absent --session fm-lab-e2
FM_HOME=/home/node/.no-mistakes/worktrees/450411b3e67c/01M48AGCET15Z951PCQ4YNDYRJ/.v/spawn-home
HERDR command: status --json --session fm-lab-e2
FM_HOME=/home/node/.no-mistakes/worktrees/450411b3e67c/01M48AGCET15Z951PCQ4YNDYRJ/.v/spawn-home
HERDR command: pane send-text w1:p2 .\ \'/tmp/fm-ship-absent+225fc10db929241398488ecab5bc7b61357da0454bee5e18db2b2720920a857b/launch.s1791283148.1040656.30349.sh\' --session fm-lab-e2
FM_HOME=/home/node/.no-mistakes/worktrees/450411b3e67c/01M48AGCET15Z951PCQ4YNDYRJ/.v/spawn-home
HERDR command: status --json --session fm-lab-e2
FM_HOME=/home/node/.no-mistakes/worktrees/450411b3e67c/01M48AGCET15Z951PCQ4YNDYRJ/.v/spawn-home
HERDR command: pane send-keys w1:p2 enter --session fm-lab-e2
FM_HOME=/home/node/.no-mistakes/worktrees/450411b3e67c/01M48AGCET15Z951PCQ4YNDYRJ/.v/spawn-home
HERDR command: status --json --session fm-lab-e2
FM_HOME=/home/node/.no-mistakes/worktrees/450411b3e67c/01M48AGCET15Z951PCQ4YNDYRJ/.v/spawn-home
HERDR command: pane read w1:p2 --source recent --lines 200 --session fm-lab-e2
FM_HOME=/home/node/.no-mistakes/worktrees/450411b3e67c/01M48AGCET15Z951PCQ4YNDYRJ/.v/spawn-home
HERDR command: status --json --session fm-lab-e2
FM_HOME=/home/node/.no-mistakes/worktrees/450411b3e67c/01M48AGCET15Z951PCQ4YNDYRJ/.v/spawn-home
HERDR command: pane read w1:p2 --source recent --lines 200 --session fm-lab-e2
FM_HOME=/home/node/.no-mistakes/worktrees/450411b3e67c/01M48AGCET15Z951PCQ4YNDYRJ/.v/spawn-home
HERDR command: status --json --session fm-lab-e2
FM_HOME=/home/node/.no-mistakes/worktrees/450411b3e67c/01M48AGCET15Z951PCQ4YNDYRJ/.v/spawn-home
HERDR command: agent get w1:p2 --session fm-lab-e2
FM_HOME=/home/node/.no-mistakes/worktrees/450411b3e67c/01M48AGCET15Z951PCQ4YNDYRJ/.v/spawn-home
HERDR command: status --json --session fm-lab-e2
FM_HOME=/home/node/.no-mistakes/worktrees/450411b3e67c/01M48AGCET15Z951PCQ4YNDYRJ/.v/spawn-home
HERDR command: pane read w1:p2 --source recent --lines 200 --session fm-lab-e2
FM_HOME=/home/node/.no-mistakes/worktrees/450411b3e67c/01M48AGCET15Z951PCQ4YNDYRJ/.v/spawn-home
HERDR command: status --json --session fm-lab-e2
FM_HOME=/home/node/.no-mistakes/worktrees/450411b3e67c/01M48AGCET15Z951PCQ4YNDYRJ/.v/spawn-home
HERDR command: pane read w1:p2 --source recent --lines 200 --session fm-lab-e2
FM_HOME=/home/node/.no-mistakes/worktrees/450411b3e67c/01M48AGCET15Z951PCQ4YNDYRJ/.v/spawn-home
HERDR command: status --json --session fm-lab-e2
FM_HOME=/home/node/.no-mistakes/worktrees/450411b3e67c/01M48AGCET15Z951PCQ4YNDYRJ/.v/spawn-home
HERDR command: agent get w1:p2 --session fm-lab-e2
FM_HOME=/home/node/.no-mistakes/worktrees/450411b3e67c/01M48AGCET15Z951PCQ4YNDYRJ/.v/spawn-home
HERDR command: status --json --session fm-lab-e2
FM_HOME=/home/node/.no-mistakes/worktrees/450411b3e67c/01M48AGCET15Z951PCQ4YNDYRJ/.v/spawn-home
HERDR command: status --json --session fm-lab-e2
FM_HOME=/home/node/.no-mistakes/worktrees/450411b3e67c/01M48AGCET15Z951PCQ4YNDYRJ/.v/spawn-home
HERDR command: status --json --session fm-lab-e2
FM_HOME=/home/node/.no-mistakes/worktrees/450411b3e67c/01M48AGCET15Z951PCQ4YNDYRJ/.v/spawn-home
HERDR command: status --json --session fm-lab-e2
FM_HOME=/home/node/.no-mistakes/worktrees/450411b3e67c/01M48AGCET15Z951PCQ4YNDYRJ/.v/spawn-home
HERDR command: status --json --session fm-lab-e2
FM_HOME=/home/node/.no-mistakes/worktrees/450411b3e67c/01M48AGCET15Z951PCQ4YNDYRJ/.v/spawn-home
HERDR command: workspace list --session fm-lab-e2
FM_HOME=/home/node/.no-mistakes/worktrees/450411b3e67c/01M48AGCET15Z951PCQ4YNDYRJ/.v/spawn-home
HERDR command: tab list --workspace w1 --session fm-lab-e2
FM_HOME=/home/node/.no-mistakes/worktrees/450411b3e67c/01M48AGCET15Z951PCQ4YNDYRJ/.v/spawn-home
HERDR command: tab create --workspace w1 --cwd /home/node/.no-mistakes/worktrees/450411b3e67c/01M48AGCET15Z951PCQ4YNDYRJ/.v/spawn-project --label fm-ship-all --no-focus --session fm-lab-e2
FM_HOME=/home/node/.no-mistakes/worktrees/450411b3e67c/01M48AGCET15Z951PCQ4YNDYRJ/.v/spawn-home
HERDR command: status --json --session fm-lab-e2
FM_HOME=/home/node/.no-mistakes/worktrees/450411b3e67c/01M48AGCET15Z951PCQ4YNDYRJ/.v/spawn-home
HERDR command: pane run w1:p3 treehouse\ get --session fm-lab-e2
FM_HOME=/home/node/.no-mistakes/worktrees/450411b3e67c/01M48AGCET15Z951PCQ4YNDYRJ/.v/spawn-home
HERDR command: status --json --session fm-lab-e2
FM_HOME=/home/node/.no-mistakes/worktrees/450411b3e67c/01M48AGCET15Z951PCQ4YNDYRJ/.v/spawn-home
HERDR command: pane get w1:p3 --session fm-lab-e2
FM_HOME=/home/node/.no-mistakes/worktrees/450411b3e67c/01M48AGCET15Z951PCQ4YNDYRJ/.v/spawn-home
HERDR command: status --json --session fm-lab-e2
FM_HOME=/home/node/.no-mistakes/worktrees/450411b3e67c/01M48AGCET15Z951PCQ4YNDYRJ/.v/spawn-home
HERDR command: pane get w1:p3 --session fm-lab-e2
FM_HOME=/home/node/.no-mistakes/worktrees/450411b3e67c/01M48AGCET15Z951PCQ4YNDYRJ/.v/spawn-home
HERDR command: status --json --session fm-lab-e2
FM_HOME=/home/node/.no-mistakes/worktrees/450411b3e67c/01M48AGCET15Z951PCQ4YNDYRJ/.v/spawn-home
HERDR command: pane get w1:p3 --session fm-lab-e2
FM_HOME=/home/node/.no-mistakes/worktrees/450411b3e67c/01M48AGCET15Z951PCQ4YNDYRJ/.v/spawn-home
HERDR command: status --json --session fm-lab-e2
FM_HOME=/home/node/.no-mistakes/worktrees/450411b3e67c/01M48AGCET15Z951PCQ4YNDYRJ/.v/spawn-home
HERDR command: pane run w1:p3 cd\ --\ \'/home/node/.no-mistakes/worktrees/450411b3e67c/01M48AGCET15Z951PCQ4YNDYRJ/.v/home/.treehouse/spawn-project-acaec3/2/spawn-project\' --session fm-lab-e2
FM_HOME=/home/node/.no-mistakes/worktrees/450411b3e67c/01M48AGCET15Z951PCQ4YNDYRJ/.v/spawn-home
HERDR command: status --json --session fm-lab-e2
FM_HOME=/home/node/.no-mistakes/worktrees/450411b3e67c/01M48AGCET15Z951PCQ4YNDYRJ/.v/spawn-home
HERDR command: pane get w1:p3 --session fm-lab-e2
FM_HOME=/home/node/.no-mistakes/worktrees/450411b3e67c/01M48AGCET15Z951PCQ4YNDYRJ/.v/spawn-home
HERDR command: pane get w1:p2 --session fm-lab-e2
FM_ROOT_OVERRIDE=/home/node/.no-mistakes/worktrees/450411b3e67c/01M48AGCET15Z951PCQ4YNDYRJ/.v/runtime
FM_STATE_OVERRIDE=/home/node/.no-mistakes/worktrees/450411b3e67c/01M48AGCET15Z951PCQ4YNDYRJ/.v/spawn-home/state
FM_DATA_OVERRIDE=/home/node/.no-mistakes/worktrees/450411b3e67c/01M48AGCET15Z951PCQ4YNDYRJ/.v/spawn-home/data
FM_PROJECTS_OVERRIDE=/home/node/.no-mistakes/worktrees/450411b3e67c/01M48AGCET15Z951PCQ4YNDYRJ/.v/spawn-home/projects
FM_CONFIG_OVERRIDE=/home/node/.no-mistakes/worktrees/450411b3e67c/01M48AGCET15Z951PCQ4YNDYRJ/.v/spawn-home/config
FM_HOME=/home/node/.no-mistakes/worktrees/450411b3e67c/01M48AGCET15Z951PCQ4YNDYRJ/.v/spawn-home
HERDR command: pane get w1:p3 --session fm-lab-e2
FM_ROOT_OVERRIDE=/home/node/.no-mistakes/worktrees/450411b3e67c/01M48AGCET15Z951PCQ4YNDYRJ/.v/runtime
FM_STATE_OVERRIDE=/home/node/.no-mistakes/worktrees/450411b3e67c/01M48AGCET15Z951PCQ4YNDYRJ/.v/spawn-home/state
FM_DATA_OVERRIDE=/home/node/.no-mistakes/worktrees/450411b3e67c/01M48AGCET15Z951PCQ4YNDYRJ/.v/spawn-home/data
FM_PROJECTS_OVERRIDE=/home/node/.no-mistakes/worktrees/450411b3e67c/01M48AGCET15Z951PCQ4YNDYRJ/.v/spawn-home/projects
FM_CONFIG_OVERRIDE=/home/node/.no-mistakes/worktrees/450411b3e67c/01M48AGCET15Z951PCQ4YNDYRJ/.v/spawn-home/config
FM_HOME=/home/node/.no-mistakes/worktrees/450411b3e67c/01M48AGCET15Z951PCQ4YNDYRJ/.v/spawn-home
HERDR command: status --json --session fm-lab-e2
FM_HOME=/home/node/.no-mistakes/worktrees/450411b3e67c/01M48AGCET15Z951PCQ4YNDYRJ/.v/spawn-home
HERDR command: status --json --session fm-lab-e2
FM_HOME=/home/node/.no-mistakes/worktrees/450411b3e67c/01M48AGCET15Z951PCQ4YNDYRJ/.v/spawn-home
HERDR command: pane read w1:p3 --source recent --lines 200 --session fm-lab-e2
FM_HOME=/home/node/.no-mistakes/worktrees/450411b3e67c/01M48AGCET15Z951PCQ4YNDYRJ/.v/spawn-home
HERDR command: pane read w1:p2 --source recent --lines 200 --session fm-lab-e2
FM_HOME=/home/node/.no-mistakes/worktrees/450411b3e67c/01M48AGCET15Z951PCQ4YNDYRJ/.v/spawn-home
HERDR command: status --json --session fm-lab-e2
FM_HOME=/home/node/.no-mistakes/worktrees/450411b3e67c/01M48AGCET15Z951PCQ4YNDYRJ/.v/spawn-home
HERDR command: status --json --session fm-lab-e2
FM_HOME=/home/node/.no-mistakes/worktrees/450411b3e67c/01M48AGCET15Z951PCQ4YNDYRJ/.v/spawn-home
HERDR command: pane read w1:p3 --source recent --lines 200 --session fm-lab-e2
FM_HOME=/home/node/.no-mistakes/worktrees/450411b3e67c/01M48AGCET15Z951PCQ4YNDYRJ/.v/spawn-home
HERDR command: pane read w1:p2 --source recent --lines 200 --session fm-lab-e2
FM_HOME=/home/node/.no-mistakes/worktrees/450411b3e67c/01M48AGCET15Z951PCQ4YNDYRJ/.v/spawn-home
HERDR command: status --json --session fm-lab-e2
FM_HOME=/home/node/.no-mistakes/worktrees/450411b3e67c/01M48AGCET15Z951PCQ4YNDYRJ/.v/spawn-home
HERDR command: status --json --session fm-lab-e2
FM_HOME=/home/node/.no-mistakes/worktrees/450411b3e67c/01M48AGCET15Z951PCQ4YNDYRJ/.v/spawn-home
HERDR command: agent get w1:p3 --session fm-lab-e2
FM_HOME=/home/node/.no-mistakes/worktrees/450411b3e67c/01M48AGCET15Z951PCQ4YNDYRJ/.v/spawn-home
HERDR command: agent get w1:p2 --session fm-lab-e2
FM_HOME=/home/node/.no-mistakes/worktrees/450411b3e67c/01M48AGCET15Z951PCQ4YNDYRJ/.v/spawn-home
HERDR command: status --json --session fm-lab-e2
FM_HOME=/home/node/.no-mistakes/worktrees/450411b3e67c/01M48AGCET15Z951PCQ4YNDYRJ/.v/spawn-home
HERDR command: pane run w1:p3 export\ GOTMPDIR=\'/home/node/.no-mistakes/worktrees/450411b3e67c/01M48AGCET15Z951PCQ4YNDYRJ/.v/spawn-home/state/ship-all.tasktmp/gotmp\' --session fm-lab-e2
FM_HOME=/home/node/.no-mistakes/worktrees/450411b3e67c/01M48AGCET15Z951PCQ4YNDYRJ/.v/spawn-home
HERDR command: status --json --session fm-lab-e2
FM_HOME=/home/node/.no-mistakes/worktrees/450411b3e67c/01M48AGCET15Z951PCQ4YNDYRJ/.v/spawn-home
HERDR command: pane run w1:p3 export\ COMPACT_ADVISER_DISABLE=1 --session fm-lab-e2
FM_HOME=/home/node/.no-mistakes/worktrees/450411b3e67c/01M48AGCET15Z951PCQ4YNDYRJ/.v/spawn-home
HERDR command: status --json --session fm-lab-e2
FM_HOME=/home/node/.no-mistakes/worktrees/450411b3e67c/01M48AGCET15Z951PCQ4YNDYRJ/.v/spawn-home
HERDR command: pane run w1:p3 export\ FM_TASK_ID=ship-all --session fm-lab-e2
FM_HOME=/home/node/.no-mistakes/worktrees/450411b3e67c/01M48AGCET15Z951PCQ4YNDYRJ/.v/spawn-home
HERDR command: status --json --session fm-lab-e2
FM_HOME=/home/node/.no-mistakes/worktrees/450411b3e67c/01M48AGCET15Z951PCQ4YNDYRJ/.v/spawn-home
HERDR command: pane send-text w1:p3 .\ \'/tmp/fm-ship-all+225fc10db929241398488ecab5bc7b61357da0454bee5e18db2b2720920a857b/launch.s1791283153.1043398.25331.sh\' --session fm-lab-e2
FM_HOME=/home/node/.no-mistakes/worktrees/450411b3e67c/01M48AGCET15Z951PCQ4YNDYRJ/.v/spawn-home
HERDR command: status --json --session fm-lab-e2
FM_HOME=/home/node/.no-mistakes/worktrees/450411b3e67c/01M48AGCET15Z951PCQ4YNDYRJ/.v/spawn-home
HERDR command: pane send-keys w1:p3 enter --session fm-lab-e2
FM_HOME=/home/node/.no-mistakes/worktrees/450411b3e67c/01M48AGCET15Z951PCQ4YNDYRJ/.v/spawn-home
HERDR command: status --json --session fm-lab-e2
FM_HOME=/home/node/.no-mistakes/worktrees/450411b3e67c/01M48AGCET15Z951PCQ4YNDYRJ/.v/spawn-home
HERDR command: status --json --session fm-lab-e2
FM_HOME=/home/node/.no-mistakes/worktrees/450411b3e67c/01M48AGCET15Z951PCQ4YNDYRJ/.v/spawn-home
HERDR command: status --json --session fm-lab-e2
FM_HOME=/home/node/.no-mistakes/worktrees/450411b3e67c/01M48AGCET15Z951PCQ4YNDYRJ/.v/spawn-home
HERDR command: status --json --session fm-lab-e2
FM_HOME=/home/node/.no-mistakes/worktrees/450411b3e67c/01M48AGCET15Z951PCQ4YNDYRJ/.v/spawn-home
HERDR command: status --json --session fm-lab-e2
FM_HOME=/home/node/.no-mistakes/worktrees/450411b3e67c/01M48AGCET15Z951PCQ4YNDYRJ/.v/spawn-home
HERDR command: workspace list --session fm-lab-e2
FM_HOME=/home/node/.no-mistakes/worktrees/450411b3e67c/01M48AGCET15Z951PCQ4YNDYRJ/.v/spawn-home
HERDR command: tab list --workspace w1 --session fm-lab-e2
FM_HOME=/home/node/.no-mistakes/worktrees/450411b3e67c/01M48AGCET15Z951PCQ4YNDYRJ/.v/spawn-home
HERDR command: tab create --workspace w1 --cwd /home/node/.no-mistakes/worktrees/450411b3e67c/01M48AGCET15Z951PCQ4YNDYRJ/.v/spawn-project --label fm-ship-paths-only --no-focus --session fm-lab-e2
FM_HOME=/home/node/.no-mistakes/worktrees/450411b3e67c/01M48AGCET15Z951PCQ4YNDYRJ/.v/spawn-home
HERDR command: status --json --session fm-lab-e2
FM_HOME=/home/node/.no-mistakes/worktrees/450411b3e67c/01M48AGCET15Z951PCQ4YNDYRJ/.v/spawn-home
HERDR command: pane run w1:p4 treehouse\ get --session fm-lab-e2
FM_HOME=/home/node/.no-mistakes/worktrees/450411b3e67c/01M48AGCET15Z951PCQ4YNDYRJ/.v/spawn-home
HERDR command: status --json --session fm-lab-e2
FM_HOME=/home/node/.no-mistakes/worktrees/450411b3e67c/01M48AGCET15Z951PCQ4YNDYRJ/.v/spawn-home
HERDR command: pane get w1:p4 --session fm-lab-e2
FM_HOME=/home/node/.no-mistakes/worktrees/450411b3e67c/01M48AGCET15Z951PCQ4YNDYRJ/.v/spawn-home
HERDR command: status --json --session fm-lab-e2
FM_HOME=/home/node/.no-mistakes/worktrees/450411b3e67c/01M48AGCET15Z951PCQ4YNDYRJ/.v/spawn-home
HERDR command: pane get w1:p4 --session fm-lab-e2
FM_HOME=/home/node/.no-mistakes/worktrees/450411b3e67c/01M48AGCET15Z951PCQ4YNDYRJ/.v/spawn-home
HERDR command: status --json --session fm-lab-e2
FM_HOME=/home/node/.no-mistakes/worktrees/450411b3e67c/01M48AGCET15Z951PCQ4YNDYRJ/.v/spawn-home
HERDR command: pane get w1:p4 --session fm-lab-e2
FM_HOME=/home/node/.no-mistakes/worktrees/450411b3e67c/01M48AGCET15Z951PCQ4YNDYRJ/.v/spawn-home
HERDR command: status --json --session fm-lab-e2
FM_HOME=/home/node/.no-mistakes/worktrees/450411b3e67c/01M48AGCET15Z951PCQ4YNDYRJ/.v/spawn-home
HERDR command: pane run w1:p4 cd\ --\ \'/home/node/.no-mistakes/worktrees/450411b3e67c/01M48AGCET15Z951PCQ4YNDYRJ/.v/home/.treehouse/spawn-project-acaec3/3/spawn-project\' --session fm-lab-e2
FM_HOME=/home/node/.no-mistakes/worktrees/450411b3e67c/01M48AGCET15Z951PCQ4YNDYRJ/.v/spawn-home
HERDR command: status --json --session fm-lab-e2
FM_HOME=/home/node/.no-mistakes/worktrees/450411b3e67c/01M48AGCET15Z951PCQ4YNDYRJ/.v/spawn-home
HERDR command: pane get w1:p4 --session fm-lab-e2
FM_HOME=/home/node/.no-mistakes/worktrees/450411b3e67c/01M48AGCET15Z951PCQ4YNDYRJ/.v/spawn-home
HERDR command: pane get w1:p3 --session fm-lab-e2
FM_ROOT_OVERRIDE=/home/node/.no-mistakes/worktrees/450411b3e67c/01M48AGCET15Z951PCQ4YNDYRJ/.v/runtime
FM_STATE_OVERRIDE=/home/node/.no-mistakes/worktrees/450411b3e67c/01M48AGCET15Z951PCQ4YNDYRJ/.v/spawn-home/state
FM_DATA_OVERRIDE=/home/node/.no-mistakes/worktrees/450411b3e67c/01M48AGCET15Z951PCQ4YNDYRJ/.v/spawn-home/data
FM_PROJECTS_OVERRIDE=/home/node/.no-mistakes/worktrees/450411b3e67c/01M48AGCET15Z951PCQ4YNDYRJ/.v/spawn-home/projects
FM_CONFIG_OVERRIDE=/home/node/.no-mistakes/worktrees/450411b3e67c/01M48AGCET15Z951PCQ4YNDYRJ/.v/spawn-home/config
FM_HOME=/home/node/.no-mistakes/worktrees/450411b3e67c/01M48AGCET15Z951PCQ4YNDYRJ/.v/spawn-home
HERDR command: pane get w1:p4 --session fm-lab-e2
FM_ROOT_OVERRIDE=/home/node/.no-mistakes/worktrees/450411b3e67c/01M48AGCET15Z951PCQ4YNDYRJ/.v/runtime
FM_STATE_OVERRIDE=/home/node/.no-mistakes/worktrees/450411b3e67c/01M48AGCET15Z951PCQ4YNDYRJ/.v/spawn-home/state
FM_DATA_OVERRIDE=/home/node/.no-mistakes/worktrees/450411b3e67c/01M48AGCET15Z951PCQ4YNDYRJ/.v/spawn-home/data
FM_PROJECTS_OVERRIDE=/home/node/.no-mistakes/worktrees/450411b3e67c/01M48AGCET15Z951PCQ4YNDYRJ/.v/spawn-home/projects
FM_CONFIG_OVERRIDE=/home/node/.no-mistakes/worktrees/450411b3e67c/01M48AGCET15Z951PCQ4YNDYRJ/.v/spawn-home/config
FM_HOME=/home/node/.no-mistakes/worktrees/450411b3e67c/01M48AGCET15Z951PCQ4YNDYRJ/.v/spawn-home
HERDR command: pane get w1:p2 --session fm-lab-e2
FM_ROOT_OVERRIDE=/home/node/.no-mistakes/worktrees/450411b3e67c/01M48AGCET15Z951PCQ4YNDYRJ/.v/runtime
FM_STATE_OVERRIDE=/home/node/.no-mistakes/worktrees/450411b3e67c/01M48AGCET15Z951PCQ4YNDYRJ/.v/spawn-home/state
FM_DATA_OVERRIDE=/home/node/.no-mistakes/worktrees/450411b3e67c/01M48AGCET15Z951PCQ4YNDYRJ/.v/spawn-home/data
FM_PROJECTS_OVERRIDE=/home/node/.no-mistakes/worktrees/450411b3e67c/01M48AGCET15Z951PCQ4YNDYRJ/.v/spawn-home/projects
FM_CONFIG_OVERRIDE=/home/node/.no-mistakes/worktrees/450411b3e67c/01M48AGCET15Z951PCQ4YNDYRJ/.v/spawn-home/config
FM_HOME=/home/node/.no-mistakes/worktrees/450411b3e67c/01M48AGCET15Z951PCQ4YNDYRJ/.v/spawn-home
HERDR command: status --json --session fm-lab-e2
FM_HOME=/home/node/.no-mistakes/worktrees/450411b3e67c/01M48AGCET15Z951PCQ4YNDYRJ/.v/spawn-home
HERDR command: status --json --session fm-lab-e2
FM_HOME=/home/node/.no-mistakes/worktrees/450411b3e67c/01M48AGCET15Z951PCQ4YNDYRJ/.v/spawn-home
HERDR command: pane read w1:p3 --source recent --lines 200 --session fm-lab-e2
FM_HOME=/home/node/.no-mistakes/worktrees/450411b3e67c/01M48AGCET15Z951PCQ4YNDYRJ/.v/spawn-home
HERDR command: status --json --session fm-lab-e2
FM_HOME=/home/node/.no-mistakes/worktrees/450411b3e67c/01M48AGCET15Z951PCQ4YNDYRJ/.v/spawn-home
HERDR command: pane read w1:p2 --source recent --lines 200 --session fm-lab-e2
FM_HOME=/home/node/.no-mistakes/worktrees/450411b3e67c/01M48AGCET15Z951PCQ4YNDYRJ/.v/spawn-home
HERDR command: pane read w1:p4 --source recent --lines 200 --session fm-lab-e2
FM_HOME=/home/node/.no-mistakes/worktrees/450411b3e67c/01M48AGCET15Z951PCQ4YNDYRJ/.v/spawn-home
HERDR command: status --json --session fm-lab-e2
FM_HOME=/home/node/.no-mistakes/worktrees/450411b3e67c/01M48AGCET15Z951PCQ4YNDYRJ/.v/spawn-home
HERDR command: status --json --session fm-lab-e2
FM_HOME=/home/node/.no-mistakes/worktrees/450411b3e67c/01M48AGCET15Z951PCQ4YNDYRJ/.v/spawn-home
HERDR command: pane read w1:p3 --source recent --lines 200 --session fm-lab-e2
FM_HOME=/home/node/.no-mistakes/worktrees/450411b3e67c/01M48AGCET15Z951PCQ4YNDYRJ/.v/spawn-home
HERDR command: status --json --session fm-lab-e2
FM_HOME=/home/node/.no-mistakes/worktrees/450411b3e67c/01M48AGCET15Z951PCQ4YNDYRJ/.v/spawn-home
HERDR command: pane read w1:p2 --source recent --lines 200 --session fm-lab-e2
FM_HOME=/home/node/.no-mistakes/worktrees/450411b3e67c/01M48AGCET15Z951PCQ4YNDYRJ/.v/spawn-home
HERDR command: pane read w1:p4 --source recent --lines 200 --session fm-lab-e2
FM_HOME=/home/node/.no-mistakes/worktrees/450411b3e67c/01M48AGCET15Z951PCQ4YNDYRJ/.v/spawn-home
HERDR command: status --json --session fm-lab-e2
FM_HOME=/home/node/.no-mistakes/worktrees/450411b3e67c/01M48AGCET15Z951PCQ4YNDYRJ/.v/spawn-home
HERDR command: status --json --session fm-lab-e2
FM_HOME=/home/node/.no-mistakes/worktrees/450411b3e67c/01M48AGCET15Z951PCQ4YNDYRJ/.v/spawn-home
HERDR command: status --json --session fm-lab-e2
FM_HOME=/home/node/.no-mistakes/worktrees/450411b3e67c/01M48AGCET15Z951PCQ4YNDYRJ/.v/spawn-home
HERDR command: agent get w1:p3 --session fm-lab-e2
FM_HOME=/home/node/.no-mistakes/worktrees/450411b3e67c/01M48AGCET15Z951PCQ4YNDYRJ/.v/spawn-home
HERDR command: agent get w1:p2 --session fm-lab-e2
FM_HOME=/home/node/.no-mistakes/worktrees/450411b3e67c/01M48AGCET15Z951PCQ4YNDYRJ/.v/spawn-home
HERDR command: agent get w1:p4 --session fm-lab-e2
FM_HOME=/home/node/.no-mistakes/worktrees/450411b3e67c/01M48AGCET15Z951PCQ4YNDYRJ/.v/spawn-home
HERDR command: status --json --session fm-lab-e2
FM_HOME=/home/node/.no-mistakes/worktrees/450411b3e67c/01M48AGCET15Z951PCQ4YNDYRJ/.v/spawn-home
HERDR command: pane run w1:p4 export\ GOTMPDIR=\'/home/node/.no-mistakes/worktrees/450411b3e67c/01M48AGCET15Z951PCQ4YNDYRJ/.v/spawn-home/state/ship-paths-only.tasktmp/gotmp\' --session fm-lab-e2
FM_HOME=/home/node/.no-mistakes/worktrees/450411b3e67c/01M48AGCET15Z951PCQ4YNDYRJ/.v/spawn-home
HERDR command: status --json --session fm-lab-e2
FM_HOME=/home/node/.no-mistakes/worktrees/450411b3e67c/01M48AGCET15Z951PCQ4YNDYRJ/.v/spawn-home
HERDR command: pane run w1:p4 export\ COMPACT_ADVISER_DISABLE=1 --session fm-lab-e2
FM_HOME=/home/node/.no-mistakes/worktrees/450411b3e67c/01M48AGCET15Z951PCQ4YNDYRJ/.v/spawn-home
HERDR command: status --json --session fm-lab-e2
FM_HOME=/home/node/.no-mistakes/worktrees/450411b3e67c/01M48AGCET15Z951PCQ4YNDYRJ/.v/spawn-home
HERDR command: pane run w1:p4 export\ FM_TASK_ID=ship-paths-only --session fm-lab-e2
FM_HOME=/home/node/.no-mistakes/worktrees/450411b3e67c/01M48AGCET15Z951PCQ4YNDYRJ/.v/spawn-home
HERDR command: status --json --session fm-lab-e2
FM_HOME=/home/node/.no-mistakes/worktrees/450411b3e67c/01M48AGCET15Z951PCQ4YNDYRJ/.v/spawn-home
HERDR command: pane send-text w1:p4 .\ \'/tmp/fm-ship-paths-only+225fc10db929241398488ecab5bc7b61357da0454bee5e18db2b2720920a857b/launch.s1791283179.1050739.30246.sh\' --session fm-lab-e2
FM_HOME=/home/node/.no-mistakes/worktrees/450411b3e67c/01M48AGCET15Z951PCQ4YNDYRJ/.v/spawn-home
HERDR command: status --json --session fm-lab-e2
FM_HOME=/home/node/.no-mistakes/worktrees/450411b3e67c/01M48AGCET15Z951PCQ4YNDYRJ/.v/spawn-home
HERDR command: pane send-keys w1:p4 enter --session fm-lab-e2
FM_HOME=/home/node/.no-mistakes/worktrees/450411b3e67c/01M48AGCET15Z951PCQ4YNDYRJ/.v/spawn-home
HERDR command: pane send-text w1:p2 export\ FM_SNAPSHOT_SCOPED_ENV=1\ FM_CREW_STATE_META_OVERRIDE=relaunch-poison-FM_CREW_STATE_META_OVERRIDE\ FM_CREW_STATE_STATUS_OVERRIDE=relaunch-poison-FM_CREW_STATE_STATUS_OVERRIDE\ FM_HOME_SUMMARY_IF_IDLE=relaunch-poison-FM_HOME_SUMMARY_IF_IDLE\ FM_HOME_SUMMARY_WORKER_BEST_EFFORT=relaunch-poison-FM_HOME_SUMMARY_WORKER_BEST_EFFORT\ FM_HOME_SUMMARY_PARENT_ERROR=relaunch-poison-FM_HOME_SUMMARY_PARENT_ERROR\ FM_HOME_SUMMARY_PARENT_STAMP=relaunch-poison-FM_HOME_SUMMARY_PARENT_STAMP\ FM_ROOT_OVERRIDE=relaunch-poison-FM_ROOT_OVERRIDE\ FM_STATE_OVERRIDE=relaunch-poison-FM_STATE_OVERRIDE\ FM_DATA_OVERRIDE=relaunch-poison-FM_DATA_OVERRIDE\ FM_PROJECTS_OVERRIDE=relaunch-poison-FM_PROJECTS_OVERRIDE\ FM_CONFIG_OVERRIDE=relaunch-poison-FM_CONFIG_OVERRIDE --session fm-lab-e2
FM_HOME=/home/node/.no-mistakes/worktrees/450411b3e67c/01M48AGCET15Z951PCQ4YNDYRJ/.v/spawn-home
HERDR command: pane send-keys w1:p2 enter --session fm-lab-e2
FM_HOME=/home/node/.no-mistakes/worktrees/450411b3e67c/01M48AGCET15Z951PCQ4YNDYRJ/.v/spawn-home
HERDR command: pane get w1:p2 --session fm-lab-e2
FM_HOME=/home/node/.no-mistakes/worktrees/450411b3e67c/01M48AGCET15Z951PCQ4YNDYRJ/.v/spawn-home
HERDR command: agent get w1:p2 --session fm-lab-e2
FM_HOME=/home/node/.no-mistakes/worktrees/450411b3e67c/01M48AGCET15Z951PCQ4YNDYRJ/.v/spawn-home
HERDR command: status --json --session fm-lab-e2
FM_HOME=/home/node/.no-mistakes/worktrees/450411b3e67c/01M48AGCET15Z951PCQ4YNDYRJ/.v/spawn-home
HERDR command: pane get w1:p2 --session fm-lab-e2
FM_HOME=/home/node/.no-mistakes/worktrees/450411b3e67c/01M48AGCET15Z951PCQ4YNDYRJ/.v/spawn-home
HERDR command: status --json --session fm-lab-e2
FM_HOME=/home/node/.no-mistakes/worktrees/450411b3e67c/01M48AGCET15Z951PCQ4YNDYRJ/.v/spawn-home
HERDR command: pane run w1:p2 cd\ --\ \'/home/node/.no-mistakes/worktrees/450411b3e67c/01M48AGCET15Z951PCQ4YNDYRJ/.v/home/.treehouse/spawn-project-acaec3/1/spawn-project\' --session fm-lab-e2
FM_HOME=/home/node/.no-mistakes/worktrees/450411b3e67c/01M48AGCET15Z951PCQ4YNDYRJ/.v/spawn-home
HERDR command: status --json --session fm-lab-e2
FM_HOME=/home/node/.no-mistakes/worktrees/450411b3e67c/01M48AGCET15Z951PCQ4YNDYRJ/.v/spawn-home
HERDR command: pane get w1:p2 --session fm-lab-e2
FM_HOME=/home/node/.no-mistakes/worktrees/450411b3e67c/01M48AGCET15Z951PCQ4YNDYRJ/.v/spawn-home
HERDR command: pane get w1:p2 --session fm-lab-e2
FM_ROOT_OVERRIDE=/home/node/.no-mistakes/worktrees/450411b3e67c/01M48AGCET15Z951PCQ4YNDYRJ/.v/runtime
FM_STATE_OVERRIDE=/home/node/.no-mistakes/worktrees/450411b3e67c/01M48AGCET15Z951PCQ4YNDYRJ/.v/spawn-home/state
FM_DATA_OVERRIDE=/home/node/.no-mistakes/worktrees/450411b3e67c/01M48AGCET15Z951PCQ4YNDYRJ/.v/spawn-home/data
FM_PROJECTS_OVERRIDE=/home/node/.no-mistakes/worktrees/450411b3e67c/01M48AGCET15Z951PCQ4YNDYRJ/.v/spawn-home/projects
FM_CONFIG_OVERRIDE=/home/node/.no-mistakes/worktrees/450411b3e67c/01M48AGCET15Z951PCQ4YNDYRJ/.v/spawn-home/config
FM_HOME=/home/node/.no-mistakes/worktrees/450411b3e67c/01M48AGCET15Z951PCQ4YNDYRJ/.v/spawn-home
HERDR command: pane get w1:p3 --session fm-lab-e2
FM_ROOT_OVERRIDE=/home/node/.no-mistakes/worktrees/450411b3e67c/01M48AGCET15Z951PCQ4YNDYRJ/.v/runtime
FM_STATE_OVERRIDE=/home/node/.no-mistakes/worktrees/450411b3e67c/01M48AGCET15Z951PCQ4YNDYRJ/.v/spawn-home/state
FM_DATA_OVERRIDE=/home/node/.no-mistakes/worktrees/450411b3e67c/01M48AGCET15Z951PCQ4YNDYRJ/.v/spawn-home/data
FM_PROJECTS_OVERRIDE=/home/node/.no-mistakes/worktrees/450411b3e67c/01M48AGCET15Z951PCQ4YNDYRJ/.v/spawn-home/projects
FM_CONFIG_OVERRIDE=/home/node/.no-mistakes/worktrees/450411b3e67c/01M48AGCET15Z951PCQ4YNDYRJ/.v/spawn-home/config
FM_HOME=/home/node/.no-mistakes/worktrees/450411b3e67c/01M48AGCET15Z951PCQ4YNDYRJ/.v/spawn-home
HERDR command: pane get w1:p4 --session fm-lab-e2
FM_ROOT_OVERRIDE=/home/node/.no-mistakes/worktrees/450411b3e67c/01M48AGCET15Z951PCQ4YNDYRJ/.v/runtime
FM_STATE_OVERRIDE=/home/node/.no-mistakes/worktrees/450411b3e67c/01M48AGCET15Z951PCQ4YNDYRJ/.v/spawn-home/state
FM_DATA_OVERRIDE=/home/node/.no-mistakes/worktrees/450411b3e67c/01M48AGCET15Z951PCQ4YNDYRJ/.v/spawn-home/data
FM_PROJECTS_OVERRIDE=/home/node/.no-mistakes/worktrees/450411b3e67c/01M48AGCET15Z951PCQ4YNDYRJ/.v/spawn-home/projects
FM_CONFIG_OVERRIDE=/home/node/.no-mistakes/worktrees/450411b3e67c/01M48AGCET15Z951PCQ4YNDYRJ/.v/spawn-home/config
FM_HOME=/home/node/.no-mistakes/worktrees/450411b3e67c/01M48AGCET15Z951PCQ4YNDYRJ/.v/spawn-home
HERDR command: status --json --session fm-lab-e2
FM_HOME=/home/node/.no-mistakes/worktrees/450411b3e67c/01M48AGCET15Z951PCQ4YNDYRJ/.v/spawn-home
HERDR command: status --json --session fm-lab-e2
FM_HOME=/home/node/.no-mistakes/worktrees/450411b3e67c/01M48AGCET15Z951PCQ4YNDYRJ/.v/spawn-home
HERDR command: status --json --session fm-lab-e2
FM_HOME=/home/node/.no-mistakes/worktrees/450411b3e67c/01M48AGCET15Z951PCQ4YNDYRJ/.v/spawn-home
HERDR command: pane read w1:p2 --source recent --lines 200 --session fm-lab-e2
FM_HOME=/home/node/.no-mistakes/worktrees/450411b3e67c/01M48AGCET15Z951PCQ4YNDYRJ/.v/spawn-home
HERDR command: pane read w1:p3 --source recent --lines 200 --session fm-lab-e2
FM_HOME=/home/node/.no-mistakes/worktrees/450411b3e67c/01M48AGCET15Z951PCQ4YNDYRJ/.v/spawn-home
HERDR command: pane read w1:p4 --source recent --lines 200 --session fm-lab-e2
FM_HOME=/home/node/.no-mistakes/worktrees/450411b3e67c/01M48AGCET15Z951PCQ4YNDYRJ/.v/spawn-home
HERDR command: status --json --session fm-lab-e2
FM_HOME=/home/node/.no-mistakes/worktrees/450411b3e67c/01M48AGCET15Z951PCQ4YNDYRJ/.v/spawn-home
HERDR command: status --json --session fm-lab-e2
FM_HOME=/home/node/.no-mistakes/worktrees/450411b3e67c/01M48AGCET15Z951PCQ4YNDYRJ/.v/spawn-home
HERDR command: pane read w1:p3 --source recent --lines 200 --session fm-lab-e2
FM_HOME=/home/node/.no-mistakes/worktrees/450411b3e67c/01M48AGCET15Z951PCQ4YNDYRJ/.v/spawn-home
HERDR command: pane read w1:p2 --source recent --lines 200 --session fm-lab-e2
FM_HOME=/home/node/.no-mistakes/worktrees/450411b3e67c/01M48AGCET15Z951PCQ4YNDYRJ/.v/spawn-home
HERDR command: status --json --session fm-lab-e2
FM_HOME=/home/node/.no-mistakes/worktrees/450411b3e67c/01M48AGCET15Z951PCQ4YNDYRJ/.v/spawn-home
HERDR command: status --json --session fm-lab-e2
FM_HOME=/home/node/.no-mistakes/worktrees/450411b3e67c/01M48AGCET15Z951PCQ4YNDYRJ/.v/spawn-home
HERDR command: agent get w1:p3 --session fm-lab-e2
FM_HOME=/home/node/.no-mistakes/worktrees/450411b3e67c/01M48AGCET15Z951PCQ4YNDYRJ/.v/spawn-home
HERDR command: agent get w1:p2 --session fm-lab-e2
FM_HOME=/home/node/.no-mistakes/worktrees/450411b3e67c/01M48AGCET15Z951PCQ4YNDYRJ/.v/spawn-home
HERDR command: status --json --session fm-lab-e2
FM_HOME=/home/node/.no-mistakes/worktrees/450411b3e67c/01M48AGCET15Z951PCQ4YNDYRJ/.v/spawn-home
HERDR command: pane read w1:p4 --source recent --lines 200 --session fm-lab-e2
FM_HOME=/home/node/.no-mistakes/worktrees/450411b3e67c/01M48AGCET15Z951PCQ4YNDYRJ/.v/spawn-home
HERDR command: status --json --session fm-lab-e2
FM_HOME=/home/node/.no-mistakes/worktrees/450411b3e67c/01M48AGCET15Z951PCQ4YNDYRJ/.v/spawn-home
HERDR command: agent get w1:p4 --session fm-lab-e2
FM_HOME=/home/node/.no-mistakes/worktrees/450411b3e67c/01M48AGCET15Z951PCQ4YNDYRJ/.v/spawn-home
HERDR command: agent get w1:p2 --session fm-lab-e2
FM_HOME=/home/node/.no-mistakes/worktrees/450411b3e67c/01M48AGCET15Z951PCQ4YNDYRJ/.v/spawn-home
HERDR command: status --json --session fm-lab-e2
FM_HOME=/home/node/.no-mistakes/worktrees/450411b3e67c/01M48AGCET15Z951PCQ4YNDYRJ/.v/spawn-home
HERDR command: pane run w1:p2 export\ GOTMPDIR=\'/home/node/.no-mistakes/worktrees/450411b3e67c/01M48AGCET15Z951PCQ4YNDYRJ/.v/spawn-home/state/ship-absent.tasktmp/gotmp\' --session fm-lab-e2
FM_HOME=/home/node/.no-mistakes/worktrees/450411b3e67c/01M48AGCET15Z951PCQ4YNDYRJ/.v/spawn-home
HERDR command: status --json --session fm-lab-e2
FM_HOME=/home/node/.no-mistakes/worktrees/450411b3e67c/01M48AGCET15Z951PCQ4YNDYRJ/.v/spawn-home
HERDR command: pane run w1:p2 export\ COMPACT_ADVISER_DISABLE=1 --session fm-lab-e2
FM_HOME=/home/node/.no-mistakes/worktrees/450411b3e67c/01M48AGCET15Z951PCQ4YNDYRJ/.v/spawn-home
HERDR command: status --json --session fm-lab-e2
FM_HOME=/home/node/.no-mistakes/worktrees/450411b3e67c/01M48AGCET15Z951PCQ4YNDYRJ/.v/spawn-home
HERDR command: pane run w1:p2 export\ FM_TASK_ID=ship-absent --session fm-lab-e2
FM_HOME=/home/node/.no-mistakes/worktrees/450411b3e67c/01M48AGCET15Z951PCQ4YNDYRJ/.v/spawn-home
HERDR command: status --json --session fm-lab-e2
FM_HOME=/home/node/.no-mistakes/worktrees/450411b3e67c/01M48AGCET15Z951PCQ4YNDYRJ/.v/spawn-home
HERDR command: pane send-text w1:p2 .\ \'/tmp/fm-ship-absent+225fc10db929241398488ecab5bc7b61357da0454bee5e18db2b2720920a857b/launch.s1791283203.1059939.3239.sh\' --session fm-lab-e2
FM_HOME=/home/node/.no-mistakes/worktrees/450411b3e67c/01M48AGCET15Z951PCQ4YNDYRJ/.v/spawn-home
HERDR command: status --json --session fm-lab-e2
FM_HOME=/home/node/.no-mistakes/worktrees/450411b3e67c/01M48AGCET15Z951PCQ4YNDYRJ/.v/spawn-home
HERDR command: pane send-keys w1:p2 enter --session fm-lab-e2
FM_HOME=/home/node/.no-mistakes/worktrees/450411b3e67c/01M48AGCET15Z951PCQ4YNDYRJ/.v/spawn-home
HERDR command: pane send-text w1:p2 export\ FM_ROOT_OVERRIDE=/home/node/.no-mistakes/worktrees/450411b3e67c/01M48AGCET15Z951PCQ4YNDYRJ/.v/runtime\ FM_STATE_OVERRIDE=/home/node/.no-mistakes/worktrees/450411b3e67c/01M48AGCET15Z951PCQ4YNDYRJ/.v/spawn-home/state\ FM_DATA_OVERRIDE=/home/node/.no-mistakes/worktrees/450411b3e67c/01M48AGCET15Z951PCQ4YNDYRJ/.v/spawn-home/data\ FM_PROJECTS_OVERRIDE=/home/node/.no-mistakes/worktrees/450411b3e67c/01M48AGCET15Z951PCQ4YNDYRJ/.v/spawn-home/projects\ FM_CONFIG_OVERRIDE=/home/node/.no-mistakes/worktrees/450411b3e67c/01M48AGCET15Z951PCQ4YNDYRJ/.v/spawn-home/config\ FM_SNAPSHOT_SCOPED_ENV=0 --session fm-lab-e2
FM_HOME=/home/node/.no-mistakes/worktrees/450411b3e67c/01M48AGCET15Z951PCQ4YNDYRJ/.v/spawn-home
HERDR command: pane send-keys w1:p2 enter --session fm-lab-e2
FM_HOME=/home/node/.no-mistakes/worktrees/450411b3e67c/01M48AGCET15Z951PCQ4YNDYRJ/.v/spawn-home
HERDR command: pane get w1:p2 --session fm-lab-e2
FM_HOME=/home/node/.no-mistakes/worktrees/450411b3e67c/01M48AGCET15Z951PCQ4YNDYRJ/.v/spawn-home
HERDR command: agent get w1:p2 --session fm-lab-e2
FM_HOME=/home/node/.no-mistakes/worktrees/450411b3e67c/01M48AGCET15Z951PCQ4YNDYRJ/.v/spawn-home
HERDR command: status --json --session fm-lab-e2
FM_HOME=/home/node/.no-mistakes/worktrees/450411b3e67c/01M48AGCET15Z951PCQ4YNDYRJ/.v/spawn-home
HERDR command: pane get w1:p2 --session fm-lab-e2
FM_HOME=/home/node/.no-mistakes/worktrees/450411b3e67c/01M48AGCET15Z951PCQ4YNDYRJ/.v/spawn-home
HERDR command: status --json --session fm-lab-e2
FM_HOME=/home/node/.no-mistakes/worktrees/450411b3e67c/01M48AGCET15Z951PCQ4YNDYRJ/.v/spawn-home
HERDR command: pane run w1:p2 cd\ --\ \'/home/node/.no-mistakes/worktrees/450411b3e67c/01M48AGCET15Z951PCQ4YNDYRJ/.v/home/.treehouse/spawn-project-acaec3/1/spawn-project\' --session fm-lab-e2
FM_HOME=/home/node/.no-mistakes/worktrees/450411b3e67c/01M48AGCET15Z951PCQ4YNDYRJ/.v/spawn-home
HERDR command: status --json --session fm-lab-e2
FM_HOME=/home/node/.no-mistakes/worktrees/450411b3e67c/01M48AGCET15Z951PCQ4YNDYRJ/.v/spawn-home
HERDR command: pane get w1:p2 --session fm-lab-e2
FM_HOME=/home/node/.no-mistakes/worktrees/450411b3e67c/01M48AGCET15Z951PCQ4YNDYRJ/.v/spawn-home
HERDR command: pane get w1:p2 --session fm-lab-e2
FM_ROOT_OVERRIDE=/home/node/.no-mistakes/worktrees/450411b3e67c/01M48AGCET15Z951PCQ4YNDYRJ/.v/runtime
FM_STATE_OVERRIDE=/home/node/.no-mistakes/worktrees/450411b3e67c/01M48AGCET15Z951PCQ4YNDYRJ/.v/spawn-home/state
FM_DATA_OVERRIDE=/home/node/.no-mistakes/worktrees/450411b3e67c/01M48AGCET15Z951PCQ4YNDYRJ/.v/spawn-home/data
FM_PROJECTS_OVERRIDE=/home/node/.no-mistakes/worktrees/450411b3e67c/01M48AGCET15Z951PCQ4YNDYRJ/.v/spawn-home/projects
FM_CONFIG_OVERRIDE=/home/node/.no-mistakes/worktrees/450411b3e67c/01M48AGCET15Z951PCQ4YNDYRJ/.v/spawn-home/config
FM_HOME=/home/node/.no-mistakes/worktrees/450411b3e67c/01M48AGCET15Z951PCQ4YNDYRJ/.v/spawn-home
HERDR command: pane get w1:p4 --session fm-lab-e2
FM_ROOT_OVERRIDE=/home/node/.no-mistakes/worktrees/450411b3e67c/01M48AGCET15Z951PCQ4YNDYRJ/.v/runtime
FM_STATE_OVERRIDE=/home/node/.no-mistakes/worktrees/450411b3e67c/01M48AGCET15Z951PCQ4YNDYRJ/.v/spawn-home/state
FM_DATA_OVERRIDE=/home/node/.no-mistakes/worktrees/450411b3e67c/01M48AGCET15Z951PCQ4YNDYRJ/.v/spawn-home/data
FM_PROJECTS_OVERRIDE=/home/node/.no-mistakes/worktrees/450411b3e67c/01M48AGCET15Z951PCQ4YNDYRJ/.v/spawn-home/projects
FM_CONFIG_OVERRIDE=/home/node/.no-mistakes/worktrees/450411b3e67c/01M48AGCET15Z951PCQ4YNDYRJ/.v/spawn-home/config
FM_HOME=/home/node/.no-mistakes/worktrees/450411b3e67c/01M48AGCET15Z951PCQ4YNDYRJ/.v/spawn-home
HERDR command: pane get w1:p3 --session fm-lab-e2
FM_ROOT_OVERRIDE=/home/node/.no-mistakes/worktrees/450411b3e67c/01M48AGCET15Z951PCQ4YNDYRJ/.v/runtime
FM_STATE_OVERRIDE=/home/node/.no-mistakes/worktrees/450411b3e67c/01M48AGCET15Z951PCQ4YNDYRJ/.v/spawn-home/state
FM_DATA_OVERRIDE=/home/node/.no-mistakes/worktrees/450411b3e67c/01M48AGCET15Z951PCQ4YNDYRJ/.v/spawn-home/data
FM_PROJECTS_OVERRIDE=/home/node/.no-mistakes/worktrees/450411b3e67c/01M48AGCET15Z951PCQ4YNDYRJ/.v/spawn-home/projects
FM_CONFIG_OVERRIDE=/home/node/.no-mistakes/worktrees/450411b3e67c/01M48AGCET15Z951PCQ4YNDYRJ/.v/spawn-home/config
FM_HOME=/home/node/.no-mistakes/worktrees/450411b3e67c/01M48AGCET15Z951PCQ4YNDYRJ/.v/spawn-home
HERDR command: status --json --session fm-lab-e2
FM_HOME=/home/node/.no-mistakes/worktrees/450411b3e67c/01M48AGCET15Z951PCQ4YNDYRJ/.v/spawn-home
HERDR command: status --json --session fm-lab-e2
FM_HOME=/home/node/.no-mistakes/worktrees/450411b3e67c/01M48AGCET15Z951PCQ4YNDYRJ/.v/spawn-home
HERDR command: status --json --session fm-lab-e2
FM_HOME=/home/node/.no-mistakes/worktrees/450411b3e67c/01M48AGCET15Z951PCQ4YNDYRJ/.v/spawn-home
HERDR command: pane read w1:p3 --source recent --lines 200 --session fm-lab-e2
FM_HOME=/home/node/.no-mistakes/worktrees/450411b3e67c/01M48AGCET15Z951PCQ4YNDYRJ/.v/spawn-home
HERDR command: pane read w1:p4 --source recent --lines 200 --session fm-lab-e2
FM_HOME=/home/node/.no-mistakes/worktrees/450411b3e67c/01M48AGCET15Z951PCQ4YNDYRJ/.v/spawn-home
HERDR command: status --json --session fm-lab-e2
FM_HOME=/home/node/.no-mistakes/worktrees/450411b3e67c/01M48AGCET15Z951PCQ4YNDYRJ/.v/spawn-home
HERDR command: status --json --session fm-lab-e2
FM_HOME=/home/node/.no-mistakes/worktrees/450411b3e67c/01M48AGCET15Z951PCQ4YNDYRJ/.v/spawn-home
HERDR command: pane read w1:p3 --source recent --lines 200 --session fm-lab-e2
FM_HOME=/home/node/.no-mistakes/worktrees/450411b3e67c/01M48AGCET15Z951PCQ4YNDYRJ/.v/spawn-home
HERDR command: pane read w1:p4 --source recent --lines 200 --session fm-lab-e2
FM_HOME=/home/node/.no-mistakes/worktrees/450411b3e67c/01M48AGCET15Z951PCQ4YNDYRJ/.v/spawn-home
HERDR command: status --json --session fm-lab-e2
FM_HOME=/home/node/.no-mistakes/worktrees/450411b3e67c/01M48AGCET15Z951PCQ4YNDYRJ/.v/spawn-home
HERDR command: status --json --session fm-lab-e2
FM_HOME=/home/node/.no-mistakes/worktrees/450411b3e67c/01M48AGCET15Z951PCQ4YNDYRJ/.v/spawn-home
HERDR command: agent get w1:p3 --session fm-lab-e2
FM_HOME=/home/node/.no-mistakes/worktrees/450411b3e67c/01M48AGCET15Z951PCQ4YNDYRJ/.v/spawn-home
HERDR command: pane read w1:p2 --source recent --lines 200 --session fm-lab-e2
FM_HOME=/home/node/.no-mistakes/worktrees/450411b3e67c/01M48AGCET15Z951PCQ4YNDYRJ/.v/spawn-home
HERDR command: agent get w1:p4 --session fm-lab-e2
FM_HOME=/home/node/.no-mistakes/worktrees/450411b3e67c/01M48AGCET15Z951PCQ4YNDYRJ/.v/spawn-home
HERDR command: status --json --session fm-lab-e2
FM_HOME=/home/node/.no-mistakes/worktrees/450411b3e67c/01M48AGCET15Z951PCQ4YNDYRJ/.v/spawn-home
HERDR command: pane read w1:p2 --source recent --lines 200 --session fm-lab-e2
FM_HOME=/home/node/.no-mistakes/worktrees/450411b3e67c/01M48AGCET15Z951PCQ4YNDYRJ/.v/spawn-home
HERDR command: status --json --session fm-lab-e2
FM_HOME=/home/node/.no-mistakes/worktrees/450411b3e67c/01M48AGCET15Z951PCQ4YNDYRJ/.v/spawn-home
HERDR command: agent get w1:p2 --session fm-lab-e2
FM_HOME=/home/node/.no-mistakes/worktrees/450411b3e67c/01M48AGCET15Z951PCQ4YNDYRJ/.v/spawn-home
HERDR command: agent get w1:p2 --session fm-lab-e2
FM_HOME=/home/node/.no-mistakes/worktrees/450411b3e67c/01M48AGCET15Z951PCQ4YNDYRJ/.v/spawn-home
HERDR command: status --json --session fm-lab-e2
FM_HOME=/home/node/.no-mistakes/worktrees/450411b3e67c/01M48AGCET15Z951PCQ4YNDYRJ/.v/spawn-home
HERDR command: pane run w1:p2 export\ GOTMPDIR=\'/home/node/.no-mistakes/worktrees/450411b3e67c/01M48AGCET15Z951PCQ4YNDYRJ/.v/spawn-home/state/ship-absent.tasktmp/gotmp\' --session fm-lab-e2
FM_HOME=/home/node/.no-mistakes/worktrees/450411b3e67c/01M48AGCET15Z951PCQ4YNDYRJ/.v/spawn-home
HERDR command: status --json --session fm-lab-e2
FM_HOME=/home/node/.no-mistakes/worktrees/450411b3e67c/01M48AGCET15Z951PCQ4YNDYRJ/.v/spawn-home
HERDR command: pane run w1:p2 export\ COMPACT_ADVISER_DISABLE=1 --session fm-lab-e2
FM_HOME=/home/node/.no-mistakes/worktrees/450411b3e67c/01M48AGCET15Z951PCQ4YNDYRJ/.v/spawn-home
HERDR command: status --json --session fm-lab-e2
FM_HOME=/home/node/.no-mistakes/worktrees/450411b3e67c/01M48AGCET15Z951PCQ4YNDYRJ/.v/spawn-home
HERDR command: pane run w1:p2 export\ FM_TASK_ID=ship-absent --session fm-lab-e2
FM_HOME=/home/node/.no-mistakes/worktrees/450411b3e67c/01M48AGCET15Z951PCQ4YNDYRJ/.v/spawn-home
HERDR command: status --json --session fm-lab-e2
FM_HOME=/home/node/.no-mistakes/worktrees/450411b3e67c/01M48AGCET15Z951PCQ4YNDYRJ/.v/spawn-home
HERDR command: pane send-text w1:p2 .\ \'/tmp/fm-ship-absent+225fc10db929241398488ecab5bc7b61357da0454bee5e18db2b2720920a857b/launch.s1791283227.1064843.6898.sh\' --session fm-lab-e2
FM_HOME=/home/node/.no-mistakes/worktrees/450411b3e67c/01M48AGCET15Z951PCQ4YNDYRJ/.v/spawn-home
HERDR command: status --json --session fm-lab-e2
FM_HOME=/home/node/.no-mistakes/worktrees/450411b3e67c/01M48AGCET15Z951PCQ4YNDYRJ/.v/spawn-home
HERDR command: pane send-keys w1:p2 enter --session fm-lab-e2
FM_HOME=/home/node/.no-mistakes/worktrees/450411b3e67c/01M48AGCET15Z951PCQ4YNDYRJ/.v/spawn-home
HERDR command: status --json --session fm-lab-e2
FM_ROOT_OVERRIDE=/home/node/.no-mistakes/worktrees/450411b3e67c/01M48AGCET15Z951PCQ4YNDYRJ/.v/runtime
FM_STATE_OVERRIDE=/home/node/.no-mistakes/worktrees/450411b3e67c/01M48AGCET15Z951PCQ4YNDYRJ/.v/spawn-home/state
FM_DATA_OVERRIDE=/home/node/.no-mistakes/worktrees/450411b3e67c/01M48AGCET15Z951PCQ4YNDYRJ/.v/spawn-home/data
FM_PROJECTS_OVERRIDE=/home/node/.no-mistakes/worktrees/450411b3e67c/01M48AGCET15Z951PCQ4YNDYRJ/.v/spawn-home/projects
FM_CONFIG_OVERRIDE=/home/node/.no-mistakes/worktrees/450411b3e67c/01M48AGCET15Z951PCQ4YNDYRJ/.v/spawn-home/config
FM_HOME=/home/node/.no-mistakes/worktrees/450411b3e67c/01M48AGCET15Z951PCQ4YNDYRJ/.v/spawn-home
HERDR command: pane read w1:p2 --source recent --lines 200 --session fm-lab-e2
FM_ROOT_OVERRIDE=/home/node/.no-mistakes/worktrees/450411b3e67c/01M48AGCET15Z951PCQ4YNDYRJ/.v/runtime
FM_STATE_OVERRIDE=/home/node/.no-mistakes/worktrees/450411b3e67c/01M48AGCET15Z951PCQ4YNDYRJ/.v/spawn-home/state
FM_DATA_OVERRIDE=/home/node/.no-mistakes/worktrees/450411b3e67c/01M48AGCET15Z951PCQ4YNDYRJ/.v/spawn-home/data
FM_PROJECTS_OVERRIDE=/home/node/.no-mistakes/worktrees/450411b3e67c/01M48AGCET15Z951PCQ4YNDYRJ/.v/spawn-home/projects
FM_CONFIG_OVERRIDE=/home/node/.no-mistakes/worktrees/450411b3e67c/01M48AGCET15Z951PCQ4YNDYRJ/.v/spawn-home/config
FM_HOME=/home/node/.no-mistakes/worktrees/450411b3e67c/01M48AGCET15Z951PCQ4YNDYRJ/.v/spawn-home
HERDR command: status --json --session fm-lab-e2
FM_ROOT_OVERRIDE=/home/node/.no-mistakes/worktrees/450411b3e67c/01M48AGCET15Z951PCQ4YNDYRJ/.v/runtime
FM_STATE_OVERRIDE=/home/node/.no-mistakes/worktrees/450411b3e67c/01M48AGCET15Z951PCQ4YNDYRJ/.v/spawn-home/state
FM_DATA_OVERRIDE=/home/node/.no-mistakes/worktrees/450411b3e67c/01M48AGCET15Z951PCQ4YNDYRJ/.v/spawn-home/data
FM_PROJECTS_OVERRIDE=/home/node/.no-mistakes/worktrees/450411b3e67c/01M48AGCET15Z951PCQ4YNDYRJ/.v/spawn-home/projects
FM_CONFIG_OVERRIDE=/home/node/.no-mistakes/worktrees/450411b3e67c/01M48AGCET15Z951PCQ4YNDYRJ/.v/spawn-home/config
FM_HOME=/home/node/.no-mistakes/worktrees/450411b3e67c/01M48AGCET15Z951PCQ4YNDYRJ/.v/spawn-home
HERDR command: pane read w1:p2 --source recent --lines 200 --session fm-lab-e2
FM_ROOT_OVERRIDE=/home/node/.no-mistakes/worktrees/450411b3e67c/01M48AGCET15Z951PCQ4YNDYRJ/.v/runtime
FM_STATE_OVERRIDE=/home/node/.no-mistakes/worktrees/450411b3e67c/01M48AGCET15Z951PCQ4YNDYRJ/.v/spawn-home/state
FM_DATA_OVERRIDE=/home/node/.no-mistakes/worktrees/450411b3e67c/01M48AGCET15Z951PCQ4YNDYRJ/.v/spawn-home/data
FM_PROJECTS_OVERRIDE=/home/node/.no-mistakes/worktrees/450411b3e67c/01M48AGCET15Z951PCQ4YNDYRJ/.v/spawn-home/projects
FM_CONFIG_OVERRIDE=/home/node/.no-mistakes/worktrees/450411b3e67c/01M48AGCET15Z951PCQ4YNDYRJ/.v/spawn-home/config
FM_HOME=/home/node/.no-mistakes/worktrees/450411b3e67c/01M48AGCET15Z951PCQ4YNDYRJ/.v/spawn-home
HERDR command: status --json --session fm-lab-e2
FM_ROOT_OVERRIDE=/home/node/.no-mistakes/worktrees/450411b3e67c/01M48AGCET15Z951PCQ4YNDYRJ/.v/runtime
FM_STATE_OVERRIDE=/home/node/.no-mistakes/worktrees/450411b3e67c/01M48AGCET15Z951PCQ4YNDYRJ/.v/spawn-home/state
FM_DATA_OVERRIDE=/home/node/.no-mistakes/worktrees/450411b3e67c/01M48AGCET15Z951PCQ4YNDYRJ/.v/spawn-home/data
FM_PROJECTS_OVERRIDE=/home/node/.no-mistakes/worktrees/450411b3e67c/01M48AGCET15Z951PCQ4YNDYRJ/.v/spawn-home/projects
FM_CONFIG_OVERRIDE=/home/node/.no-mistakes/worktrees/450411b3e67c/01M48AGCET15Z951PCQ4YNDYRJ/.v/spawn-home/config
FM_HOME=/home/node/.no-mistakes/worktrees/450411b3e67c/01M48AGCET15Z951PCQ4YNDYRJ/.v/spawn-home
HERDR command: agent get w1:p2 --session fm-lab-e2
FM_ROOT_OVERRIDE=/home/node/.no-mistakes/worktrees/450411b3e67c/01M48AGCET15Z951PCQ4YNDYRJ/.v/runtime
FM_STATE_OVERRIDE=/home/node/.no-mistakes/worktrees/450411b3e67c/01M48AGCET15Z951PCQ4YNDYRJ/.v/spawn-home/state
FM_DATA_OVERRIDE=/home/node/.no-mistakes/worktrees/450411b3e67c/01M48AGCET15Z951PCQ4YNDYRJ/.v/spawn-home/data
FM_PROJECTS_OVERRIDE=/home/node/.no-mistakes/worktrees/450411b3e67c/01M48AGCET15Z951PCQ4YNDYRJ/.v/spawn-home/projects
FM_CONFIG_OVERRIDE=/home/node/.no-mistakes/worktrees/450411b3e67c/01M48AGCET15Z951PCQ4YNDYRJ/.v/spawn-home/config
FM_HOME=/home/node/.no-mistakes/worktrees/450411b3e67c/01M48AGCET15Z951PCQ4YNDYRJ/.v/spawn-home
HERDR command: status --json --session fm-lab-e2
FM_HOME=/home/node/.no-mistakes/worktrees/450411b3e67c/01M48AGCET15Z951PCQ4YNDYRJ/.v/spawn-home
HERDR command: pane read w1:p2 --source recent --lines 200 --session fm-lab-e2
FM_HOME=/home/node/.no-mistakes/worktrees/450411b3e67c/01M48AGCET15Z951PCQ4YNDYRJ/.v/spawn-home
HERDR command: status --json --session fm-lab-e2
FM_HOME=/home/node/.no-mistakes/worktrees/450411b3e67c/01M48AGCET15Z951PCQ4YNDYRJ/.v/spawn-home
HERDR command: pane read w1:p2 --source recent --lines 200 --session fm-lab-e2
FM_HOME=/home/node/.no-mistakes/worktrees/450411b3e67c/01M48AGCET15Z951PCQ4YNDYRJ/.v/spawn-home
HERDR command: status --json --session fm-lab-e2
FM_HOME=/home/node/.no-mistakes/worktrees/450411b3e67c/01M48AGCET15Z951PCQ4YNDYRJ/.v/spawn-home
HERDR command: agent get w1:p2 --session fm-lab-e2
FM_HOME=/home/node/.no-mistakes/worktrees/450411b3e67c/01M48AGCET15Z951PCQ4YNDYRJ/.v/spawn-home
HERDR command: pane send-text w1:p2 export\ FM_ROOT_OVERRIDE=/home/node/.no-mistakes/worktrees/450411b3e67c/01M48AGCET15Z951PCQ4YNDYRJ/.v/runtime\ FM_STATE_OVERRIDE=/home/node/.no-mistakes/worktrees/450411b3e67c/01M48AGCET15Z951PCQ4YNDYRJ/.v/spawn-home/state\ FM_DATA_OVERRIDE=/home/node/.no-mistakes/worktrees/450411b3e67c/01M48AGCET15Z951PCQ4YNDYRJ/.v/spawn-home/data\ FM_PROJECTS_OVERRIDE=/home/node/.no-mistakes/worktrees/450411b3e67c/01M48AGCET15Z951PCQ4YNDYRJ/.v/spawn-home/projects\ FM_CONFIG_OVERRIDE=/home/node/.no-mistakes/worktrees/450411b3e67c/01M48AGCET15Z951PCQ4YNDYRJ/.v/spawn-home/config\ FM_SNAPSHOT_SCOPED_ENV=0 --session fm-lab-e2
FM_HOME=/home/node/.no-mistakes/worktrees/450411b3e67c/01M48AGCET15Z951PCQ4YNDYRJ/.v/spawn-home
HERDR command: pane send-keys w1:p2 enter --session fm-lab-e2
FM_HOME=/home/node/.no-mistakes/worktrees/450411b3e67c/01M48AGCET15Z951PCQ4YNDYRJ/.v/spawn-home
HERDR command: pane get w1:p2 --session fm-lab-e2
FM_HOME=/home/node/.no-mistakes/worktrees/450411b3e67c/01M48AGCET15Z951PCQ4YNDYRJ/.v/spawn-home
HERDR command: agent get w1:p2 --session fm-lab-e2
FM_HOME=/home/node/.no-mistakes/worktrees/450411b3e67c/01M48AGCET15Z951PCQ4YNDYRJ/.v/spawn-home
HERDR command: status --json --session fm-lab-e2
FM_HOME=/home/node/.no-mistakes/worktrees/450411b3e67c/01M48AGCET15Z951PCQ4YNDYRJ/.v/spawn-home
HERDR command: pane get w1:p2 --session fm-lab-e2
FM_HOME=/home/node/.no-mistakes/worktrees/450411b3e67c/01M48AGCET15Z951PCQ4YNDYRJ/.v/spawn-home
HERDR command: status --json --session fm-lab-e2
FM_HOME=/home/node/.no-mistakes/worktrees/450411b3e67c/01M48AGCET15Z951PCQ4YNDYRJ/.v/spawn-home
HERDR command: pane run w1:p2 cd\ --\ \'/home/node/.no-mistakes/worktrees/450411b3e67c/01M48AGCET15Z951PCQ4YNDYRJ/.v/home/.treehouse/spawn-project-acaec3/1/spawn-project\' --session fm-lab-e2
FM_HOME=/home/node/.no-mistakes/worktrees/450411b3e67c/01M48AGCET15Z951PCQ4YNDYRJ/.v/spawn-home
HERDR command: status --json --session fm-lab-e2
FM_HOME=/home/node/.no-mistakes/worktrees/450411b3e67c/01M48AGCET15Z951PCQ4YNDYRJ/.v/spawn-home
HERDR command: pane get w1:p2 --session fm-lab-e2
FM_HOME=/home/node/.no-mistakes/worktrees/450411b3e67c/01M48AGCET15Z951PCQ4YNDYRJ/.v/spawn-home
HERDR command: pane get w1:p3 --session fm-lab-e2
FM_ROOT_OVERRIDE=/home/node/.no-mistakes/worktrees/450411b3e67c/01M48AGCET15Z951PCQ4YNDYRJ/.v/runtime
FM_STATE_OVERRIDE=/home/node/.no-mistakes/worktrees/450411b3e67c/01M48AGCET15Z951PCQ4YNDYRJ/.v/spawn-home/state
FM_DATA_OVERRIDE=/home/node/.no-mistakes/worktrees/450411b3e67c/01M48AGCET15Z951PCQ4YNDYRJ/.v/spawn-home/data
FM_PROJECTS_OVERRIDE=/home/node/.no-mistakes/worktrees/450411b3e67c/01M48AGCET15Z951PCQ4YNDYRJ/.v/spawn-home/projects
FM_CONFIG_OVERRIDE=/home/node/.no-mistakes/worktrees/450411b3e67c/01M48AGCET15Z951PCQ4YNDYRJ/.v/spawn-home/config
FM_HOME=/home/node/.no-mistakes/worktrees/450411b3e67c/01M48AGCET15Z951PCQ4YNDYRJ/.v/spawn-home
HERDR command: pane get w1:p4 --session fm-lab-e2
FM_ROOT_OVERRIDE=/home/node/.no-mistakes/worktrees/450411b3e67c/01M48AGCET15Z951PCQ4YNDYRJ/.v/runtime
FM_STATE_OVERRIDE=/home/node/.no-mistakes/worktrees/450411b3e67c/01M48AGCET15Z951PCQ4YNDYRJ/.v/spawn-home/state
FM_DATA_OVERRIDE=/home/node/.no-mistakes/worktrees/450411b3e67c/01M48AGCET15Z951PCQ4YNDYRJ/.v/spawn-home/data
FM_PROJECTS_OVERRIDE=/home/node/.no-mistakes/worktrees/450411b3e67c/01M48AGCET15Z951PCQ4YNDYRJ/.v/spawn-home/projects
FM_CONFIG_OVERRIDE=/home/node/.no-mistakes/worktrees/450411b3e67c/01M48AGCET15Z951PCQ4YNDYRJ/.v/spawn-home/config
FM_HOME=/home/node/.no-mistakes/worktrees/450411b3e67c/01M48AGCET15Z951PCQ4YNDYRJ/.v/spawn-home
HERDR command: pane get w1:p2 --session fm-lab-e2
FM_ROOT_OVERRIDE=/home/node/.no-mistakes/worktrees/450411b3e67c/01M48AGCET15Z951PCQ4YNDYRJ/.v/runtime
FM_STATE_OVERRIDE=/home/node/.no-mistakes/worktrees/450411b3e67c/01M48AGCET15Z951PCQ4YNDYRJ/.v/spawn-home/state
FM_DATA_OVERRIDE=/home/node/.no-mistakes/worktrees/450411b3e67c/01M48AGCET15Z951PCQ4YNDYRJ/.v/spawn-home/data
FM_PROJECTS_OVERRIDE=/home/node/.no-mistakes/worktrees/450411b3e67c/01M48AGCET15Z951PCQ4YNDYRJ/.v/spawn-home/projects
FM_CONFIG_OVERRIDE=/home/node/.no-mistakes/worktrees/450411b3e67c/01M48AGCET15Z951PCQ4YNDYRJ/.v/spawn-home/config
FM_HOME=/home/node/.no-mistakes/worktrees/450411b3e67c/01M48AGCET15Z951PCQ4YNDYRJ/.v/spawn-home
HERDR command: status --json --session fm-lab-e2
FM_HOME=/home/node/.no-mistakes/worktrees/450411b3e67c/01M48AGCET15Z951PCQ4YNDYRJ/.v/spawn-home
HERDR command: status --json --session fm-lab-e2
FM_HOME=/home/node/.no-mistakes/worktrees/450411b3e67c/01M48AGCET15Z951PCQ4YNDYRJ/.v/spawn-home
HERDR command: status --json --session fm-lab-e2
FM_HOME=/home/node/.no-mistakes/worktrees/450411b3e67c/01M48AGCET15Z951PCQ4YNDYRJ/.v/spawn-home
HERDR command: pane read w1:p2 --source recent --lines 200 --session fm-lab-e2
FM_HOME=/home/node/.no-mistakes/worktrees/450411b3e67c/01M48AGCET15Z951PCQ4YNDYRJ/.v/spawn-home
HERDR command: pane read w1:p3 --source recent --lines 200 --session fm-lab-e2
FM_HOME=/home/node/.no-mistakes/worktrees/450411b3e67c/01M48AGCET15Z951PCQ4YNDYRJ/.v/spawn-home
HERDR command: pane read w1:p4 --source recent --lines 200 --session fm-lab-e2
FM_HOME=/home/node/.no-mistakes/worktrees/450411b3e67c/01M48AGCET15Z951PCQ4YNDYRJ/.v/spawn-home
HERDR command: status --json --session fm-lab-e2
FM_HOME=/home/node/.no-mistakes/worktrees/450411b3e67c/01M48AGCET15Z951PCQ4YNDYRJ/.v/spawn-home
HERDR command: status --json --session fm-lab-e2
FM_HOME=/home/node/.no-mistakes/worktrees/450411b3e67c/01M48AGCET15Z951PCQ4YNDYRJ/.v/spawn-home
HERDR command: status --json --session fm-lab-e2
FM_HOME=/home/node/.no-mistakes/worktrees/450411b3e67c/01M48AGCET15Z951PCQ4YNDYRJ/.v/spawn-home
HERDR command: pane read w1:p2 --source recent --lines 200 --session fm-lab-e2
FM_HOME=/home/node/.no-mistakes/worktrees/450411b3e67c/01M48AGCET15Z951PCQ4YNDYRJ/.v/spawn-home
HERDR command: pane read w1:p3 --source recent --lines 200 --session fm-lab-e2
FM_HOME=/home/node/.no-mistakes/worktrees/450411b3e67c/01M48AGCET15Z951PCQ4YNDYRJ/.v/spawn-home
HERDR command: pane read w1:p4 --source recent --lines 200 --session fm-lab-e2
FM_HOME=/home/node/.no-mistakes/worktrees/450411b3e67c/01M48AGCET15Z951PCQ4YNDYRJ/.v/spawn-home
HERDR command: status --json --session fm-lab-e2
FM_HOME=/home/node/.no-mistakes/worktrees/450411b3e67c/01M48AGCET15Z951PCQ4YNDYRJ/.v/spawn-home
HERDR command: status --json --session fm-lab-e2
FM_HOME=/home/node/.no-mistakes/worktrees/450411b3e67c/01M48AGCET15Z951PCQ4YNDYRJ/.v/spawn-home
HERDR command: agent get w1:p3 --session fm-lab-e2
FM_HOME=/home/node/.no-mistakes/worktrees/450411b3e67c/01M48AGCET15Z951PCQ4YNDYRJ/.v/spawn-home
HERDR command: agent get w1:p4 --session fm-lab-e2
FM_HOME=/home/node/.no-mistakes/worktrees/450411b3e67c/01M48AGCET15Z951PCQ4YNDYRJ/.v/spawn-home
HERDR command: status --json --session fm-lab-e2
FM_HOME=/home/node/.no-mistakes/worktrees/450411b3e67c/01M48AGCET15Z951PCQ4YNDYRJ/.v/spawn-home
HERDR command: agent get w1:p2 --session fm-lab-e2
FM_HOME=/home/node/.no-mistakes/worktrees/450411b3e67c/01M48AGCET15Z951PCQ4YNDYRJ/.v/spawn-home
HERDR command: agent get w1:p2 --session fm-lab-e2
FM_HOME=/home/node/.no-mistakes/worktrees/450411b3e67c/01M48AGCET15Z951PCQ4YNDYRJ/.v/spawn-home
HERDR command: status --json --session fm-lab-e2
FM_HOME=/home/node/.no-mistakes/worktrees/450411b3e67c/01M48AGCET15Z951PCQ4YNDYRJ/.v/spawn-home
HERDR command: pane run w1:p2 export\ GOTMPDIR=\'/home/node/.no-mistakes/worktrees/450411b3e67c/01M48AGCET15Z951PCQ4YNDYRJ/.v/spawn-home/state/ship-absent.tasktmp/gotmp\' --session fm-lab-e2
FM_HOME=/home/node/.no-mistakes/worktrees/450411b3e67c/01M48AGCET15Z951PCQ4YNDYRJ/.v/spawn-home
HERDR command: status --json --session fm-lab-e2
FM_HOME=/home/node/.no-mistakes/worktrees/450411b3e67c/01M48AGCET15Z951PCQ4YNDYRJ/.v/spawn-home
HERDR command: pane run w1:p2 export\ COMPACT_ADVISER_DISABLE=1 --session fm-lab-e2
FM_HOME=/home/node/.no-mistakes/worktrees/450411b3e67c/01M48AGCET15Z951PCQ4YNDYRJ/.v/spawn-home
HERDR command: status --json --session fm-lab-e2
FM_HOME=/home/node/.no-mistakes/worktrees/450411b3e67c/01M48AGCET15Z951PCQ4YNDYRJ/.v/spawn-home
HERDR command: pane run w1:p2 export\ FM_TASK_ID=ship-absent --session fm-lab-e2
FM_HOME=/home/node/.no-mistakes/worktrees/450411b3e67c/01M48AGCET15Z951PCQ4YNDYRJ/.v/spawn-home
HERDR command: status --json --session fm-lab-e2
FM_HOME=/home/node/.no-mistakes/worktrees/450411b3e67c/01M48AGCET15Z951PCQ4YNDYRJ/.v/spawn-home
HERDR command: pane send-text w1:p2 .\ \'/tmp/fm-ship-absent+225fc10db929241398488ecab5bc7b61357da0454bee5e18db2b2720920a857b/launch.s1791283231.1067240.29773.sh\' --session fm-lab-e2
FM_HOME=/home/node/.no-mistakes/worktrees/450411b3e67c/01M48AGCET15Z951PCQ4YNDYRJ/.v/spawn-home
HERDR command: status --json --session fm-lab-e2
FM_HOME=/home/node/.no-mistakes/worktrees/450411b3e67c/01M48AGCET15Z951PCQ4YNDYRJ/.v/spawn-home
HERDR command: pane send-keys w1:p2 enter --session fm-lab-e2
FM_HOME=/home/node/.no-mistakes/worktrees/450411b3e67c/01M48AGCET15Z951PCQ4YNDYRJ/.v/spawn-home
HERDR command: status --json --session fm-lab-e2
FM_HOME=/home/node/.no-mistakes/worktrees/450411b3e67c/01M48AGCET15Z951PCQ4YNDYRJ/.v/secondmate
HERDR command: status --json --session fm-lab-e2
FM_HOME=/home/node/.no-mistakes/worktrees/450411b3e67c/01M48AGCET15Z951PCQ4YNDYRJ/.v/secondmate
HERDR command: workspace list --session fm-lab-e2
FM_HOME=/home/node/.no-mistakes/worktrees/450411b3e67c/01M48AGCET15Z951PCQ4YNDYRJ/.v/secondmate
HERDR command: workspace create --cwd /home/node/.no-mistakes/worktrees/450411b3e67c/01M48AGCET15Z951PCQ4YNDYRJ/.v/secondmate --label 2ndmate-secondmate --no-focus --session fm-lab-e2
FM_HOME=/home/node/.no-mistakes/worktrees/450411b3e67c/01M48AGCET15Z951PCQ4YNDYRJ/.v/secondmate
HERDR command: tab list --workspace w2 --session fm-lab-e2
FM_HOME=/home/node/.no-mistakes/worktrees/450411b3e67c/01M48AGCET15Z951PCQ4YNDYRJ/.v/secondmate
HERDR command: tab create --workspace w2 --cwd /home/node/.no-mistakes/worktrees/450411b3e67c/01M48AGCET15Z951PCQ4YNDYRJ/.v/secondmate --label fm-secondmate --no-focus --session fm-lab-e2
FM_HOME=/home/node/.no-mistakes/worktrees/450411b3e67c/01M48AGCET15Z951PCQ4YNDYRJ/.v/secondmate
HERDR command: tab list --workspace w2 --session fm-lab-e2
FM_HOME=/home/node/.no-mistakes/worktrees/450411b3e67c/01M48AGCET15Z951PCQ4YNDYRJ/.v/secondmate
HERDR command: pane list --workspace w2 --session fm-lab-e2
FM_HOME=/home/node/.no-mistakes/worktrees/450411b3e67c/01M48AGCET15Z951PCQ4YNDYRJ/.v/secondmate
HERDR command: agent get w2:p1 --session fm-lab-e2
FM_HOME=/home/node/.no-mistakes/worktrees/450411b3e67c/01M48AGCET15Z951PCQ4YNDYRJ/.v/secondmate
HERDR command: pane close w2:p1 --session fm-lab-e2
FM_HOME=/home/node/.no-mistakes/worktrees/450411b3e67c/01M48AGCET15Z951PCQ4YNDYRJ/.v/secondmate
HERDR command: pane get w2:p2 --session fm-lab-e2
FM_ROOT_OVERRIDE=/home/node/.no-mistakes/worktrees/450411b3e67c/01M48AGCET15Z951PCQ4YNDYRJ/.v/runtime
FM_STATE_OVERRIDE=/home/node/.no-mistakes/worktrees/450411b3e67c/01M48AGCET15Z951PCQ4YNDYRJ/.v/spawn-home/state
FM_DATA_OVERRIDE=/home/node/.no-mistakes/worktrees/450411b3e67c/01M48AGCET15Z951PCQ4YNDYRJ/.v/spawn-home/data
FM_PROJECTS_OVERRIDE=/home/node/.no-mistakes/worktrees/450411b3e67c/01M48AGCET15Z951PCQ4YNDYRJ/.v/spawn-home/projects
FM_CONFIG_OVERRIDE=/home/node/.no-mistakes/worktrees/450411b3e67c/01M48AGCET15Z951PCQ4YNDYRJ/.v/spawn-home/config
FM_HOME=/home/node/.no-mistakes/worktrees/450411b3e67c/01M48AGCET15Z951PCQ4YNDYRJ/.v/spawn-home
HERDR command: pane get w1:p2 --session fm-lab-e2
FM_ROOT_OVERRIDE=/home/node/.no-mistakes/worktrees/450411b3e67c/01M48AGCET15Z951PCQ4YNDYRJ/.v/runtime
FM_STATE_OVERRIDE=/home/node/.no-mistakes/worktrees/450411b3e67c/01M48AGCET15Z951PCQ4YNDYRJ/.v/spawn-home/state
FM_DATA_OVERRIDE=/home/node/.no-mistakes/worktrees/450411b3e67c/01M48AGCET15Z951PCQ4YNDYRJ/.v/spawn-home/data
FM_PROJECTS_OVERRIDE=/home/node/.no-mistakes/worktrees/450411b3e67c/01M48AGCET15Z951PCQ4YNDYRJ/.v/spawn-home/projects
FM_CONFIG_OVERRIDE=/home/node/.no-mistakes/worktrees/450411b3e67c/01M48AGCET15Z951PCQ4YNDYRJ/.v/spawn-home/config
FM_HOME=/home/node/.no-mistakes/worktrees/450411b3e67c/01M48AGCET15Z951PCQ4YNDYRJ/.v/spawn-home
HERDR command: pane get w1:p4 --session fm-lab-e2
FM_ROOT_OVERRIDE=/home/node/.no-mistakes/worktrees/450411b3e67c/01M48AGCET15Z951PCQ4YNDYRJ/.v/runtime
FM_STATE_OVERRIDE=/home/node/.no-mistakes/worktrees/450411b3e67c/01M48AGCET15Z951PCQ4YNDYRJ/.v/spawn-home/state
FM_DATA_OVERRIDE=/home/node/.no-mistakes/worktrees/450411b3e67c/01M48AGCET15Z951PCQ4YNDYRJ/.v/spawn-home/data
FM_PROJECTS_OVERRIDE=/home/node/.no-mistakes/worktrees/450411b3e67c/01M48AGCET15Z951PCQ4YNDYRJ/.v/spawn-home/projects
FM_CONFIG_OVERRIDE=/home/node/.no-mistakes/worktrees/450411b3e67c/01M48AGCET15Z951PCQ4YNDYRJ/.v/spawn-home/config
FM_HOME=/home/node/.no-mistakes/worktrees/450411b3e67c/01M48AGCET15Z951PCQ4YNDYRJ/.v/spawn-home
HERDR command: pane get w1:p3 --session fm-lab-e2
FM_ROOT_OVERRIDE=/home/node/.no-mistakes/worktrees/450411b3e67c/01M48AGCET15Z951PCQ4YNDYRJ/.v/runtime
FM_STATE_OVERRIDE=/home/node/.no-mistakes/worktrees/450411b3e67c/01M48AGCET15Z951PCQ4YNDYRJ/.v/spawn-home/state
FM_DATA_OVERRIDE=/home/node/.no-mistakes/worktrees/450411b3e67c/01M48AGCET15Z951PCQ4YNDYRJ/.v/spawn-home/data
FM_PROJECTS_OVERRIDE=/home/node/.no-mistakes/worktrees/450411b3e67c/01M48AGCET15Z951PCQ4YNDYRJ/.v/spawn-home/projects
FM_CONFIG_OVERRIDE=/home/node/.no-mistakes/worktrees/450411b3e67c/01M48AGCET15Z951PCQ4YNDYRJ/.v/spawn-home/config
FM_HOME=/home/node/.no-mistakes/worktrees/450411b3e67c/01M48AGCET15Z951PCQ4YNDYRJ/.v/spawn-home
HERDR command: pane get w2:p2 --session fm-lab-e2
FM_ROOT_OVERRIDE=/home/node/.no-mistakes/worktrees/450411b3e67c/01M48AGCET15Z951PCQ4YNDYRJ/.v/runtime
FM_STATE_OVERRIDE=/home/node/.no-mistakes/worktrees/450411b3e67c/01M48AGCET15Z951PCQ4YNDYRJ/.v/spawn-home/state
FM_DATA_OVERRIDE=/home/node/.no-mistakes/worktrees/450411b3e67c/01M48AGCET15Z951PCQ4YNDYRJ/.v/spawn-home/data
FM_PROJECTS_OVERRIDE=/home/node/.no-mistakes/worktrees/450411b3e67c/01M48AGCET15Z951PCQ4YNDYRJ/.v/spawn-home/projects
FM_CONFIG_OVERRIDE=/home/node/.no-mistakes/worktrees/450411b3e67c/01M48AGCET15Z951PCQ4YNDYRJ/.v/spawn-home/config
FM_HOME=/home/node/.no-mistakes/worktrees/450411b3e67c/01M48AGCET15Z951PCQ4YNDYRJ/.v/spawn-home
HERDR command: agent get w2:p2 --session fm-lab-e2
FM_ROOT_OVERRIDE=/home/node/.no-mistakes/worktrees/450411b3e67c/01M48AGCET15Z951PCQ4YNDYRJ/.v/runtime
FM_STATE_OVERRIDE=/home/node/.no-mistakes/worktrees/450411b3e67c/01M48AGCET15Z951PCQ4YNDYRJ/.v/spawn-home/state
FM_DATA_OVERRIDE=/home/node/.no-mistakes/worktrees/450411b3e67c/01M48AGCET15Z951PCQ4YNDYRJ/.v/spawn-home/data
FM_PROJECTS_OVERRIDE=/home/node/.no-mistakes/worktrees/450411b3e67c/01M48AGCET15Z951PCQ4YNDYRJ/.v/spawn-home/projects
FM_CONFIG_OVERRIDE=/home/node/.no-mistakes/worktrees/450411b3e67c/01M48AGCET15Z951PCQ4YNDYRJ/.v/spawn-home/config
FM_HOME=/home/node/.no-mistakes/worktrees/450411b3e67c/01M48AGCET15Z951PCQ4YNDYRJ/.v/spawn-home
HERDR command: status --json --session fm-lab-e2
FM_HOME=/home/node/.no-mistakes/worktrees/450411b3e67c/01M48AGCET15Z951PCQ4YNDYRJ/.v/spawn-home
HERDR command: status --json --session fm-lab-e2
FM_HOME=/home/node/.no-mistakes/worktrees/450411b3e67c/01M48AGCET15Z951PCQ4YNDYRJ/.v/spawn-home
HERDR command: status --json --session fm-lab-e2
HERDR command:FM_HOME=/home/node/.no-mistakes/worktrees/450411b3e67c/01M48AGCET15Z951PCQ4YNDYRJ/.v/spawn-home
 status --json --session fm-lab-e2
FM_HOME=/home/node/.no-mistakes/worktrees/450411b3e67c/01M48AGCET15Z951PCQ4YNDYRJ/.v/spawn-home
HERDR command: pane read w1:p3 --source recent --lines 200 --session fm-lab-e2
FM_HOME=/home/node/.no-mistakes/worktrees/450411b3e67c/01M48AGCET15Z951PCQ4YNDYRJ/.v/spawn-home
HERDR command: pane read w2:p2 --source recent --lines 200 --session fm-lab-e2
FM_HOME=/home/node/.no-mistakes/worktrees/450411b3e67c/01M48AGCET15Z951PCQ4YNDYRJ/.v/spawn-home
HERDR command: pane read w1:p2 --source recent --lines 200 --session fm-lab-e2
FM_HOME=/home/node/.no-mistakes/worktrees/450411b3e67c/01M48AGCET15Z951PCQ4YNDYRJ/.v/spawn-home
HERDR command: pane read w1:p4 --source recent --lines 200 --session fm-lab-e2
FM_HOME=/home/node/.no-mistakes/worktrees/450411b3e67c/01M48AGCET15Z951PCQ4YNDYRJ/.v/spawn-home
HERDR command: status --json --session fm-lab-e2
FM_HOME=/home/node/.no-mistakes/worktrees/450411b3e67c/01M48AGCET15Z951PCQ4YNDYRJ/.v/spawn-home
HERDR command: status --json --session fm-lab-e2
FM_HOME=/home/node/.no-mistakes/worktrees/450411b3e67c/01M48AGCET15Z951PCQ4YNDYRJ/.v/spawn-home
HERDR command: status --json --session fm-lab-e2
FM_HOME=/home/node/.no-mistakes/worktrees/450411b3e67c/01M48AGCET15Z951PCQ4YNDYRJ/.v/spawn-home
HERDR command: pane read w1:p3 --source recent --lines 200 --session fm-lab-e2
FM_HOME=/home/node/.no-mistakes/worktrees/450411b3e67c/01M48AGCET15Z951PCQ4YNDYRJ/.v/spawn-home
HERDR command: pane read w1:p2 --source recent --lines 200 --session fm-lab-e2
FM_HOME=/home/node/.no-mistakes/worktrees/450411b3e67c/01M48AGCET15Z951PCQ4YNDYRJ/.v/spawn-home
HERDR command: pane read w1:p4 --source recent --lines 200 --session fm-lab-e2
FM_HOME=/home/node/.no-mistakes/worktrees/450411b3e67c/01M48AGCET15Z951PCQ4YNDYRJ/.v/spawn-home
HERDR command: status --json --session fm-lab-e2
FM_HOME=/home/node/.no-mistakes/worktrees/450411b3e67c/01M48AGCET15Z951PCQ4YNDYRJ/.v/spawn-home
HERDR command: status --json --session fm-lab-e2
FM_HOME=/home/node/.no-mistakes/worktrees/450411b3e67c/01M48AGCET15Z951PCQ4YNDYRJ/.v/spawn-home
HERDR command: status --json --session fm-lab-e2
HERDR command: agent get w1:p3 --session fm-lab-e2
FM_HOME=/home/node/.no-mistakes/worktrees/450411b3e67c/01M48AGCET15Z951PCQ4YNDYRJ/.v/spawn-home
FM_HOME=/home/node/.no-mistakes/worktrees/450411b3e67c/01M48AGCET15Z951PCQ4YNDYRJ/.v/spawn-home
HERDR command: agent get w1:p4 --session fm-lab-e2
FM_HOME=/home/node/.no-mistakes/worktrees/450411b3e67c/01M48AGCET15Z951PCQ4YNDYRJ/.v/spawn-home
HERDR command: agent get w1:p2 --session fm-lab-e2
FM_HOME=/home/node/.no-mistakes/worktrees/450411b3e67c/01M48AGCET15Z951PCQ4YNDYRJ/.v/spawn-home
HERDR command: status --json --session fm-lab-e2
FM_HOME=/home/node/.no-mistakes/worktrees/450411b3e67c/01M48AGCET15Z951PCQ4YNDYRJ/.v/spawn-home
HERDR command: pane run w2:p2 export\ GOTMPDIR=\'/home/node/.no-mistakes/worktrees/450411b3e67c/01M48AGCET15Z951PCQ4YNDYRJ/.v/spawn-home/state/secondmate.tasktmp/gotmp\' --session fm-lab-e2
FM_HOME=/home/node/.no-mistakes/worktrees/450411b3e67c/01M48AGCET15Z951PCQ4YNDYRJ/.v/spawn-home
HERDR command: status --json --session fm-lab-e2
FM_HOME=/home/node/.no-mistakes/worktrees/450411b3e67c/01M48AGCET15Z951PCQ4YNDYRJ/.v/spawn-home
HERDR command: pane run w2:p2 export\ COMPACT_ADVISER_DISABLE=1 --session fm-lab-e2
FM_HOME=/home/node/.no-mistakes/worktrees/450411b3e67c/01M48AGCET15Z951PCQ4YNDYRJ/.v/spawn-home
HERDR command: status --json --session fm-lab-e2
FM_HOME=/home/node/.no-mistakes/worktrees/450411b3e67c/01M48AGCET15Z951PCQ4YNDYRJ/.v/spawn-home
HERDR command: pane send-text w2:p2 .\ \'/tmp/fm-secondmate+225fc10db929241398488ecab5bc7b61357da0454bee5e18db2b2720920a857b/launch.s1791283256.1080709.3444.sh\' --session fm-lab-e2
FM_HOME=/home/node/.no-mistakes/worktrees/450411b3e67c/01M48AGCET15Z951PCQ4YNDYRJ/.v/spawn-home
HERDR command: status --json --session fm-lab-e2
FM_HOME=/home/node/.no-mistakes/worktrees/450411b3e67c/01M48AGCET15Z951PCQ4YNDYRJ/.v/spawn-home
HERDR command: pane send-keys w2:p2 enter --session fm-lab-e2
FM_HOME=/home/node/.no-mistakes/worktrees/450411b3e67c/01M48AGCET15Z951PCQ4YNDYRJ/.v/spawn-home
HERDR command: status --json --session fm-lab-e2
FM_ROOT_OVERRIDE=
FM_STATE_OVERRIDE=
FM_DATA_OVERRIDE=
FM_PROJECTS_OVERRIDE=
FM_CONFIG_OVERRIDE=
FM_HOME=/home/node/.no-mistakes/worktrees/450411b3e67c/01M48AGCET15Z951PCQ4YNDYRJ/.v/secondmate
HERDR command: pane read w1:p2 --source recent --lines 200 --session fm-lab-e2
FM_ROOT_OVERRIDE=
FM_STATE_OVERRIDE=
FM_DATA_OVERRIDE=
FM_PROJECTS_OVERRIDE=
FM_CONFIG_OVERRIDE=
FM_HOME=/home/node/.no-mistakes/worktrees/450411b3e67c/01M48AGCET15Z951PCQ4YNDYRJ/.v/secondmate
HERDR command: status --json --session fm-lab-e2
FM_ROOT_OVERRIDE=
FM_STATE_OVERRIDE=
FM_DATA_OVERRIDE=
FM_PROJECTS_OVERRIDE=
FM_CONFIG_OVERRIDE=
FM_HOME=/home/node/.no-mistakes/worktrees/450411b3e67c/01M48AGCET15Z951PCQ4YNDYRJ/.v/secondmate
HERDR command: pane read w1:p2 --source recent --lines 200 --session fm-lab-e2
FM_ROOT_OVERRIDE=
FM_STATE_OVERRIDE=
FM_DATA_OVERRIDE=
FM_PROJECTS_OVERRIDE=
FM_CONFIG_OVERRIDE=
FM_HOME=/home/node/.no-mistakes/worktrees/450411b3e67c/01M48AGCET15Z951PCQ4YNDYRJ/.v/secondmate
HERDR command: status --json --session fm-lab-e2
FM_ROOT_OVERRIDE=
FM_STATE_OVERRIDE=
FM_DATA_OVERRIDE=
FM_PROJECTS_OVERRIDE=
FM_CONFIG_OVERRIDE=
FM_HOME=/home/node/.no-mistakes/worktrees/450411b3e67c/01M48AGCET15Z951PCQ4YNDYRJ/.v/secondmate
HERDR command: agent get w1:p2 --session fm-lab-e2
FM_ROOT_OVERRIDE=
FM_STATE_OVERRIDE=
FM_DATA_OVERRIDE=
FM_PROJECTS_OVERRIDE=
FM_CONFIG_OVERRIDE=
FM_HOME=/home/node/.no-mistakes/worktrees/450411b3e67c/01M48AGCET15Z951PCQ4YNDYRJ/.v/secondmate
HERDR command: status --json --session fm-lab-e2
FM_HOME=/home/node/.no-mistakes/worktrees/450411b3e67c/01M48AGCET15Z951PCQ4YNDYRJ/.v/secondmate
HERDR command: pane read w1:p2 --source recent --lines 200 --session fm-lab-e2
FM_HOME=/home/node/.no-mistakes/worktrees/450411b3e67c/01M48AGCET15Z951PCQ4YNDYRJ/.v/secondmate
HERDR command: status --json --session fm-lab-e2
FM_HOME=/home/node/.no-mistakes/worktrees/450411b3e67c/01M48AGCET15Z951PCQ4YNDYRJ/.v/secondmate
HERDR command: pane read w1:p2 --source recent --lines 200 --session fm-lab-e2
FM_HOME=/home/node/.no-mistakes/worktrees/450411b3e67c/01M48AGCET15Z951PCQ4YNDYRJ/.v/secondmate
HERDR command: status --json --session fm-lab-e2
FM_HOME=/home/node/.no-mistakes/worktrees/450411b3e67c/01M48AGCET15Z951PCQ4YNDYRJ/.v/secondmate
HERDR command: agent get w1:p2 --session fm-lab-e2
FM_HOME=/home/node/.no-mistakes/worktrees/450411b3e67c/01M48AGCET15Z951PCQ4YNDYRJ/.v/secondmate
HERDR command: pane send-text w2:p2 export\ FM_SNAPSHOT_SCOPED_ENV=1\ FM_CREW_STATE_META_OVERRIDE=relaunch-poison-FM_CREW_STATE_META_OVERRIDE\ FM_CREW_STATE_STATUS_OVERRIDE=relaunch-poison-FM_CREW_STATE_STATUS_OVERRIDE\ FM_HOME_SUMMARY_IF_IDLE=relaunch-poison-FM_HOME_SUMMARY_IF_IDLE\ FM_HOME_SUMMARY_WORKER_BEST_EFFORT=relaunch-poison-FM_HOME_SUMMARY_WORKER_BEST_EFFORT\ FM_HOME_SUMMARY_PARENT_ERROR=relaunch-poison-FM_HOME_SUMMARY_PARENT_ERROR\ FM_HOME_SUMMARY_PARENT_STAMP=relaunch-poison-FM_HOME_SUMMARY_PARENT_STAMP\ FM_ROOT_OVERRIDE=relaunch-poison-FM_ROOT_OVERRIDE\ FM_STATE_OVERRIDE=relaunch-poison-FM_STATE_OVERRIDE\ FM_DATA_OVERRIDE=relaunch-poison-FM_DATA_OVERRIDE\ FM_PROJECTS_OVERRIDE=relaunch-poison-FM_PROJECTS_OVERRIDE\ FM_CONFIG_OVERRIDE=relaunch-poison-FM_CONFIG_OVERRIDE --session fm-lab-e2
FM_HOME=/home/node/.no-mistakes/worktrees/450411b3e67c/01M48AGCET15Z951PCQ4YNDYRJ/.v/spawn-home
HERDR command: pane send-keys w2:p2 enter --session fm-lab-e2
FM_HOME=/home/node/.no-mistakes/worktrees/450411b3e67c/01M48AGCET15Z951PCQ4YNDYRJ/.v/spawn-home
HERDR command: pane get w2:p2 --session fm-lab-e2
FM_HOME=/home/node/.no-mistakes/worktrees/450411b3e67c/01M48AGCET15Z951PCQ4YNDYRJ/.v/spawn-home
HERDR command: agent get w2:p2 --session fm-lab-e2
FM_HOME=/home/node/.no-mistakes/worktrees/450411b3e67c/01M48AGCET15Z951PCQ4YNDYRJ/.v/spawn-home
HERDR command: status --json --session fm-lab-e2
FM_HOME=/home/node/.no-mistakes/worktrees/450411b3e67c/01M48AGCET15Z951PCQ4YNDYRJ/.v/spawn-home
HERDR command: pane get w2:p2 --session fm-lab-e2
FM_HOME=/home/node/.no-mistakes/worktrees/450411b3e67c/01M48AGCET15Z951PCQ4YNDYRJ/.v/spawn-home
HERDR command: pane get w1:p2 --session fm-lab-e2
FM_ROOT_OVERRIDE=/home/node/.no-mistakes/worktrees/450411b3e67c/01M48AGCET15Z951PCQ4YNDYRJ/.v/runtime
FM_STATE_OVERRIDE=/home/node/.no-mistakes/worktrees/450411b3e67c/01M48AGCET15Z951PCQ4YNDYRJ/.v/spawn-home/state
FM_DATA_OVERRIDE=/home/node/.no-mistakes/worktrees/450411b3e67c/01M48AGCET15Z951PCQ4YNDYRJ/.v/spawn-home/data
FM_PROJECTS_OVERRIDE=/home/node/.no-mistakes/worktrees/450411b3e67c/01M48AGCET15Z951PCQ4YNDYRJ/.v/spawn-home/projects
FM_CONFIG_OVERRIDE=/home/node/.no-mistakes/worktrees/450411b3e67c/01M48AGCET15Z951PCQ4YNDYRJ/.v/spawn-home/config
FM_HOME=/home/node/.no-mistakes/worktrees/450411b3e67c/01M48AGCET15Z951PCQ4YNDYRJ/.v/spawn-home
HERDR command: pane get w2:p2 --session fm-lab-e2
FM_ROOT_OVERRIDE=/home/node/.no-mistakes/worktrees/450411b3e67c/01M48AGCET15Z951PCQ4YNDYRJ/.v/runtime
FM_STATE_OVERRIDE=/home/node/.no-mistakes/worktrees/450411b3e67c/01M48AGCET15Z951PCQ4YNDYRJ/.v/spawn-home/state
FM_DATA_OVERRIDE=/home/node/.no-mistakes/worktrees/450411b3e67c/01M48AGCET15Z951PCQ4YNDYRJ/.v/spawn-home/data
FM_PROJECTS_OVERRIDE=/home/node/.no-mistakes/worktrees/450411b3e67c/01M48AGCET15Z951PCQ4YNDYRJ/.v/spawn-home/projects
FM_CONFIG_OVERRIDE=/home/node/.no-mistakes/worktrees/450411b3e67c/01M48AGCET15Z951PCQ4YNDYRJ/.v/spawn-home/config
FM_HOME=/home/node/.no-mistakes/worktrees/450411b3e67c/01M48AGCET15Z951PCQ4YNDYRJ/.v/spawn-home
HERDR command: pane get w1:p3 --session fm-lab-e2
FM_ROOT_OVERRIDE=/home/node/.no-mistakes/worktrees/450411b3e67c/01M48AGCET15Z951PCQ4YNDYRJ/.v/runtime
FM_STATE_OVERRIDE=/home/node/.no-mistakes/worktrees/450411b3e67c/01M48AGCET15Z951PCQ4YNDYRJ/.v/spawn-home/state
FM_DATA_OVERRIDE=/home/node/.no-mistakes/worktrees/450411b3e67c/01M48AGCET15Z951PCQ4YNDYRJ/.v/spawn-home/data
FM_PROJECTS_OVERRIDE=/home/node/.no-mistakes/worktrees/450411b3e67c/01M48AGCET15Z951PCQ4YNDYRJ/.v/spawn-home/projects
FM_CONFIG_OVERRIDE=/home/node/.no-mistakes/worktrees/450411b3e67c/01M48AGCET15Z951PCQ4YNDYRJ/.v/spawn-home/config
FM_HOME=/home/node/.no-mistakes/worktrees/450411b3e67c/01M48AGCET15Z951PCQ4YNDYRJ/.v/spawn-home
HERDR command: pane get w1:p4 --session fm-lab-e2
FM_ROOT_OVERRIDE=/home/node/.no-mistakes/worktrees/450411b3e67c/01M48AGCET15Z951PCQ4YNDYRJ/.v/runtime
FM_STATE_OVERRIDE=/home/node/.no-mistakes/worktrees/450411b3e67c/01M48AGCET15Z951PCQ4YNDYRJ/.v/spawn-home/state
FM_DATA_OVERRIDE=/home/node/.no-mistakes/worktrees/450411b3e67c/01M48AGCET15Z951PCQ4YNDYRJ/.v/spawn-home/data
FM_PROJECTS_OVERRIDE=/home/node/.no-mistakes/worktrees/450411b3e67c/01M48AGCET15Z951PCQ4YNDYRJ/.v/spawn-home/projects
FM_CONFIG_OVERRIDE=/home/node/.no-mistakes/worktrees/450411b3e67c/01M48AGCET15Z951PCQ4YNDYRJ/.v/spawn-home/config
FM_HOME=/home/node/.no-mistakes/worktrees/450411b3e67c/01M48AGCET15Z951PCQ4YNDYRJ/.v/spawn-home
HERDR command: pane get w2:p2 --session fm-lab-e2
FM_ROOT_OVERRIDE=/home/node/.no-mistakes/worktrees/450411b3e67c/01M48AGCET15Z951PCQ4YNDYRJ/.v/runtime
FM_STATE_OVERRIDE=/home/node/.no-mistakes/worktrees/450411b3e67c/01M48AGCET15Z951PCQ4YNDYRJ/.v/spawn-home/state
FM_DATA_OVERRIDE=/home/node/.no-mistakes/worktrees/450411b3e67c/01M48AGCET15Z951PCQ4YNDYRJ/.v/spawn-home/data
FM_PROJECTS_OVERRIDE=/home/node/.no-mistakes/worktrees/450411b3e67c/01M48AGCET15Z951PCQ4YNDYRJ/.v/spawn-home/projects
FM_CONFIG_OVERRIDE=/home/node/.no-mistakes/worktrees/450411b3e67c/01M48AGCET15Z951PCQ4YNDYRJ/.v/spawn-home/config
FM_HOME=/home/node/.no-mistakes/worktrees/450411b3e67c/01M48AGCET15Z951PCQ4YNDYRJ/.v/spawn-home
HERDR command: status --json --session fm-lab-e2
FM_HOME=/home/node/.no-mistakes/worktrees/450411b3e67c/01M48AGCET15Z951PCQ4YNDYRJ/.v/spawn-home
HERDR command: status --json --session fm-lab-e2
FM_HOME=/home/node/.no-mistakes/worktrees/450411b3e67c/01M48AGCET15Z951PCQ4YNDYRJ/.v/spawn-home
HERDR command: status --json --session fm-lab-e2
FM_HOME=/home/node/.no-mistakes/worktrees/450411b3e67c/01M48AGCET15Z951PCQ4YNDYRJ/.v/spawn-home
HERDR command: status --json --session fm-lab-e2
FM_HOME=/home/node/.no-mistakes/worktrees/450411b3e67c/01M48AGCET15Z951PCQ4YNDYRJ/.v/spawn-home
HERDR command: pane read w2:p2 --source recent --lines 200 --session fm-lab-e2
FM_HOME=/home/node/.no-mistakes/worktrees/450411b3e67c/01M48AGCET15Z951PCQ4YNDYRJ/.v/spawn-home
HERDR command: agent get w2:p2 --session fm-lab-e2
FM_ROOT_OVERRIDE=/home/node/.no-mistakes/worktrees/450411b3e67c/01M48AGCET15Z951PCQ4YNDYRJ/.v/runtime
FM_STATE_OVERRIDE=/home/node/.no-mistakes/worktrees/450411b3e67c/01M48AGCET15Z951PCQ4YNDYRJ/.v/spawn-home/state
FM_DATA_OVERRIDE=/home/node/.no-mistakes/worktrees/450411b3e67c/01M48AGCET15Z951PCQ4YNDYRJ/.v/spawn-home/data
FM_PROJECTS_OVERRIDE=/home/node/.no-mistakes/worktrees/450411b3e67c/01M48AGCET15Z951PCQ4YNDYRJ/.v/spawn-home/projects
FM_CONFIG_OVERRIDE=/home/node/.no-mistakes/worktrees/450411b3e67c/01M48AGCET15Z951PCQ4YNDYRJ/.v/spawn-home/config
FM_HOME=/home/node/.no-mistakes/worktrees/450411b3e67c/01M48AGCET15Z951PCQ4YNDYRJ/.v/spawn-home
HERDR command: pane read w1:p2 --source recent --lines 200 --session fm-lab-e2
FM_HOME=/home/node/.no-mistakes/worktrees/450411b3e67c/01M48AGCET15Z951PCQ4YNDYRJ/.v/spawn-home
HERDR command: pane read w1:p3 --source recent --lines 200 --session fm-lab-e2
FM_HOME=/home/node/.no-mistakes/worktrees/450411b3e67c/01M48AGCET15Z951PCQ4YNDYRJ/.v/spawn-home
HERDR command: pane read w1:p4 --source recent --lines 200 --session fm-lab-e2
FM_HOME=/home/node/.no-mistakes/worktrees/450411b3e67c/01M48AGCET15Z951PCQ4YNDYRJ/.v/spawn-home
HERDR command: status --json --session fm-lab-e2
FM_HOME=/home/node/.no-mistakes/worktrees/450411b3e67c/01M48AGCET15Z951PCQ4YNDYRJ/.v/spawn-home
HERDR command: pane read w1:p4 --source recent --lines 200 --session fm-lab-e2
FM_HOME=/home/node/.no-mistakes/worktrees/450411b3e67c/01M48AGCET15Z951PCQ4YNDYRJ/.v/spawn-home
HERDR command: status --json --session fm-lab-e2
FM_HOME=/home/node/.no-mistakes/worktrees/450411b3e67c/01M48AGCET15Z951PCQ4YNDYRJ/.v/spawn-home
HERDR command: agent get w1:p4 --session fm-lab-e2
FM_HOME=/home/node/.no-mistakes/worktrees/450411b3e67c/01M48AGCET15Z951PCQ4YNDYRJ/.v/spawn-home
HERDR command: status --json --session fm-lab-e2
FM_HOME=/home/node/.no-mistakes/worktrees/450411b3e67c/01M48AGCET15Z951PCQ4YNDYRJ/.v/spawn-home
HERDR command: status --json --session fm-lab-e2
FM_HOME=/home/node/.no-mistakes/worktrees/450411b3e67c/01M48AGCET15Z951PCQ4YNDYRJ/.v/spawn-home
HERDR command: pane read w1:p2 --source recent --lines 200 --session fm-lab-e2
FM_HOME=/home/node/.no-mistakes/worktrees/450411b3e67c/01M48AGCET15Z951PCQ4YNDYRJ/.v/spawn-home
HERDR command: pane read w1:p3 --source recent --lines 200 --session fm-lab-e2
FM_HOME=/home/node/.no-mistakes/worktrees/450411b3e67c/01M48AGCET15Z951PCQ4YNDYRJ/.v/spawn-home
HERDR command: status --json --session fm-lab-e2
FM_HOME=/home/node/.no-mistakes/worktrees/450411b3e67c/01M48AGCET15Z951PCQ4YNDYRJ/.v/spawn-home
HERDR command: status --json --session fm-lab-e2
FM_HOME=/home/node/.no-mistakes/worktrees/450411b3e67c/01M48AGCET15Z951PCQ4YNDYRJ/.v/spawn-home
HERDR command: agent get w1:p3 --session fm-lab-e2
FM_HOME=/home/node/.no-mistakes/worktrees/450411b3e67c/01M48AGCET15Z951PCQ4YNDYRJ/.v/spawn-home
HERDR command: agent get w1:p2 --session fm-lab-e2
FM_HOME=/home/node/.no-mistakes/worktrees/450411b3e67c/01M48AGCET15Z951PCQ4YNDYRJ/.v/spawn-home
HERDR command: agent get w2:p2 --session fm-lab-e2
FM_HOME=/home/node/.no-mistakes/worktrees/450411b3e67c/01M48AGCET15Z951PCQ4YNDYRJ/.v/spawn-home
HERDR command: status --json --session fm-lab-e2
FM_HOME=/home/node/.no-mistakes/worktrees/450411b3e67c/01M48AGCET15Z951PCQ4YNDYRJ/.v/spawn-home
HERDR command: pane run w2:p2 export\ GOTMPDIR=\'/home/node/.no-mistakes/worktrees/450411b3e67c/01M48AGCET15Z951PCQ4YNDYRJ/.v/spawn-home/state/secondmate.tasktmp/gotmp\' --session fm-lab-e2
FM_HOME=/home/node/.no-mistakes/worktrees/450411b3e67c/01M48AGCET15Z951PCQ4YNDYRJ/.v/spawn-home
HERDR command: status --json --session fm-lab-e2
FM_HOME=/home/node/.no-mistakes/worktrees/450411b3e67c/01M48AGCET15Z951PCQ4YNDYRJ/.v/spawn-home
HERDR command: pane run w2:p2 export\ COMPACT_ADVISER_DISABLE=1 --session fm-lab-e2
FM_HOME=/home/node/.no-mistakes/worktrees/450411b3e67c/01M48AGCET15Z951PCQ4YNDYRJ/.v/spawn-home
HERDR command: status --json --session fm-lab-e2
FM_HOME=/home/node/.no-mistakes/worktrees/450411b3e67c/01M48AGCET15Z951PCQ4YNDYRJ/.v/spawn-home
HERDR command: pane send-text w2:p2 .\ \'/tmp/fm-secondmate+225fc10db929241398488ecab5bc7b61357da0454bee5e18db2b2720920a857b/launch.s1791283259.1082568.26870.sh\' --session fm-lab-e2
FM_HOME=/home/node/.no-mistakes/worktrees/450411b3e67c/01M48AGCET15Z951PCQ4YNDYRJ/.v/spawn-home
HERDR command: status --json --session fm-lab-e2
FM_HOME=/home/node/.no-mistakes/worktrees/450411b3e67c/01M48AGCET15Z951PCQ4YNDYRJ/.v/spawn-home
HERDR command: pane send-keys w2:p2 enter --session fm-lab-e2
FM_HOME=/home/node/.no-mistakes/worktrees/450411b3e67c/01M48AGCET15Z951PCQ4YNDYRJ/.v/spawn-home
HERDR command: pane send-text w2:p2 export\ FM_SNAPSHOT_SCOPED_ENV=1\ FM_CREW_STATE_META_OVERRIDE=relaunch-poison-FM_CREW_STATE_META_OVERRIDE\ FM_CREW_STATE_STATUS_OVERRIDE=relaunch-poison-FM_CREW_STATE_STATUS_OVERRIDE\ FM_HOME_SUMMARY_IF_IDLE=relaunch-poison-FM_HOME_SUMMARY_IF_IDLE\ FM_HOME_SUMMARY_WORKER_BEST_EFFORT=relaunch-poison-FM_HOME_SUMMARY_WORKER_BEST_EFFORT\ FM_HOME_SUMMARY_PARENT_ERROR=relaunch-poison-FM_HOME_SUMMARY_PARENT_ERROR\ FM_HOME_SUMMARY_PARENT_STAMP=relaunch-poison-FM_HOME_SUMMARY_PARENT_STAMP\ FM_ROOT_OVERRIDE=relaunch-poison-FM_ROOT_OVERRIDE\ FM_STATE_OVERRIDE=relaunch-poison-FM_STATE_OVERRIDE\ FM_DATA_OVERRIDE=relaunch-poison-FM_DATA_OVERRIDE\ FM_PROJECTS_OVERRIDE=relaunch-poison-FM_PROJECTS_OVERRIDE\ FM_CONFIG_OVERRIDE=relaunch-poison-FM_CONFIG_OVERRIDE --session fm-lab-e2
FM_HOME=/home/node/.no-mistakes/worktrees/450411b3e67c/01M48AGCET15Z951PCQ4YNDYRJ/.v/spawn-home
HERDR command: pane send-keys w2:p2 enter --session fm-lab-e2
FM_HOME=/home/node/.no-mistakes/worktrees/450411b3e67c/01M48AGCET15Z951PCQ4YNDYRJ/.v/spawn-home
HERDR command: pane get w2:p2 --session fm-lab-e2
FM_HOME=/home/node/.no-mistakes/worktrees/450411b3e67c/01M48AGCET15Z951PCQ4YNDYRJ/.v/spawn-home
HERDR command: agent get w2:p2 --session fm-lab-e2
FM_HOME=/home/node/.no-mistakes/worktrees/450411b3e67c/01M48AGCET15Z951PCQ4YNDYRJ/.v/spawn-home
HERDR command: status --json --session fm-lab-e2
FM_HOME=/home/node/.no-mistakes/worktrees/450411b3e67c/01M48AGCET15Z951PCQ4YNDYRJ/.v/spawn-home
HERDR command: pane get w2:p2 --session fm-lab-e2
FM_HOME=/home/node/.no-mistakes/worktrees/450411b3e67c/01M48AGCET15Z951PCQ4YNDYRJ/.v/spawn-home
HERDR command: pane get w2:p2 --session fm-lab-e2
FM_ROOT_OVERRIDE=/home/node/.no-mistakes/worktrees/450411b3e67c/01M48AGCET15Z951PCQ4YNDYRJ/.v/runtime
FM_STATE_OVERRIDE=/home/node/.no-mistakes/worktrees/450411b3e67c/01M48AGCET15Z951PCQ4YNDYRJ/.v/spawn-home/state
FM_DATA_OVERRIDE=/home/node/.no-mistakes/worktrees/450411b3e67c/01M48AGCET15Z951PCQ4YNDYRJ/.v/spawn-home/data
FM_PROJECTS_OVERRIDE=/home/node/.no-mistakes/worktrees/450411b3e67c/01M48AGCET15Z951PCQ4YNDYRJ/.v/spawn-home/projects
FM_CONFIG_OVERRIDE=/home/node/.no-mistakes/worktrees/450411b3e67c/01M48AGCET15Z951PCQ4YNDYRJ/.v/spawn-home/config
FM_HOME=/home/node/.no-mistakes/worktrees/450411b3e67c/01M48AGCET15Z951PCQ4YNDYRJ/.v/spawn-home
HERDR command: pane get w1:p2 --session fm-lab-e2
FM_ROOT_OVERRIDE=/home/node/.no-mistakes/worktrees/450411b3e67c/01M48AGCET15Z951PCQ4YNDYRJ/.v/runtime
FM_STATE_OVERRIDE=/home/node/.no-mistakes/worktrees/450411b3e67c/01M48AGCET15Z951PCQ4YNDYRJ/.v/spawn-home/state
FM_DATA_OVERRIDE=/home/node/.no-mistakes/worktrees/450411b3e67c/01M48AGCET15Z951PCQ4YNDYRJ/.v/spawn-home/data
FM_PROJECTS_OVERRIDE=/home/node/.no-mistakes/worktrees/450411b3e67c/01M48AGCET15Z951PCQ4YNDYRJ/.v/spawn-home/projects
FM_CONFIG_OVERRIDE=/home/node/.no-mistakes/worktrees/450411b3e67c/01M48AGCET15Z951PCQ4YNDYRJ/.v/spawn-home/config
FM_HOME=/home/node/.no-mistakes/worktrees/450411b3e67c/01M48AGCET15Z951PCQ4YNDYRJ/.v/spawn-home
HERDR command: pane get w1:p3 --session fm-lab-e2
FM_ROOT_OVERRIDE=/home/node/.no-mistakes/worktrees/450411b3e67c/01M48AGCET15Z951PCQ4YNDYRJ/.v/runtime
FM_STATE_OVERRIDE=/home/node/.no-mistakes/worktrees/450411b3e67c/01M48AGCET15Z951PCQ4YNDYRJ/.v/spawn-home/state
FM_DATA_OVERRIDE=/home/node/.no-mistakes/worktrees/450411b3e67c/01M48AGCET15Z951PCQ4YNDYRJ/.v/spawn-home/data
FM_PROJECTS_OVERRIDE=/home/node/.no-mistakes/worktrees/450411b3e67c/01M48AGCET15Z951PCQ4YNDYRJ/.v/spawn-home/projects
FM_CONFIG_OVERRIDE=/home/node/.no-mistakes/worktrees/450411b3e67c/01M48AGCET15Z951PCQ4YNDYRJ/.v/spawn-home/config
FM_HOME=/home/node/.no-mistakes/worktrees/450411b3e67c/01M48AGCET15Z951PCQ4YNDYRJ/.v/spawn-home
HERDR command: pane get w1:p4 --session fm-lab-e2
FM_ROOT_OVERRIDE=/home/node/.no-mistakes/worktrees/450411b3e67c/01M48AGCET15Z951PCQ4YNDYRJ/.v/runtime
FM_STATE_OVERRIDE=/home/node/.no-mistakes/worktrees/450411b3e67c/01M48AGCET15Z951PCQ4YNDYRJ/.v/spawn-home/state
FM_DATA_OVERRIDE=/home/node/.no-mistakes/worktrees/450411b3e67c/01M48AGCET15Z951PCQ4YNDYRJ/.v/spawn-home/data
FM_PROJECTS_OVERRIDE=/home/node/.no-mistakes/worktrees/450411b3e67c/01M48AGCET15Z951PCQ4YNDYRJ/.v/spawn-home/projects
FM_CONFIG_OVERRIDE=/home/node/.no-mistakes/worktrees/450411b3e67c/01M48AGCET15Z951PCQ4YNDYRJ/.v/spawn-home/config
FM_HOME=/home/node/.no-mistakes/worktrees/450411b3e67c/01M48AGCET15Z951PCQ4YNDYRJ/.v/spawn-home
HERDR command: pane get w2:p2 --session fm-lab-e2
FM_ROOT_OVERRIDE=/home/node/.no-mistakes/worktrees/450411b3e67c/01M48AGCET15Z951PCQ4YNDYRJ/.v/runtime
FM_STATE_OVERRIDE=/home/node/.no-mistakes/worktrees/450411b3e67c/01M48AGCET15Z951PCQ4YNDYRJ/.v/spawn-home/state
FM_DATA_OVERRIDE=/home/node/.no-mistakes/worktrees/450411b3e67c/01M48AGCET15Z951PCQ4YNDYRJ/.v/spawn-home/data
FM_PROJECTS_OVERRIDE=/home/node/.no-mistakes/worktrees/450411b3e67c/01M48AGCET15Z951PCQ4YNDYRJ/.v/spawn-home/projects
FM_CONFIG_OVERRIDE=/home/node/.no-mistakes/worktrees/450411b3e67c/01M48AGCET15Z951PCQ4YNDYRJ/.v/spawn-home/config
FM_HOME=/home/node/.no-mistakes/worktrees/450411b3e67c/01M48AGCET15Z951PCQ4YNDYRJ/.v/spawn-home
HERDR command: agent get w2:p2 --session fm-lab-e2
FM_ROOT_OVERRIDE=/home/node/.no-mistakes/worktrees/450411b3e67c/01M48AGCET15Z951PCQ4YNDYRJ/.v/runtime
FM_STATE_OVERRIDE=/home/node/.no-mistakes/worktrees/450411b3e67c/01M48AGCET15Z951PCQ4YNDYRJ/.v/spawn-home/state
FM_DATA_OVERRIDE=/home/node/.no-mistakes/worktrees/450411b3e67c/01M48AGCET15Z951PCQ4YNDYRJ/.v/spawn-home/data
FM_PROJECTS_OVERRIDE=/home/node/.no-mistakes/worktrees/450411b3e67c/01M48AGCET15Z951PCQ4YNDYRJ/.v/spawn-home/projects
FM_CONFIG_OVERRIDE=/home/node/.no-mistakes/worktrees/450411b3e67c/01M48AGCET15Z951PCQ4YNDYRJ/.v/spawn-home/config
FM_HOME=/home/node/.no-mistakes/worktrees/450411b3e67c/01M48AGCET15Z951PCQ4YNDYRJ/.v/spawn-home
HERDR command: status --json --session fm-lab-e2
FM_HOME=/home/node/.no-mistakes/worktrees/450411b3e67c/01M48AGCET15Z951PCQ4YNDYRJ/.v/spawn-home
HERDR command: status --json --session fm-lab-e2
FM_HOME=/home/node/.no-mistakes/worktrees/450411b3e67c/01M48AGCET15Z951PCQ4YNDYRJ/.v/spawn-home
HERDR command: pane read w2:p2 --source recent --lines 200 --session fm-lab-e2
FM_HOME=/home/node/.no-mistakes/worktrees/450411b3e67c/01M48AGCET15Z951PCQ4YNDYRJ/.v/spawn-home
HERDR command: status --json --session fm-lab-e2
FM_HOME=/home/node/.no-mistakes/worktrees/450411b3e67c/01M48AGCET15Z951PCQ4YNDYRJ/.v/spawn-home
HERDR command: status --json --session fm-lab-e2
FM_HOME=/home/node/.no-mistakes/worktrees/450411b3e67c/01M48AGCET15Z951PCQ4YNDYRJ/.v/spawn-home
HERDR command: pane read w1:p4 --source recent --lines 200 --session fm-lab-e2
FM_HOME=/home/node/.no-mistakes/worktrees/450411b3e67c/01M48AGCET15Z951PCQ4YNDYRJ/.v/spawn-home
HERDR command: pane read w1:p2 --source recent --lines 200 --session fm-lab-e2
FM_HOME=/home/node/.no-mistakes/worktrees/450411b3e67c/01M48AGCET15Z951PCQ4YNDYRJ/.v/spawn-home
HERDR command: status --json --session fm-lab-e2
FM_HOME=/home/node/.no-mistakes/worktrees/450411b3e67c/01M48AGCET15Z951PCQ4YNDYRJ/.v/spawn-home
HERDR command: status --json --session fm-lab-e2
FM_HOME=/home/node/.no-mistakes/worktrees/450411b3e67c/01M48AGCET15Z951PCQ4YNDYRJ/.v/spawn-home
HERDR command: pane read w1:p4 --source recent --lines 200 --session fm-lab-e2
FM_HOME=/home/node/.no-mistakes/worktrees/450411b3e67c/01M48AGCET15Z951PCQ4YNDYRJ/.v/spawn-home
HERDR command: pane read w1:p2 --source recent --lines 200 --session fm-lab-e2
FM_HOME=/home/node/.no-mistakes/worktrees/450411b3e67c/01M48AGCET15Z951PCQ4YNDYRJ/.v/spawn-home
HERDR command: status --json --session fm-lab-e2
FM_HOME=/home/node/.no-mistakes/worktrees/450411b3e67c/01M48AGCET15Z951PCQ4YNDYRJ/.v/spawn-home
HERDR command: status --json --session fm-lab-e2
FM_HOME=/home/node/.no-mistakes/worktrees/450411b3e67c/01M48AGCET15Z951PCQ4YNDYRJ/.v/spawn-home
HERDR command: pane read w1:p3 --source recent --lines 200 --session fm-lab-e2
FM_HOME=/home/node/.no-mistakes/worktrees/450411b3e67c/01M48AGCET15Z951PCQ4YNDYRJ/.v/spawn-home
HERDR command: agent get w1:p4 --session fm-lab-e2
FM_HOME=/home/node/.no-mistakes/worktrees/450411b3e67c/01M48AGCET15Z951PCQ4YNDYRJ/.v/spawn-home
HERDR command: agent get w1:p2 --session fm-lab-e2
FM_HOME=/home/node/.no-mistakes/worktrees/450411b3e67c/01M48AGCET15Z951PCQ4YNDYRJ/.v/spawn-home
HERDR command: status --json --session fm-lab-e2
FM_HOME=/home/node/.no-mistakes/worktrees/450411b3e67c/01M48AGCET15Z951PCQ4YNDYRJ/.v/spawn-home
HERDR command: pane read w1:p3 --source recent --lines 200 --session fm-lab-e2
FM_HOME=/home/node/.no-mistakes/worktrees/450411b3e67c/01M48AGCET15Z951PCQ4YNDYRJ/.v/spawn-home
HERDR command: status --json --session fm-lab-e2
FM_HOME=/home/node/.no-mistakes/worktrees/450411b3e67c/01M48AGCET15Z951PCQ4YNDYRJ/.v/spawn-home
HERDR command: agent get w1:p3 --session fm-lab-e2
FM_HOME=/home/node/.no-mistakes/worktrees/450411b3e67c/01M48AGCET15Z951PCQ4YNDYRJ/.v/spawn-home
HERDR command: agent get w2:p2 --session fm-lab-e2
FM_HOME=/home/node/.no-mistakes/worktrees/450411b3e67c/01M48AGCET15Z951PCQ4YNDYRJ/.v/spawn-home
HERDR command: status --json --session fm-lab-e2
FM_HOME=/home/node/.no-mistakes/worktrees/450411b3e67c/01M48AGCET15Z951PCQ4YNDYRJ/.v/spawn-home
HERDR command: pane run w2:p2 export\ GOTMPDIR=\'/home/node/.no-mistakes/worktrees/450411b3e67c/01M48AGCET15Z951PCQ4YNDYRJ/.v/spawn-home/state/secondmate.tasktmp/gotmp\' --session fm-lab-e2
FM_HOME=/home/node/.no-mistakes/worktrees/450411b3e67c/01M48AGCET15Z951PCQ4YNDYRJ/.v/spawn-home
HERDR command: status --json --session fm-lab-e2
FM_HOME=/home/node/.no-mistakes/worktrees/450411b3e67c/01M48AGCET15Z951PCQ4YNDYRJ/.v/spawn-home
HERDR command: pane run w2:p2 export\ COMPACT_ADVISER_DISABLE=1 --session fm-lab-e2
FM_HOME=/home/node/.no-mistakes/worktrees/450411b3e67c/01M48AGCET15Z951PCQ4YNDYRJ/.v/spawn-home
HERDR command: status --json --session fm-lab-e2
FM_HOME=/home/node/.no-mistakes/worktrees/450411b3e67c/01M48AGCET15Z951PCQ4YNDYRJ/.v/spawn-home
HERDR command: pane send-text w2:p2 .\ \'/tmp/fm-secondmate+225fc10db929241398488ecab5bc7b61357da0454bee5e18db2b2720920a857b/launch.s1791283283.1091925.32487.sh\' --session fm-lab-e2
FM_HOME=/home/node/.no-mistakes/worktrees/450411b3e67c/01M48AGCET15Z951PCQ4YNDYRJ/.v/spawn-home
HERDR command: status --json --session fm-lab-e2
FM_HOME=/home/node/.no-mistakes/worktrees/450411b3e67c/01M48AGCET15Z951PCQ4YNDYRJ/.v/spawn-home
HERDR command: pane send-keys w2:p2 enter --session fm-lab-e2
FM_HOME=/home/node/.no-mistakes/worktrees/450411b3e67c/01M48AGCET15Z951PCQ4YNDYRJ/.v/spawn-home
HERDR command: session stop fm-lab-e2 --json --session fm-lab-e2
FM_HOME=/home/node/.no-mistakes/worktrees/450411b3e67c/01M48AGCET15Z951PCQ4YNDYRJ/.v/spawn-home
HERDR command: session delete fm-lab-e2 --json --session fm-lab-e2
FM_HOME=/home/node/.no-mistakes/worktrees/450411b3e67c/01M48AGCET15Z951PCQ4YNDYRJ/.v/spawn-home
HERDR command: server --session fm-lab-e2
HERDR command: status --json --session fm-lab-e2
HERDR command: session stop fm-lab-e2 --json --session fm-lab-e2
FM_HOME=/home/node/.no-mistakes/worktrees/450411b3e67c/01M48AGCET15Z951PCQ4YNDYRJ/.v/watch-current
HERDR command: session delete fm-lab-e2 --json --session fm-lab-e2
FM_HOME=/home/node/.no-mistakes/worktrees/450411b3e67c/01M48AGCET15Z951PCQ4YNDYRJ/.v/watch-current
HERDR command: status --json --session fm-lab-e2
FM_SNAPSHOT_SCOPED_ENV=1
FM_CREW_STATE_META_OVERRIDE=prior-poison-FM_CREW_STATE_META_OVERRIDE
FM_CREW_STATE_STATUS_OVERRIDE=prior-poison-FM_CREW_STATE_STATUS_OVERRIDE
FM_HOME_SUMMARY_IF_IDLE=prior-poison-FM_HOME_SUMMARY_IF_IDLE
FM_HOME_SUMMARY_WORKER_BEST_EFFORT=prior-poison-FM_HOME_SUMMARY_WORKER_BEST_EFFORT
FM_HOME_SUMMARY_PARENT_ERROR=prior-poison-FM_HOME_SUMMARY_PARENT_ERROR
FM_HOME_SUMMARY_PARENT_STAMP=prior-poison-FM_HOME_SUMMARY_PARENT_STAMP
FM_ROOT_OVERRIDE=prior-poison-FM_ROOT_OVERRIDE
FM_STATE_OVERRIDE=prior-poison-FM_STATE_OVERRIDE
FM_DATA_OVERRIDE=prior-poison-FM_DATA_OVERRIDE
FM_PROJECTS_OVERRIDE=prior-poison-FM_PROJECTS_OVERRIDE
FM_CONFIG_OVERRIDE=prior-poison-FM_CONFIG_OVERRIDE
FM_HOME=/home/node/.no-mistakes/worktrees/450411b3e67c/01M48AGCET15Z951PCQ4YNDYRJ/.v/prior-home
HERDR command: server --session fm-lab-e2
FM_SNAPSHOT_SCOPED_ENV=1
FM_CREW_STATE_META_OVERRIDE=prior-poison-FM_CREW_STATE_META_OVERRIDE
FM_CREW_STATE_STATUS_OVERRIDE=prior-poison-FM_CREW_STATE_STATUS_OVERRIDE
FM_HOME_SUMMARY_IF_IDLE=prior-poison-FM_HOME_SUMMARY_IF_IDLE
FM_HOME_SUMMARY_WORKER_BEST_EFFORT=prior-poison-FM_HOME_SUMMARY_WORKER_BEST_EFFORT
FM_HOME_SUMMARY_PARENT_ERROR=prior-poison-FM_HOME_SUMMARY_PARENT_ERROR
FM_HOME_SUMMARY_PARENT_STAMP=prior-poison-FM_HOME_SUMMARY_PARENT_STAMP
FM_ROOT_OVERRIDE=prior-poison-FM_ROOT_OVERRIDE
FM_STATE_OVERRIDE=prior-poison-FM_STATE_OVERRIDE
FM_DATA_OVERRIDE=prior-poison-FM_DATA_OVERRIDE
FM_PROJECTS_OVERRIDE=prior-poison-FM_PROJECTS_OVERRIDE
FM_CONFIG_OVERRIDE=prior-poison-FM_CONFIG_OVERRIDE
FM_HOME=/home/node/.no-mistakes/worktrees/450411b3e67c/01M48AGCET15Z951PCQ4YNDYRJ/.v/prior-home
HERDR command: status --json --session fm-lab-e2
FM_SNAPSHOT_SCOPED_ENV=1
FM_CREW_STATE_META_OVERRIDE=prior-poison-FM_CREW_STATE_META_OVERRIDE
FM_CREW_STATE_STATUS_OVERRIDE=prior-poison-FM_CREW_STATE_STATUS_OVERRIDE
FM_HOME_SUMMARY_IF_IDLE=prior-poison-FM_HOME_SUMMARY_IF_IDLE
FM_HOME_SUMMARY_WORKER_BEST_EFFORT=prior-poison-FM_HOME_SUMMARY_WORKER_BEST_EFFORT
FM_HOME_SUMMARY_PARENT_ERROR=prior-poison-FM_HOME_SUMMARY_PARENT_ERROR
FM_HOME_SUMMARY_PARENT_STAMP=prior-poison-FM_HOME_SUMMARY_PARENT_STAMP
FM_ROOT_OVERRIDE=prior-poison-FM_ROOT_OVERRIDE
FM_STATE_OVERRIDE=prior-poison-FM_STATE_OVERRIDE
FM_DATA_OVERRIDE=prior-poison-FM_DATA_OVERRIDE
FM_PROJECTS_OVERRIDE=prior-poison-FM_PROJECTS_OVERRIDE
FM_CONFIG_OVERRIDE=prior-poison-FM_CONFIG_OVERRIDE
FM_HOME=/home/node/.no-mistakes/worktrees/450411b3e67c/01M48AGCET15Z951PCQ4YNDYRJ/.v/prior-home
HERDR command: status --json --session fm-lab-e2
FM_HOME=/home/node/.no-mistakes/worktrees/450411b3e67c/01M48AGCET15Z951PCQ4YNDYRJ/.v/prior-home
HERDR command: status --json --session fm-lab-e2
FM_HOME=/home/node/.no-mistakes/worktrees/450411b3e67c/01M48AGCET15Z951PCQ4YNDYRJ/.v/prior-home
HERDR command: status --json --session fm-lab-e2
FM_HOME=/home/node/.no-mistakes/worktrees/450411b3e67c/01M48AGCET15Z951PCQ4YNDYRJ/.v/prior-home
HERDR command: status --json --session fm-lab-e2
FM_HOME=/home/node/.no-mistakes/worktrees/450411b3e67c/01M48AGCET15Z951PCQ4YNDYRJ/.v/prior-home
HERDR command: status --json --session fm-lab-e2
FM_HOME=/home/node/.no-mistakes/worktrees/450411b3e67c/01M48AGCET15Z951PCQ4YNDYRJ/.v/prior-home
HERDR command: workspace list --session fm-lab-e2
FM_HOME=/home/node/.no-mistakes/worktrees/450411b3e67c/01M48AGCET15Z951PCQ4YNDYRJ/.v/prior-home
HERDR command: workspace create --cwd /home/node/.no-mistakes/worktrees/450411b3e67c/01M48AGCET15Z951PCQ4YNDYRJ/.v/prior-project --label firstmate --no-focus --session fm-lab-e2
FM_HOME=/home/node/.no-mistakes/worktrees/450411b3e67c/01M48AGCET15Z951PCQ4YNDYRJ/.v/prior-home
HERDR command: tab list --workspace w1 --session fm-lab-e2
FM_HOME=/home/node/.no-mistakes/worktrees/450411b3e67c/01M48AGCET15Z951PCQ4YNDYRJ/.v/prior-home
HERDR command: tab create --workspace w1 --cwd /home/node/.no-mistakes/worktrees/450411b3e67c/01M48AGCET15Z951PCQ4YNDYRJ/.v/prior-project --label fm-prior-ship --no-focus --session fm-lab-e2
FM_HOME=/home/node/.no-mistakes/worktrees/450411b3e67c/01M48AGCET15Z951PCQ4YNDYRJ/.v/prior-home
HERDR command: tab list --workspace w1 --session fm-lab-e2
FM_HOME=/home/node/.no-mistakes/worktrees/450411b3e67c/01M48AGCET15Z951PCQ4YNDYRJ/.v/prior-home
HERDR command: pane list --workspace w1 --session fm-lab-e2
FM_HOME=/home/node/.no-mistakes/worktrees/450411b3e67c/01M48AGCET15Z951PCQ4YNDYRJ/.v/prior-home
HERDR command: agent get w1:p1 --session fm-lab-e2
FM_HOME=/home/node/.no-mistakes/worktrees/450411b3e67c/01M48AGCET15Z951PCQ4YNDYRJ/.v/prior-home
HERDR command: pane close w1:p1 --session fm-lab-e2
FM_HOME=/home/node/.no-mistakes/worktrees/450411b3e67c/01M48AGCET15Z951PCQ4YNDYRJ/.v/prior-home
HERDR command: status --json --session fm-lab-e2
FM_HOME=/home/node/.no-mistakes/worktrees/450411b3e67c/01M48AGCET15Z951PCQ4YNDYRJ/.v/prior-home
HERDR command: pane run w1:p2 treehouse\ get --session fm-lab-e2
FM_HOME=/home/node/.no-mistakes/worktrees/450411b3e67c/01M48AGCET15Z951PCQ4YNDYRJ/.v/prior-home
HERDR command: status --json --session fm-lab-e2
FM_HOME=/home/node/.no-mistakes/worktrees/450411b3e67c/01M48AGCET15Z951PCQ4YNDYRJ/.v/prior-home
HERDR command: pane get w1:p2 --session fm-lab-e2
FM_HOME=/home/node/.no-mistakes/worktrees/450411b3e67c/01M48AGCET15Z951PCQ4YNDYRJ/.v/prior-home
HERDR command: status --json --session fm-lab-e2
FM_HOME=/home/node/.no-mistakes/worktrees/450411b3e67c/01M48AGCET15Z951PCQ4YNDYRJ/.v/prior-home
HERDR command: pane get w1:p2 --session fm-lab-e2
FM_HOME=/home/node/.no-mistakes/worktrees/450411b3e67c/01M48AGCET15Z951PCQ4YNDYRJ/.v/prior-home
HERDR command: status --json --session fm-lab-e2
FM_HOME=/home/node/.no-mistakes/worktrees/450411b3e67c/01M48AGCET15Z951PCQ4YNDYRJ/.v/prior-home
HERDR command: pane get w1:p2 --session fm-lab-e2
FM_HOME=/home/node/.no-mistakes/worktrees/450411b3e67c/01M48AGCET15Z951PCQ4YNDYRJ/.v/prior-home
HERDR command: status --json --session fm-lab-e2
FM_HOME=/home/node/.no-mistakes/worktrees/450411b3e67c/01M48AGCET15Z951PCQ4YNDYRJ/.v/prior-home
HERDR command: pane run w1:p2 cd\ --\ \'/home/node/.no-mistakes/worktrees/450411b3e67c/01M48AGCET15Z951PCQ4YNDYRJ/.v/home/.treehouse/prior-project-9afc4f/1/prior-project\' --session fm-lab-e2
FM_HOME=/home/node/.no-mistakes/worktrees/450411b3e67c/01M48AGCET15Z951PCQ4YNDYRJ/.v/prior-home
HERDR command: status --json --session fm-lab-e2
FM_HOME=/home/node/.no-mistakes/worktrees/450411b3e67c/01M48AGCET15Z951PCQ4YNDYRJ/.v/prior-home
HERDR command: pane get w1:p2 --session fm-lab-e2
FM_HOME=/home/node/.no-mistakes/worktrees/450411b3e67c/01M48AGCET15Z951PCQ4YNDYRJ/.v/prior-home
HERDR command: pane get w1:p2 --session fm-lab-e2
FM_ROOT_OVERRIDE=/home/node/.no-mistakes/worktrees/450411b3e67c/01M48AGCET15Z951PCQ4YNDYRJ/.v/prior
FM_STATE_OVERRIDE=/home/node/.no-mistakes/worktrees/450411b3e67c/01M48AGCET15Z951PCQ4YNDYRJ/.v/prior-home/state
FM_DATA_OVERRIDE=/home/node/.no-mistakes/worktrees/450411b3e67c/01M48AGCET15Z951PCQ4YNDYRJ/.v/prior-home/data
FM_PROJECTS_OVERRIDE=/home/node/.no-mistakes/worktrees/450411b3e67c/01M48AGCET15Z951PCQ4YNDYRJ/.v/prior-home/projects
FM_CONFIG_OVERRIDE=/home/node/.no-mistakes/worktrees/450411b3e67c/01M48AGCET15Z951PCQ4YNDYRJ/.v/prior-home/config
FM_HOME=/home/node/.no-mistakes/worktrees/450411b3e67c/01M48AGCET15Z951PCQ4YNDYRJ/.v/prior-home
HERDR command: status --json --session fm-lab-e2
FM_HOME=/home/node/.no-mistakes/worktrees/450411b3e67c/01M48AGCET15Z951PCQ4YNDYRJ/.v/prior-home
HERDR command: pane read w1:p2 --source recent --lines 200 --session fm-lab-e2
FM_HOME=/home/node/.no-mistakes/worktrees/450411b3e67c/01M48AGCET15Z951PCQ4YNDYRJ/.v/prior-home
HERDR command: status --json --session fm-lab-e2
FM_HOME=/home/node/.no-mistakes/worktrees/450411b3e67c/01M48AGCET15Z951PCQ4YNDYRJ/.v/prior-home
HERDR command: pane read w1:p2 --source recent --lines 200 --session fm-lab-e2
FM_HOME=/home/node/.no-mistakes/worktrees/450411b3e67c/01M48AGCET15Z951PCQ4YNDYRJ/.v/prior-home
HERDR command: status --json --session fm-lab-e2
FM_HOME=/home/node/.no-mistakes/worktrees/450411b3e67c/01M48AGCET15Z951PCQ4YNDYRJ/.v/prior-home
HERDR command: agent get w1:p2 --session fm-lab-e2
FM_HOME=/home/node/.no-mistakes/worktrees/450411b3e67c/01M48AGCET15Z951PCQ4YNDYRJ/.v/prior-home
HERDR command: status --json --session fm-lab-e2
FM_HOME=/home/node/.no-mistakes/worktrees/450411b3e67c/01M48AGCET15Z951PCQ4YNDYRJ/.v/prior-home
HERDR command: pane run w1:p2 export\ GOTMPDIR=\'/home/node/.no-mistakes/worktrees/450411b3e67c/01M48AGCET15Z951PCQ4YNDYRJ/.v/prior-home/state/prior-ship.tasktmp/gotmp\' --session fm-lab-e2
FM_HOME=/home/node/.no-mistakes/worktrees/450411b3e67c/01M48AGCET15Z951PCQ4YNDYRJ/.v/prior-home
HERDR command: status --json --session fm-lab-e2
FM_HOME=/home/node/.no-mistakes/worktrees/450411b3e67c/01M48AGCET15Z951PCQ4YNDYRJ/.v/prior-home
HERDR command: pane run w1:p2 export\ COMPACT_ADVISER_DISABLE=1 --session fm-lab-e2
FM_HOME=/home/node/.no-mistakes/worktrees/450411b3e67c/01M48AGCET15Z951PCQ4YNDYRJ/.v/prior-home
HERDR command: status --json --session fm-lab-e2
FM_HOME=/home/node/.no-mistakes/worktrees/450411b3e67c/01M48AGCET15Z951PCQ4YNDYRJ/.v/prior-home
HERDR command: pane run w1:p2 export\ FM_TASK_ID=prior-ship --session fm-lab-e2
FM_HOME=/home/node/.no-mistakes/worktrees/450411b3e67c/01M48AGCET15Z951PCQ4YNDYRJ/.v/prior-home
HERDR command: status --json --session fm-lab-e2
FM_HOME=/home/node/.no-mistakes/worktrees/450411b3e67c/01M48AGCET15Z951PCQ4YNDYRJ/.v/prior-home
HERDR command: pane send-text w1:p2 .\ \'/tmp/fm-prior-ship+88671364bf5665f97aacdeff236645bfd8b87ca97507ecb51604897050446410/launch.s1791283485.1174151.15485.sh\' --session fm-lab-e2
FM_HOME=/home/node/.no-mistakes/worktrees/450411b3e67c/01M48AGCET15Z951PCQ4YNDYRJ/.v/prior-home
HERDR command: status --json --session fm-lab-e2
FM_HOME=/home/node/.no-mistakes/worktrees/450411b3e67c/01M48AGCET15Z951PCQ4YNDYRJ/.v/prior-home
HERDR command: pane send-keys w1:p2 enter --session fm-lab-e2
FM_HOME=/home/node/.no-mistakes/worktrees/450411b3e67c/01M48AGCET15Z951PCQ4YNDYRJ/.v/prior-home
HERDR command: session stop fm-lab-e2 --json --session fm-lab-e2
FM_HOME=/home/node/.no-mistakes/worktrees/450411b3e67c/01M48AGCET15Z951PCQ4YNDYRJ/.v/prior-home
HERDR command: session delete fm-lab-e2 --json --session fm-lab-e2
FM_HOME=/home/node/.no-mistakes/worktrees/450411b3e67c/01M48AGCET15Z951PCQ4YNDYRJ/.v/prior-home
HERDR command: server --session fm-lab-e2
FM_HOME=/home/node/.no-mistakes/worktrees/450411b3e67c/01M48AGCET15Z951PCQ4YNDYRJ/.v/stopped-home
HERDR command: status --json --session fm-lab-e2
FM_HOME=/home/node/.no-mistakes/worktrees/450411b3e67c/01M48AGCET15Z951PCQ4YNDYRJ/.v/stopped-home
HERDR command: status --json --session fm-lab-e2
FM_HOME=/home/node/.no-mistakes/worktrees/450411b3e67c/01M48AGCET15Z951PCQ4YNDYRJ/.v/stopped-home
HERDR command: workspace create --cwd /home/node/.no-mistakes/worktrees/450411b3e67c/01M48AGCET15Z951PCQ4YNDYRJ --label stopped-read --no-focus --session fm-lab-e2
FM_HOME=/home/node/.no-mistakes/worktrees/450411b3e67c/01M48AGCET15Z951PCQ4YNDYRJ/.v/stopped-home
HERDR command: session stop fm-lab-e2 --json --session fm-lab-e2
FM_HOME=/home/node/.no-mistakes/worktrees/450411b3e67c/01M48AGCET15Z951PCQ4YNDYRJ/.v/stopped-home
HERDR command: status --json --session fm-lab-e2
FM_HOME=/home/node/.no-mistakes/worktrees/450411b3e67c/01M48AGCET15Z951PCQ4YNDYRJ/.v/stopped-home
HERDR command: status --json --session fm-lab-e2
FM_HOME=/home/node/.no-mistakes/worktrees/450411b3e67c/01M48AGCET15Z951PCQ4YNDYRJ/.v/stopped-home
HERDR command: server --session fm-lab-e2
HERDR command: status --json --session fm-lab-e2
HERDR command: status --json --session fm-lab-e2
FM_HOME=/home/node/.no-mistakes/worktrees/450411b3e67c/01M48AGCET15Z951PCQ4YNDYRJ/.v/stopped-home
HERDR command: pane read w1:p1 --source recent --lines 200 --session fm-lab-e2
FM_HOME=/home/node/.no-mistakes/worktrees/450411b3e67c/01M48AGCET15Z951PCQ4YNDYRJ/.v/stopped-home
HERDR command: status --json --session fm-lab-e2
FM_HOME=/home/node/.no-mistakes/worktrees/450411b3e67c/01M48AGCET15Z951PCQ4YNDYRJ/.v/stopped-home
HERDR command: pane read w1:p1 --source recent --lines 200 --session fm-lab-e2
FM_HOME=/home/node/.no-mistakes/worktrees/450411b3e67c/01M48AGCET15Z951PCQ4YNDYRJ/.v/stopped-home
HERDR command: status --json --session fm-lab-e2
FM_HOME=/home/node/.no-mistakes/worktrees/450411b3e67c/01M48AGCET15Z951PCQ4YNDYRJ/.v/stopped-home
HERDR command: agent get w1:p1 --session fm-lab-e2
FM_HOME=/home/node/.no-mistakes/worktrees/450411b3e67c/01M48AGCET15Z951PCQ4YNDYRJ/.v/stopped-home
HERDR command: status --json --session fm-lab-e2
FM_HOME=/home/node/.no-mistakes/worktrees/450411b3e67c/01M48AGCET15Z951PCQ4YNDYRJ/.v/stopped-home
HERDR command: session stop fm-lab-e2 --json --session fm-lab-e2
FM_HOME=/home/node/.no-mistakes/worktrees/450411b3e67c/01M48AGCET15Z951PCQ4YNDYRJ/.v/stopped-home
HERDR command: session delete fm-lab-e2 --json --session fm-lab-e2
FM_HOME=/home/node/.no-mistakes/worktrees/450411b3e67c/01M48AGCET15Z951PCQ4YNDYRJ/.v/stopped-home
HERDR command: server --session fm-lab-e2
FM_HOME=/home/node/.no-mistakes/worktrees/450411b3e67c/01M48AGCET15Z951PCQ4YNDYRJ/.v/stopped-baseline
HERDR command: status --json --session fm-lab-e2
FM_HOME=/home/node/.no-mistakes/worktrees/450411b3e67c/01M48AGCET15Z951PCQ4YNDYRJ/.v/stopped-baseline
HERDR command: status --json --session fm-lab-e2
FM_HOME=/home/node/.no-mistakes/worktrees/450411b3e67c/01M48AGCET15Z951PCQ4YNDYRJ/.v/stopped-baseline
HERDR command: workspace create --cwd /home/node/.no-mistakes/worktrees/450411b3e67c/01M48AGCET15Z951PCQ4YNDYRJ --label stopped-read --no-focus --session fm-lab-e2
FM_HOME=/home/node/.no-mistakes/worktrees/450411b3e67c/01M48AGCET15Z951PCQ4YNDYRJ/.v/stopped-baseline
HERDR command: session stop fm-lab-e2 --json --session fm-lab-e2
FM_HOME=/home/node/.no-mistakes/worktrees/450411b3e67c/01M48AGCET15Z951PCQ4YNDYRJ/.v/stopped-baseline
HERDR command: status --json --session fm-lab-e2
FM_SNAPSHOT_SCOPED_ENV=1
FM_CREW_STATE_META_OVERRIDE=/home/node/.no-mistakes/worktrees/450411b3e67c/01M48AGCET15Z951PCQ4YNDYRJ/.v/stopped-captured-baseline/read.meta
FM_CREW_STATE_STATUS_OVERRIDE=/home/node/.no-mistakes/worktrees/450411b3e67c/01M48AGCET15Z951PCQ4YNDYRJ/.v/stopped-captured-baseline/read.status
FM_HOME_SUMMARY_IF_IDLE=stopped-FM_HOME_SUMMARY_IF_IDLE
FM_HOME_SUMMARY_WORKER_BEST_EFFORT=stopped-FM_HOME_SUMMARY_WORKER_BEST_EFFORT
FM_HOME_SUMMARY_PARENT_ERROR=stopped-FM_HOME_SUMMARY_PARENT_ERROR
FM_HOME_SUMMARY_PARENT_STAMP=stopped-FM_HOME_SUMMARY_PARENT_STAMP
FM_ROOT_OVERRIDE=/home/node/.no-mistakes/worktrees/450411b3e67c/01M48AGCET15Z951PCQ4YNDYRJ/.v/baseline
FM_STATE_OVERRIDE=/home/node/.no-mistakes/worktrees/450411b3e67c/01M48AGCET15Z951PCQ4YNDYRJ/.v/stopped-baseline/state
FM_DATA_OVERRIDE=/home/node/.no-mistakes/worktrees/450411b3e67c/01M48AGCET15Z951PCQ4YNDYRJ/.v/stopped-baseline/data
FM_PROJECTS_OVERRIDE=/home/node/.no-mistakes/worktrees/450411b3e67c/01M48AGCET15Z951PCQ4YNDYRJ/.v/stopped-baseline/projects
FM_CONFIG_OVERRIDE=/home/node/.no-mistakes/worktrees/450411b3e67c/01M48AGCET15Z951PCQ4YNDYRJ/.v/stopped-baseline/config
FM_HOME=/home/node/.no-mistakes/worktrees/450411b3e67c/01M48AGCET15Z951PCQ4YNDYRJ/.v/stopped-baseline
HERDR command: status --json --session fm-lab-e2
FM_SNAPSHOT_SCOPED_ENV=1
FM_CREW_STATE_META_OVERRIDE=/home/node/.no-mistakes/worktrees/450411b3e67c/01M48AGCET15Z951PCQ4YNDYRJ/.v/stopped-captured-baseline/read.meta
FM_CREW_STATE_STATUS_OVERRIDE=/home/node/.no-mistakes/worktrees/450411b3e67c/01M48AGCET15Z951PCQ4YNDYRJ/.v/stopped-captured-baseline/read.status
FM_HOME_SUMMARY_IF_IDLE=stopped-FM_HOME_SUMMARY_IF_IDLE
FM_HOME_SUMMARY_WORKER_BEST_EFFORT=stopped-FM_HOME_SUMMARY_WORKER_BEST_EFFORT
FM_HOME_SUMMARY_PARENT_ERROR=stopped-FM_HOME_SUMMARY_PARENT_ERROR
FM_HOME_SUMMARY_PARENT_STAMP=stopped-FM_HOME_SUMMARY_PARENT_STAMP
FM_ROOT_OVERRIDE=/home/node/.no-mistakes/worktrees/450411b3e67c/01M48AGCET15Z951PCQ4YNDYRJ/.v/baseline
FM_STATE_OVERRIDE=/home/node/.no-mistakes/worktrees/450411b3e67c/01M48AGCET15Z951PCQ4YNDYRJ/.v/stopped-baseline/state
FM_DATA_OVERRIDE=/home/node/.no-mistakes/worktrees/450411b3e67c/01M48AGCET15Z951PCQ4YNDYRJ/.v/stopped-baseline/data
FM_PROJECTS_OVERRIDE=/home/node/.no-mistakes/worktrees/450411b3e67c/01M48AGCET15Z951PCQ4YNDYRJ/.v/stopped-baseline/projects
FM_CONFIG_OVERRIDE=/home/node/.no-mistakes/worktrees/450411b3e67c/01M48AGCET15Z951PCQ4YNDYRJ/.v/stopped-baseline/config
FM_HOME=/home/node/.no-mistakes/worktrees/450411b3e67c/01M48AGCET15Z951PCQ4YNDYRJ/.v/stopped-baseline
HERDR command: server --session fm-lab-e2
FM_SNAPSHOT_SCOPED_ENV=1
FM_CREW_STATE_META_OVERRIDE=/home/node/.no-mistakes/worktrees/450411b3e67c/01M48AGCET15Z951PCQ4YNDYRJ/.v/stopped-captured-baseline/read.meta
FM_CREW_STATE_STATUS_OVERRIDE=/home/node/.no-mistakes/worktrees/450411b3e67c/01M48AGCET15Z951PCQ4YNDYRJ/.v/stopped-captured-baseline/read.status
FM_HOME_SUMMARY_IF_IDLE=stopped-FM_HOME_SUMMARY_IF_IDLE
FM_HOME_SUMMARY_WORKER_BEST_EFFORT=stopped-FM_HOME_SUMMARY_WORKER_BEST_EFFORT
FM_HOME_SUMMARY_PARENT_ERROR=stopped-FM_HOME_SUMMARY_PARENT_ERROR
FM_HOME_SUMMARY_PARENT_STAMP=stopped-FM_HOME_SUMMARY_PARENT_STAMP
HERDR command: status --json --session fm-lab-e2
FM_SNAPSHOT_SCOPED_ENV=1
FM_CREW_STATE_META_OVERRIDE=/home/node/.no-mistakes/worktrees/450411b3e67c/01M48AGCET15Z951PCQ4YNDYRJ/.v/stopped-captured-baseline/read.meta
FM_CREW_STATE_STATUS_OVERRIDE=/home/node/.no-mistakes/worktrees/450411b3e67c/01M48AGCET15Z951PCQ4YNDYRJ/.v/stopped-captured-baseline/read.status
FM_HOME_SUMMARY_IF_IDLE=stopped-FM_HOME_SUMMARY_IF_IDLE
FM_HOME_SUMMARY_WORKER_BEST_EFFORT=stopped-FM_HOME_SUMMARY_WORKER_BEST_EFFORT
FM_HOME_SUMMARY_PARENT_ERROR=stopped-FM_HOME_SUMMARY_PARENT_ERROR
FM_HOME_SUMMARY_PARENT_STAMP=stopped-FM_HOME_SUMMARY_PARENT_STAMP
HERDR command: status --json --session fm-lab-e2
FM_SNAPSHOT_SCOPED_ENV=1
FM_CREW_STATE_META_OVERRIDE=/home/node/.no-mistakes/worktrees/450411b3e67c/01M48AGCET15Z951PCQ4YNDYRJ/.v/stopped-captured-baseline/read.meta
FM_CREW_STATE_STATUS_OVERRIDE=/home/node/.no-mistakes/worktrees/450411b3e67c/01M48AGCET15Z951PCQ4YNDYRJ/.v/stopped-captured-baseline/read.status
FM_HOME_SUMMARY_IF_IDLE=stopped-FM_HOME_SUMMARY_IF_IDLE
FM_HOME_SUMMARY_WORKER_BEST_EFFORT=stopped-FM_HOME_SUMMARY_WORKER_BEST_EFFORT
FM_HOME_SUMMARY_PARENT_ERROR=stopped-FM_HOME_SUMMARY_PARENT_ERROR
FM_HOME_SUMMARY_PARENT_STAMP=stopped-FM_HOME_SUMMARY_PARENT_STAMP
FM_ROOT_OVERRIDE=/home/node/.no-mistakes/worktrees/450411b3e67c/01M48AGCET15Z951PCQ4YNDYRJ/.v/baseline
FM_STATE_OVERRIDE=/home/node/.no-mistakes/worktrees/450411b3e67c/01M48AGCET15Z951PCQ4YNDYRJ/.v/stopped-baseline/state
FM_DATA_OVERRIDE=/home/node/.no-mistakes/worktrees/450411b3e67c/01M48AGCET15Z951PCQ4YNDYRJ/.v/stopped-baseline/data
FM_PROJECTS_OVERRIDE=/home/node/.no-mistakes/worktrees/450411b3e67c/01M48AGCET15Z951PCQ4YNDYRJ/.v/stopped-baseline/projects
FM_CONFIG_OVERRIDE=/home/node/.no-mistakes/worktrees/450411b3e67c/01M48AGCET15Z951PCQ4YNDYRJ/.v/stopped-baseline/config
FM_HOME=/home/node/.no-mistakes/worktrees/450411b3e67c/01M48AGCET15Z951PCQ4YNDYRJ/.v/stopped-baseline
HERDR command: pane read w1:p1 --source recent --lines 200 --session fm-lab-e2
FM_SNAPSHOT_SCOPED_ENV=1
FM_CREW_STATE_META_OVERRIDE=/home/node/.no-mistakes/worktrees/450411b3e67c/01M48AGCET15Z951PCQ4YNDYRJ/.v/stopped-captured-baseline/read.meta
FM_CREW_STATE_STATUS_OVERRIDE=/home/node/.no-mistakes/worktrees/450411b3e67c/01M48AGCET15Z951PCQ4YNDYRJ/.v/stopped-captured-baseline/read.status
FM_HOME_SUMMARY_IF_IDLE=stopped-FM_HOME_SUMMARY_IF_IDLE
FM_HOME_SUMMARY_WORKER_BEST_EFFORT=stopped-FM_HOME_SUMMARY_WORKER_BEST_EFFORT
FM_HOME_SUMMARY_PARENT_ERROR=stopped-FM_HOME_SUMMARY_PARENT_ERROR
FM_HOME_SUMMARY_PARENT_STAMP=stopped-FM_HOME_SUMMARY_PARENT_STAMP
FM_ROOT_OVERRIDE=/home/node/.no-mistakes/worktrees/450411b3e67c/01M48AGCET15Z951PCQ4YNDYRJ/.v/baseline
FM_STATE_OVERRIDE=/home/node/.no-mistakes/worktrees/450411b3e67c/01M48AGCET15Z951PCQ4YNDYRJ/.v/stopped-baseline/state
FM_DATA_OVERRIDE=/home/node/.no-mistakes/worktrees/450411b3e67c/01M48AGCET15Z951PCQ4YNDYRJ/.v/stopped-baseline/data
FM_PROJECTS_OVERRIDE=/home/node/.no-mistakes/worktrees/450411b3e67c/01M48AGCET15Z951PCQ4YNDYRJ/.v/stopped-baseline/projects
FM_CONFIG_OVERRIDE=/home/node/.no-mistakes/worktrees/450411b3e67c/01M48AGCET15Z951PCQ4YNDYRJ/.v/stopped-baseline/config
FM_HOME=/home/node/.no-mistakes/worktrees/450411b3e67c/01M48AGCET15Z951PCQ4YNDYRJ/.v/stopped-baseline
HERDR command: status --json --session fm-lab-e2
FM_SNAPSHOT_SCOPED_ENV=1
FM_CREW_STATE_META_OVERRIDE=/home/node/.no-mistakes/worktrees/450411b3e67c/01M48AGCET15Z951PCQ4YNDYRJ/.v/stopped-captured-baseline/read.meta
FM_CREW_STATE_STATUS_OVERRIDE=/home/node/.no-mistakes/worktrees/450411b3e67c/01M48AGCET15Z951PCQ4YNDYRJ/.v/stopped-captured-baseline/read.status
FM_HOME_SUMMARY_IF_IDLE=stopped-FM_HOME_SUMMARY_IF_IDLE
FM_HOME_SUMMARY_WORKER_BEST_EFFORT=stopped-FM_HOME_SUMMARY_WORKER_BEST_EFFORT
FM_HOME_SUMMARY_PARENT_ERROR=stopped-FM_HOME_SUMMARY_PARENT_ERROR
FM_HOME_SUMMARY_PARENT_STAMP=stopped-FM_HOME_SUMMARY_PARENT_STAMP
FM_ROOT_OVERRIDE=/home/node/.no-mistakes/worktrees/450411b3e67c/01M48AGCET15Z951PCQ4YNDYRJ/.v/baseline
FM_STATE_OVERRIDE=/home/node/.no-mistakes/worktrees/450411b3e67c/01M48AGCET15Z951PCQ4YNDYRJ/.v/stopped-baseline/state
FM_DATA_OVERRIDE=/home/node/.no-mistakes/worktrees/450411b3e67c/01M48AGCET15Z951PCQ4YNDYRJ/.v/stopped-baseline/data
FM_PROJECTS_OVERRIDE=/home/node/.no-mistakes/worktrees/450411b3e67c/01M48AGCET15Z951PCQ4YNDYRJ/.v/stopped-baseline/projects
FM_CONFIG_OVERRIDE=/home/node/.no-mistakes/worktrees/450411b3e67c/01M48AGCET15Z951PCQ4YNDYRJ/.v/stopped-baseline/config
FM_HOME=/home/node/.no-mistakes/worktrees/450411b3e67c/01M48AGCET15Z951PCQ4YNDYRJ/.v/stopped-baseline
HERDR command: pane read w1:p1 --source recent --lines 200 --session fm-lab-e2
FM_SNAPSHOT_SCOPED_ENV=1
FM_CREW_STATE_META_OVERRIDE=/home/node/.no-mistakes/worktrees/450411b3e67c/01M48AGCET15Z951PCQ4YNDYRJ/.v/stopped-captured-baseline/read.meta
FM_CREW_STATE_STATUS_OVERRIDE=/home/node/.no-mistakes/worktrees/450411b3e67c/01M48AGCET15Z951PCQ4YNDYRJ/.v/stopped-captured-baseline/read.status
FM_HOME_SUMMARY_IF_IDLE=stopped-FM_HOME_SUMMARY_IF_IDLE
FM_HOME_SUMMARY_WORKER_BEST_EFFORT=stopped-FM_HOME_SUMMARY_WORKER_BEST_EFFORT
FM_HOME_SUMMARY_PARENT_ERROR=stopped-FM_HOME_SUMMARY_PARENT_ERROR
FM_HOME_SUMMARY_PARENT_STAMP=stopped-FM_HOME_SUMMARY_PARENT_STAMP
FM_ROOT_OVERRIDE=/home/node/.no-mistakes/worktrees/450411b3e67c/01M48AGCET15Z951PCQ4YNDYRJ/.v/baseline
FM_STATE_OVERRIDE=/home/node/.no-mistakes/worktrees/450411b3e67c/01M48AGCET15Z951PCQ4YNDYRJ/.v/stopped-baseline/state
FM_DATA_OVERRIDE=/home/node/.no-mistakes/worktrees/450411b3e67c/01M48AGCET15Z951PCQ4YNDYRJ/.v/stopped-baseline/data
FM_PROJECTS_OVERRIDE=/home/node/.no-mistakes/worktrees/450411b3e67c/01M48AGCET15Z951PCQ4YNDYRJ/.v/stopped-baseline/projects
FM_CONFIG_OVERRIDE=/home/node/.no-mistakes/worktrees/450411b3e67c/01M48AGCET15Z951PCQ4YNDYRJ/.v/stopped-baseline/config
FM_HOME=/home/node/.no-mistakes/worktrees/450411b3e67c/01M48AGCET15Z951PCQ4YNDYRJ/.v/stopped-baseline
HERDR command: status --json --session fm-lab-e2
FM_SNAPSHOT_SCOPED_ENV=1
FM_CREW_STATE_META_OVERRIDE=/home/node/.no-mistakes/worktrees/450411b3e67c/01M48AGCET15Z951PCQ4YNDYRJ/.v/stopped-captured-baseline/read.meta
FM_CREW_STATE_STATUS_OVERRIDE=/home/node/.no-mistakes/worktrees/450411b3e67c/01M48AGCET15Z951PCQ4YNDYRJ/.v/stopped-captured-baseline/read.status
FM_HOME_SUMMARY_IF_IDLE=stopped-FM_HOME_SUMMARY_IF_IDLE
FM_HOME_SUMMARY_WORKER_BEST_EFFORT=stopped-FM_HOME_SUMMARY_WORKER_BEST_EFFORT
FM_HOME_SUMMARY_PARENT_ERROR=stopped-FM_HOME_SUMMARY_PARENT_ERROR
FM_HOME_SUMMARY_PARENT_STAMP=stopped-FM_HOME_SUMMARY_PARENT_STAMP
FM_ROOT_OVERRIDE=/home/node/.no-mistakes/worktrees/450411b3e67c/01M48AGCET15Z951PCQ4YNDYRJ/.v/baseline
FM_STATE_OVERRIDE=/home/node/.no-mistakes/worktrees/450411b3e67c/01M48AGCET15Z951PCQ4YNDYRJ/.v/stopped-baseline/state
FM_DATA_OVERRIDE=/home/node/.no-mistakes/worktrees/450411b3e67c/01M48AGCET15Z951PCQ4YNDYRJ/.v/stopped-baseline/data
FM_PROJECTS_OVERRIDE=/home/node/.no-mistakes/worktrees/450411b3e67c/01M48AGCET15Z951PCQ4YNDYRJ/.v/stopped-baseline/projects
FM_CONFIG_OVERRIDE=/home/node/.no-mistakes/worktrees/450411b3e67c/01M48AGCET15Z951PCQ4YNDYRJ/.v/stopped-baseline/config
FM_HOME=/home/node/.no-mistakes/worktrees/450411b3e67c/01M48AGCET15Z951PCQ4YNDYRJ/.v/stopped-baseline
HERDR command: agent get w1:p1 --session fm-lab-e2
FM_SNAPSHOT_SCOPED_ENV=1
FM_CREW_STATE_META_OVERRIDE=/home/node/.no-mistakes/worktrees/450411b3e67c/01M48AGCET15Z951PCQ4YNDYRJ/.v/stopped-captured-baseline/read.meta
FM_CREW_STATE_STATUS_OVERRIDE=/home/node/.no-mistakes/worktrees/450411b3e67c/01M48AGCET15Z951PCQ4YNDYRJ/.v/stopped-captured-baseline/read.status
FM_HOME_SUMMARY_IF_IDLE=stopped-FM_HOME_SUMMARY_IF_IDLE
FM_HOME_SUMMARY_WORKER_BEST_EFFORT=stopped-FM_HOME_SUMMARY_WORKER_BEST_EFFORT
FM_HOME_SUMMARY_PARENT_ERROR=stopped-FM_HOME_SUMMARY_PARENT_ERROR
FM_HOME_SUMMARY_PARENT_STAMP=stopped-FM_HOME_SUMMARY_PARENT_STAMP
FM_ROOT_OVERRIDE=/home/node/.no-mistakes/worktrees/450411b3e67c/01M48AGCET15Z951PCQ4YNDYRJ/.v/baseline
FM_STATE_OVERRIDE=/home/node/.no-mistakes/worktrees/450411b3e67c/01M48AGCET15Z951PCQ4YNDYRJ/.v/stopped-baseline/state
FM_DATA_OVERRIDE=/home/node/.no-mistakes/worktrees/450411b3e67c/01M48AGCET15Z951PCQ4YNDYRJ/.v/stopped-baseline/data
FM_PROJECTS_OVERRIDE=/home/node/.no-mistakes/worktrees/450411b3e67c/01M48AGCET15Z951PCQ4YNDYRJ/.v/stopped-baseline/projects
FM_CONFIG_OVERRIDE=/home/node/.no-mistakes/worktrees/450411b3e67c/01M48AGCET15Z951PCQ4YNDYRJ/.v/stopped-baseline/config
FM_HOME=/home/node/.no-mistakes/worktrees/450411b3e67c/01M48AGCET15Z951PCQ4YNDYRJ/.v/stopped-baseline
HERDR command: status --json --session fm-lab-e2
FM_HOME=/home/node/.no-mistakes/worktrees/450411b3e67c/01M48AGCET15Z951PCQ4YNDYRJ/.v/stopped-baseline
HERDR command: pane process-info --pane w1:p1 --session fm-lab-e2
FM_HOME=/home/node/.no-mistakes/worktrees/450411b3e67c/01M48AGCET15Z951PCQ4YNDYRJ/.v/stopped-baseline
HERDR command: session stop fm-lab-e2 --json --session fm-lab-e2
FM_HOME=/home/node/.no-mistakes/worktrees/450411b3e67c/01M48AGCET15Z951PCQ4YNDYRJ/.v/stopped-baseline
HERDR command: session delete fm-lab-e2 --json --session fm-lab-e2
FM_HOME=/home/node/.no-mistakes/worktrees/450411b3e67c/01M48AGCET15Z951PCQ4YNDYRJ/.v/stopped-baseline
HERDR command: server --session fm-lab-e2
FM_HOME=/home/node/.no-mistakes/worktrees/450411b3e67c/01M48AGCET15Z951PCQ4YNDYRJ/.v/stopped-current
HERDR command: status --json --session fm-lab-e2
FM_HOME=/home/node/.no-mistakes/worktrees/450411b3e67c/01M48AGCET15Z951PCQ4YNDYRJ/.v/stopped-current
HERDR command: status --json --session fm-lab-e2
FM_HOME=/home/node/.no-mistakes/worktrees/450411b3e67c/01M48AGCET15Z951PCQ4YNDYRJ/.v/stopped-current
HERDR command: workspace create --cwd /home/node/.no-mistakes/worktrees/450411b3e67c/01M48AGCET15Z951PCQ4YNDYRJ --label stopped-read --no-focus --session fm-lab-e2
FM_HOME=/home/node/.no-mistakes/worktrees/450411b3e67c/01M48AGCET15Z951PCQ4YNDYRJ/.v/stopped-current
HERDR command: session stop fm-lab-e2 --json --session fm-lab-e2
FM_HOME=/home/node/.no-mistakes/worktrees/450411b3e67c/01M48AGCET15Z951PCQ4YNDYRJ/.v/stopped-current
HERDR command: status --json --session fm-lab-e2
FM_HOME=/home/node/.no-mistakes/worktrees/450411b3e67c/01M48AGCET15Z951PCQ4YNDYRJ/.v/stopped-current
HERDR command: status --json --session fm-lab-e2
FM_HOME=/home/node/.no-mistakes/worktrees/450411b3e67c/01M48AGCET15Z951PCQ4YNDYRJ/.v/stopped-current
HERDR command: server --session fm-lab-e2
HERDR command: status --json --session fm-lab-e2
HERDR command: status --json --session fm-lab-e2
FM_HOME=/home/node/.no-mistakes/worktrees/450411b3e67c/01M48AGCET15Z951PCQ4YNDYRJ/.v/stopped-current
HERDR command: pane read w1:p1 --source recent --lines 200 --session fm-lab-e2
FM_HOME=/home/node/.no-mistakes/worktrees/450411b3e67c/01M48AGCET15Z951PCQ4YNDYRJ/.v/stopped-current
HERDR command: status --json --session fm-lab-e2
FM_HOME=/home/node/.no-mistakes/worktrees/450411b3e67c/01M48AGCET15Z951PCQ4YNDYRJ/.v/stopped-current
HERDR command: pane read w1:p1 --source recent --lines 200 --session fm-lab-e2
FM_HOME=/home/node/.no-mistakes/worktrees/450411b3e67c/01M48AGCET15Z951PCQ4YNDYRJ/.v/stopped-current
HERDR command: status --json --session fm-lab-e2
FM_HOME=/home/node/.no-mistakes/worktrees/450411b3e67c/01M48AGCET15Z951PCQ4YNDYRJ/.v/stopped-current
HERDR command: agent get w1:p1 --session fm-lab-e2
FM_HOME=/home/node/.no-mistakes/worktrees/450411b3e67c/01M48AGCET15Z951PCQ4YNDYRJ/.v/stopped-current
HERDR command: status --json --session fm-lab-e2
FM_HOME=/home/node/.no-mistakes/worktrees/450411b3e67c/01M48AGCET15Z951PCQ4YNDYRJ/.v/stopped-current
HERDR command: pane process-info --pane w1:p1 --session fm-lab-e2
FM_HOME=/home/node/.no-mistakes/worktrees/450411b3e67c/01M48AGCET15Z951PCQ4YNDYRJ/.v/stopped-current
HERDR command: session stop fm-lab-e2 --json --session fm-lab-e2
FM_HOME=/home/node/.no-mistakes/worktrees/450411b3e67c/01M48AGCET15Z951PCQ4YNDYRJ/.v/stopped-current
HERDR command: session delete fm-lab-e2 --json --session fm-lab-e2
FM_HOME=/home/node/.no-mistakes/worktrees/450411b3e67c/01M48AGCET15Z951PCQ4YNDYRJ/.v/stopped-current
HERDR command: server --session fm-lab-e2
FM_SNAPSHOT_SCOPED_ENV=1
FM_CREW_STATE_META_OVERRIDE=poison-FM_CREW_STATE_META_OVERRIDE
FM_CREW_STATE_STATUS_OVERRIDE=poison-FM_CREW_STATE_STATUS_OVERRIDE
FM_HOME_SUMMARY_IF_IDLE=poison-FM_HOME_SUMMARY_IF_IDLE
FM_HOME_SUMMARY_WORKER_BEST_EFFORT=poison-FM_HOME_SUMMARY_WORKER_BEST_EFFORT
FM_HOME_SUMMARY_PARENT_ERROR=poison-FM_HOME_SUMMARY_PARENT_ERROR
FM_HOME_SUMMARY_PARENT_STAMP=poison-FM_HOME_SUMMARY_PARENT_STAMP
FM_ROOT_OVERRIDE=poison-FM_ROOT_OVERRIDE
FM_STATE_OVERRIDE=poison-FM_STATE_OVERRIDE
FM_DATA_OVERRIDE=poison-FM_DATA_OVERRIDE
FM_PROJECTS_OVERRIDE=poison-FM_PROJECTS_OVERRIDE
FM_CONFIG_OVERRIDE=poison-FM_CONFIG_OVERRIDE
FM_HOME=/home/node/.no-mistakes/worktrees/450411b3e67c/01M48AGCET15Z951PCQ4YNDYRJ/.v/spawn-home
HERDR command: status --json --session fm-lab-e2
FM_SNAPSHOT_SCOPED_ENV=1
FM_CREW_STATE_META_OVERRIDE=poison-FM_CREW_STATE_META_OVERRIDE
FM_CREW_STATE_STATUS_OVERRIDE=poison-FM_CREW_STATE_STATUS_OVERRIDE
FM_HOME_SUMMARY_IF_IDLE=poison-FM_HOME_SUMMARY_IF_IDLE
FM_HOME_SUMMARY_WORKER_BEST_EFFORT=poison-FM_HOME_SUMMARY_WORKER_BEST_EFFORT
FM_HOME_SUMMARY_PARENT_ERROR=poison-FM_HOME_SUMMARY_PARENT_ERROR
FM_HOME_SUMMARY_PARENT_STAMP=poison-FM_HOME_SUMMARY_PARENT_STAMP
FM_ROOT_OVERRIDE=poison-FM_ROOT_OVERRIDE
FM_STATE_OVERRIDE=poison-FM_STATE_OVERRIDE
FM_DATA_OVERRIDE=poison-FM_DATA_OVERRIDE
FM_PROJECTS_OVERRIDE=poison-FM_PROJECTS_OVERRIDE
FM_CONFIG_OVERRIDE=poison-FM_CONFIG_OVERRIDE
FM_HOME=/home/node/.no-mistakes/worktrees/450411b3e67c/01M48AGCET15Z951PCQ4YNDYRJ/.v/spawn-home
HERDR command: status --json --session fm-lab-e2
FM_HOME=/home/node/.no-mistakes/worktrees/450411b3e67c/01M48AGCET15Z951PCQ4YNDYRJ/.v/spawn-home
HERDR command: status --json --session fm-lab-e2
FM_HOME=/home/node/.no-mistakes/worktrees/450411b3e67c/01M48AGCET15Z951PCQ4YNDYRJ/.v/spawn-home
HERDR command: status --json --session fm-lab-e2
FM_HOME=/home/node/.no-mistakes/worktrees/450411b3e67c/01M48AGCET15Z951PCQ4YNDYRJ/.v/spawn-home
HERDR command: status --json --session fm-lab-e2
FM_HOME=/home/node/.no-mistakes/worktrees/450411b3e67c/01M48AGCET15Z951PCQ4YNDYRJ/.v/spawn-home
HERDR command: status --json --session fm-lab-e2
FM_HOME=/home/node/.no-mistakes/worktrees/450411b3e67c/01M48AGCET15Z951PCQ4YNDYRJ/.v/spawn-home
HERDR command: workspace list --session fm-lab-e2
FM_HOME=/home/node/.no-mistakes/worktrees/450411b3e67c/01M48AGCET15Z951PCQ4YNDYRJ/.v/spawn-home
HERDR command: workspace create --cwd /home/node/.no-mistakes/worktrees/450411b3e67c/01M48AGCET15Z951PCQ4YNDYRJ/.v/spawn-project --label firstmate --no-focus --session fm-lab-e2
FM_HOME=/home/node/.no-mistakes/worktrees/450411b3e67c/01M48AGCET15Z951PCQ4YNDYRJ/.v/spawn-home
HERDR command: tab list --workspace w1 --session fm-lab-e2
FM_HOME=/home/node/.no-mistakes/worktrees/450411b3e67c/01M48AGCET15Z951PCQ4YNDYRJ/.v/spawn-home
HERDR command: tab create --workspace w1 --cwd /home/node/.no-mistakes/worktrees/450411b3e67c/01M48AGCET15Z951PCQ4YNDYRJ/.v/spawn-project --label fm-ship-absent --no-focus --session fm-lab-e2
FM_HOME=/home/node/.no-mistakes/worktrees/450411b3e67c/01M48AGCET15Z951PCQ4YNDYRJ/.v/spawn-home
HERDR command: tab list --workspace w1 --session fm-lab-e2
FM_HOME=/home/node/.no-mistakes/worktrees/450411b3e67c/01M48AGCET15Z951PCQ4YNDYRJ/.v/spawn-home
HERDR command: pane list --workspace w1 --session fm-lab-e2
FM_HOME=/home/node/.no-mistakes/worktrees/450411b3e67c/01M48AGCET15Z951PCQ4YNDYRJ/.v/spawn-home
HERDR command: agent get w1:p1 --session fm-lab-e2
FM_HOME=/home/node/.no-mistakes/worktrees/450411b3e67c/01M48AGCET15Z951PCQ4YNDYRJ/.v/spawn-home
HERDR command: pane close w1:p1 --session fm-lab-e2
FM_HOME=/home/node/.no-mistakes/worktrees/450411b3e67c/01M48AGCET15Z951PCQ4YNDYRJ/.v/spawn-home
HERDR command: status --json --session fm-lab-e2
FM_HOME=/home/node/.no-mistakes/worktrees/450411b3e67c/01M48AGCET15Z951PCQ4YNDYRJ/.v/spawn-home
HERDR command: pane run w1:p2 treehouse\ get --session fm-lab-e2
FM_HOME=/home/node/.no-mistakes/worktrees/450411b3e67c/01M48AGCET15Z951PCQ4YNDYRJ/.v/spawn-home
HERDR command: status --json --session fm-lab-e2
FM_HOME=/home/node/.no-mistakes/worktrees/450411b3e67c/01M48AGCET15Z951PCQ4YNDYRJ/.v/spawn-home
HERDR command: pane get w1:p2 --session fm-lab-e2
FM_HOME=/home/node/.no-mistakes/worktrees/450411b3e67c/01M48AGCET15Z951PCQ4YNDYRJ/.v/spawn-home
HERDR command: status --json --session fm-lab-e2
FM_HOME=/home/node/.no-mistakes/worktrees/450411b3e67c/01M48AGCET15Z951PCQ4YNDYRJ/.v/spawn-home
HERDR command: pane get w1:p2 --session fm-lab-e2
FM_HOME=/home/node/.no-mistakes/worktrees/450411b3e67c/01M48AGCET15Z951PCQ4YNDYRJ/.v/spawn-home
HERDR command: status --json --session fm-lab-e2
FM_HOME=/home/node/.no-mistakes/worktrees/450411b3e67c/01M48AGCET15Z951PCQ4YNDYRJ/.v/spawn-home
HERDR command: pane run w1:p2 cd\ --\ \'/home/node/.no-mistakes/worktrees/450411b3e67c/01M48AGCET15Z951PCQ4YNDYRJ/.v/home/.treehouse/spawn-project-acaec3/1/spawn-project\' --session fm-lab-e2
FM_HOME=/home/node/.no-mistakes/worktrees/450411b3e67c/01M48AGCET15Z951PCQ4YNDYRJ/.v/spawn-home
HERDR command: status --json --session fm-lab-e2
FM_HOME=/home/node/.no-mistakes/worktrees/450411b3e67c/01M48AGCET15Z951PCQ4YNDYRJ/.v/spawn-home
HERDR command: pane get w1:p2 --session fm-lab-e2
FM_HOME=/home/node/.no-mistakes/worktrees/450411b3e67c/01M48AGCET15Z951PCQ4YNDYRJ/.v/spawn-home
HERDR command: pane get w1:p2 --session fm-lab-e2
FM_ROOT_OVERRIDE=/home/node/.no-mistakes/worktrees/450411b3e67c/01M48AGCET15Z951PCQ4YNDYRJ/.v/runtime
FM_STATE_OVERRIDE=/home/node/.no-mistakes/worktrees/450411b3e67c/01M48AGCET15Z951PCQ4YNDYRJ/.v/spawn-home/state
FM_DATA_OVERRIDE=/home/node/.no-mistakes/worktrees/450411b3e67c/01M48AGCET15Z951PCQ4YNDYRJ/.v/spawn-home/data
FM_PROJECTS_OVERRIDE=/home/node/.no-mistakes/worktrees/450411b3e67c/01M48AGCET15Z951PCQ4YNDYRJ/.v/spawn-home/projects
FM_CONFIG_OVERRIDE=/home/node/.no-mistakes/worktrees/450411b3e67c/01M48AGCET15Z951PCQ4YNDYRJ/.v/spawn-home/config
FM_HOME=/home/node/.no-mistakes/worktrees/450411b3e67c/01M48AGCET15Z951PCQ4YNDYRJ/.v/spawn-home
HERDR command: status --json --session fm-lab-e2
FM_HOME=/home/node/.no-mistakes/worktrees/450411b3e67c/01M48AGCET15Z951PCQ4YNDYRJ/.v/spawn-home
HERDR command: pane read w1:p2 --source recent --lines 200 --session fm-lab-e2
FM_HOME=/home/node/.no-mistakes/worktrees/450411b3e67c/01M48AGCET15Z951PCQ4YNDYRJ/.v/spawn-home
HERDR command: status --json --session fm-lab-e2
FM_HOME=/home/node/.no-mistakes/worktrees/450411b3e67c/01M48AGCET15Z951PCQ4YNDYRJ/.v/spawn-home
HERDR command: pane read w1:p2 --source recent --lines 200 --session fm-lab-e2
FM_HOME=/home/node/.no-mistakes/worktrees/450411b3e67c/01M48AGCET15Z951PCQ4YNDYRJ/.v/spawn-home
HERDR command: status --json --session fm-lab-e2
FM_HOME=/home/node/.no-mistakes/worktrees/450411b3e67c/01M48AGCET15Z951PCQ4YNDYRJ/.v/spawn-home
HERDR command: agent get w1:p2 --session fm-lab-e2
FM_HOME=/home/node/.no-mistakes/worktrees/450411b3e67c/01M48AGCET15Z951PCQ4YNDYRJ/.v/spawn-home
HERDR command: status --json --session fm-lab-e2
FM_HOME=/home/node/.no-mistakes/worktrees/450411b3e67c/01M48AGCET15Z951PCQ4YNDYRJ/.v/spawn-home
HERDR command: pane run w1:p2 export\ GOTMPDIR=\'/home/node/.no-mistakes/worktrees/450411b3e67c/01M48AGCET15Z951PCQ4YNDYRJ/.v/spawn-home/state/ship-absent.tasktmp/gotmp\' --session fm-lab-e2
FM_HOME=/home/node/.no-mistakes/worktrees/450411b3e67c/01M48AGCET15Z951PCQ4YNDYRJ/.v/spawn-home
HERDR command: status --json --session fm-lab-e2
FM_HOME=/home/node/.no-mistakes/worktrees/450411b3e67c/01M48AGCET15Z951PCQ4YNDYRJ/.v/spawn-home
HERDR command: pane run w1:p2 export\ COMPACT_ADVISER_DISABLE=1 --session fm-lab-e2
FM_HOME=/home/node/.no-mistakes/worktrees/450411b3e67c/01M48AGCET15Z951PCQ4YNDYRJ/.v/spawn-home
HERDR command: status --json --session fm-lab-e2
FM_HOME=/home/node/.no-mistakes/worktrees/450411b3e67c/01M48AGCET15Z951PCQ4YNDYRJ/.v/spawn-home
HERDR command: pane run w1:p2 export\ FM_TASK_ID=ship-absent --session fm-lab-e2
FM_HOME=/home/node/.no-mistakes/worktrees/450411b3e67c/01M48AGCET15Z951PCQ4YNDYRJ/.v/spawn-home
HERDR command: status --json --session fm-lab-e2
FM_HOME=/home/node/.no-mistakes/worktrees/450411b3e67c/01M48AGCET15Z951PCQ4YNDYRJ/.v/spawn-home
HERDR command: pane send-text w1:p2 .\ \'/tmp/fm-ship-absent+225fc10db929241398488ecab5bc7b61357da0454bee5e18db2b2720920a857b/launch.s1791283622.1214749.18992.sh\' --session fm-lab-e2
FM_HOME=/home/node/.no-mistakes/worktrees/450411b3e67c/01M48AGCET15Z951PCQ4YNDYRJ/.v/spawn-home
HERDR command: status --json --session fm-lab-e2
FM_HOME=/home/node/.no-mistakes/worktrees/450411b3e67c/01M48AGCET15Z951PCQ4YNDYRJ/.v/spawn-home
HERDR command: pane send-keys w1:p2 enter --session fm-lab-e2
FM_HOME=/home/node/.no-mistakes/worktrees/450411b3e67c/01M48AGCET15Z951PCQ4YNDYRJ/.v/spawn-home
HERDR command: status --json --session fm-lab-e2
FM_HOME=/home/node/.no-mistakes/worktrees/450411b3e67c/01M48AGCET15Z951PCQ4YNDYRJ/.v/spawn-home
HERDR command: pane read w1:p2 --source recent --lines 200 --session fm-lab-e2
FM_HOME=/home/node/.no-mistakes/worktrees/450411b3e67c/01M48AGCET15Z951PCQ4YNDYRJ/.v/spawn-home
HERDR command: status --json --session fm-lab-e2
FM_HOME=/home/node/.no-mistakes/worktrees/450411b3e67c/01M48AGCET15Z951PCQ4YNDYRJ/.v/spawn-home
HERDR command: pane read w1:p2 --source recent --lines 200 --session fm-lab-e2
FM_HOME=/home/node/.no-mistakes/worktrees/450411b3e67c/01M48AGCET15Z951PCQ4YNDYRJ/.v/spawn-home
HERDR command: status --json --session fm-lab-e2
FM_HOME=/home/node/.no-mistakes/worktrees/450411b3e67c/01M48AGCET15Z951PCQ4YNDYRJ/.v/spawn-home
HERDR command: agent get w1:p2 --session fm-lab-e2
FM_HOME=/home/node/.no-mistakes/worktrees/450411b3e67c/01M48AGCET15Z951PCQ4YNDYRJ/.v/spawn-home
HERDR command: status --json --session fm-lab-e2
FM_HOME=/home/node/.no-mistakes/worktrees/450411b3e67c/01M48AGCET15Z951PCQ4YNDYRJ/.v/spawn-home
HERDR command: pane read w1:p2 --source recent --lines 200 --session fm-lab-e2
FM_HOME=/home/node/.no-mistakes/worktrees/450411b3e67c/01M48AGCET15Z951PCQ4YNDYRJ/.v/spawn-home
HERDR command: status --json --session fm-lab-e2
FM_HOME=/home/node/.no-mistakes/worktrees/450411b3e67c/01M48AGCET15Z951PCQ4YNDYRJ/.v/spawn-home
HERDR command: pane read w1:p2 --source recent --lines 200 --session fm-lab-e2
FM_HOME=/home/node/.no-mistakes/worktrees/450411b3e67c/01M48AGCET15Z951PCQ4YNDYRJ/.v/spawn-home
HERDR command: status --json --session fm-lab-e2
FM_HOME=/home/node/.no-mistakes/worktrees/450411b3e67c/01M48AGCET15Z951PCQ4YNDYRJ/.v/spawn-home
HERDR command: agent get w1:p2 --session fm-lab-e2
FM_HOME=/home/node/.no-mistakes/worktrees/450411b3e67c/01M48AGCET15Z951PCQ4YNDYRJ/.v/spawn-home
HERDR command: status --json --session fm-lab-e2
FM_HOME=/home/node/.no-mistakes/worktrees/450411b3e67c/01M48AGCET15Z951PCQ4YNDYRJ/.v/spawn-home
HERDR command: status --json --session fm-lab-e2
FM_HOME=/home/node/.no-mistakes/worktrees/450411b3e67c/01M48AGCET15Z951PCQ4YNDYRJ/.v/spawn-home
HERDR command: status --json --session fm-lab-e2
FM_HOME=/home/node/.no-mistakes/worktrees/450411b3e67c/01M48AGCET15Z951PCQ4YNDYRJ/.v/spawn-home
HERDR command: status --json --session fm-lab-e2
FM_HOME=/home/node/.no-mistakes/worktrees/450411b3e67c/01M48AGCET15Z951PCQ4YNDYRJ/.v/spawn-home
HERDR command: status --json --session fm-lab-e2
FM_HOME=/home/node/.no-mistakes/worktrees/450411b3e67c/01M48AGCET15Z951PCQ4YNDYRJ/.v/spawn-home
HERDR command: workspace list --session fm-lab-e2
FM_HOME=/home/node/.no-mistakes/worktrees/450411b3e67c/01M48AGCET15Z951PCQ4YNDYRJ/.v/spawn-home
HERDR command: tab list --workspace w1 --session fm-lab-e2
FM_HOME=/home/node/.no-mistakes/worktrees/450411b3e67c/01M48AGCET15Z951PCQ4YNDYRJ/.v/spawn-home
HERDR command: tab create --workspace w1 --cwd /home/node/.no-mistakes/worktrees/450411b3e67c/01M48AGCET15Z951PCQ4YNDYRJ/.v/spawn-project --label fm-ship-all --no-focus --session fm-lab-e2
FM_HOME=/home/node/.no-mistakes/worktrees/450411b3e67c/01M48AGCET15Z951PCQ4YNDYRJ/.v/spawn-home
HERDR command: status --json --session fm-lab-e2
FM_HOME=/home/node/.no-mistakes/worktrees/450411b3e67c/01M48AGCET15Z951PCQ4YNDYRJ/.v/spawn-home
HERDR command: pane run w1:p3 treehouse\ get --session fm-lab-e2
FM_HOME=/home/node/.no-mistakes/worktrees/450411b3e67c/01M48AGCET15Z951PCQ4YNDYRJ/.v/spawn-home
HERDR command: status --json --session fm-lab-e2
FM_HOME=/home/node/.no-mistakes/worktrees/450411b3e67c/01M48AGCET15Z951PCQ4YNDYRJ/.v/spawn-home
HERDR command: pane get w1:p3 --session fm-lab-e2
FM_HOME=/home/node/.no-mistakes/worktrees/450411b3e67c/01M48AGCET15Z951PCQ4YNDYRJ/.v/spawn-home
HERDR command: status --json --session fm-lab-e2
FM_HOME=/home/node/.no-mistakes/worktrees/450411b3e67c/01M48AGCET15Z951PCQ4YNDYRJ/.v/spawn-home
HERDR command: pane get w1:p3 --session fm-lab-e2
FM_HOME=/home/node/.no-mistakes/worktrees/450411b3e67c/01M48AGCET15Z951PCQ4YNDYRJ/.v/spawn-home
HERDR command: status --json --session fm-lab-e2
FM_HOME=/home/node/.no-mistakes/worktrees/450411b3e67c/01M48AGCET15Z951PCQ4YNDYRJ/.v/spawn-home
HERDR command: pane get w1:p3 --session fm-lab-e2
FM_HOME=/home/node/.no-mistakes/worktrees/450411b3e67c/01M48AGCET15Z951PCQ4YNDYRJ/.v/spawn-home
HERDR command: status --json --session fm-lab-e2
FM_HOME=/home/node/.no-mistakes/worktrees/450411b3e67c/01M48AGCET15Z951PCQ4YNDYRJ/.v/spawn-home
HERDR command: pane run w1:p3 cd\ --\ \'/home/node/.no-mistakes/worktrees/450411b3e67c/01M48AGCET15Z951PCQ4YNDYRJ/.v/home/.treehouse/spawn-project-acaec3/2/spawn-project\' --session fm-lab-e2
FM_HOME=/home/node/.no-mistakes/worktrees/450411b3e67c/01M48AGCET15Z951PCQ4YNDYRJ/.v/spawn-home
HERDR command: status --json --session fm-lab-e2
FM_HOME=/home/node/.no-mistakes/worktrees/450411b3e67c/01M48AGCET15Z951PCQ4YNDYRJ/.v/spawn-home
HERDR command: pane get w1:p3 --session fm-lab-e2
FM_HOME=/home/node/.no-mistakes/worktrees/450411b3e67c/01M48AGCET15Z951PCQ4YNDYRJ/.v/spawn-home
HERDR command: pane get w1:p2 --session fm-lab-e2
FM_ROOT_OVERRIDE=/home/node/.no-mistakes/worktrees/450411b3e67c/01M48AGCET15Z951PCQ4YNDYRJ/.v/runtime
FM_STATE_OVERRIDE=/home/node/.no-mistakes/worktrees/450411b3e67c/01M48AGCET15Z951PCQ4YNDYRJ/.v/spawn-home/state
FM_DATA_OVERRIDE=/home/node/.no-mistakes/worktrees/450411b3e67c/01M48AGCET15Z951PCQ4YNDYRJ/.v/spawn-home/data
FM_PROJECTS_OVERRIDE=/home/node/.no-mistakes/worktrees/450411b3e67c/01M48AGCET15Z951PCQ4YNDYRJ/.v/spawn-home/projects
FM_CONFIG_OVERRIDE=/home/node/.no-mistakes/worktrees/450411b3e67c/01M48AGCET15Z951PCQ4YNDYRJ/.v/spawn-home/config
FM_HOME=/home/node/.no-mistakes/worktrees/450411b3e67c/01M48AGCET15Z951PCQ4YNDYRJ/.v/spawn-home
HERDR command: pane get w1:p3 --session fm-lab-e2
FM_ROOT_OVERRIDE=/home/node/.no-mistakes/worktrees/450411b3e67c/01M48AGCET15Z951PCQ4YNDYRJ/.v/runtime
FM_STATE_OVERRIDE=/home/node/.no-mistakes/worktrees/450411b3e67c/01M48AGCET15Z951PCQ4YNDYRJ/.v/spawn-home/state
FM_DATA_OVERRIDE=/home/node/.no-mistakes/worktrees/450411b3e67c/01M48AGCET15Z951PCQ4YNDYRJ/.v/spawn-home/data
FM_PROJECTS_OVERRIDE=/home/node/.no-mistakes/worktrees/450411b3e67c/01M48AGCET15Z951PCQ4YNDYRJ/.v/spawn-home/projects
FM_CONFIG_OVERRIDE=/home/node/.no-mistakes/worktrees/450411b3e67c/01M48AGCET15Z951PCQ4YNDYRJ/.v/spawn-home/config
FM_HOME=/home/node/.no-mistakes/worktrees/450411b3e67c/01M48AGCET15Z951PCQ4YNDYRJ/.v/spawn-home
HERDR command: status --json --session fm-lab-e2
FM_HOME=/home/node/.no-mistakes/worktrees/450411b3e67c/01M48AGCET15Z951PCQ4YNDYRJ/.v/spawn-home
HERDR command: status --json --session fm-lab-e2
FM_HOME=/home/node/.no-mistakes/worktrees/450411b3e67c/01M48AGCET15Z951PCQ4YNDYRJ/.v/spawn-home
HERDR command: pane read w1:p3 --source recent --lines 200 --session fm-lab-e2
FM_HOME=/home/node/.no-mistakes/worktrees/450411b3e67c/01M48AGCET15Z951PCQ4YNDYRJ/.v/spawn-home
HERDR command: pane read w1:p2 --source recent --lines 200 --session fm-lab-e2
FM_HOME=/home/node/.no-mistakes/worktrees/450411b3e67c/01M48AGCET15Z951PCQ4YNDYRJ/.v/spawn-home
HERDR command: status --json --session fm-lab-e2
FM_HOME=/home/node/.no-mistakes/worktrees/450411b3e67c/01M48AGCET15Z951PCQ4YNDYRJ/.v/spawn-home
HERDR command: status --json --session fm-lab-e2
FM_HOME=/home/node/.no-mistakes/worktrees/450411b3e67c/01M48AGCET15Z951PCQ4YNDYRJ/.v/spawn-home
HERDR command: pane read w1:p3 --source recent --lines 200 --session fm-lab-e2
FM_HOME=/home/node/.no-mistakes/worktrees/450411b3e67c/01M48AGCET15Z951PCQ4YNDYRJ/.v/spawn-home
HERDR command: pane read w1:p2 --source recent --lines 200 --session fm-lab-e2
FM_HOME=/home/node/.no-mistakes/worktrees/450411b3e67c/01M48AGCET15Z951PCQ4YNDYRJ/.v/spawn-home
HERDR command: status --json --session fm-lab-e2
FM_HOME=/home/node/.no-mistakes/worktrees/450411b3e67c/01M48AGCET15Z951PCQ4YNDYRJ/.v/spawn-home
HERDR command: status --json --session fm-lab-e2
FM_HOME=/home/node/.no-mistakes/worktrees/450411b3e67c/01M48AGCET15Z951PCQ4YNDYRJ/.v/spawn-home
HERDR command: agent get w1:p3 --session fm-lab-e2
FM_HOME=/home/node/.no-mistakes/worktrees/450411b3e67c/01M48AGCET15Z951PCQ4YNDYRJ/.v/spawn-home
HERDR command: agent get w1:p2 --session fm-lab-e2
FM_HOME=/home/node/.no-mistakes/worktrees/450411b3e67c/01M48AGCET15Z951PCQ4YNDYRJ/.v/spawn-home
HERDR command: status --json --session fm-lab-e2
FM_HOME=/home/node/.no-mistakes/worktrees/450411b3e67c/01M48AGCET15Z951PCQ4YNDYRJ/.v/spawn-home
HERDR command: pane run w1:p3 export\ GOTMPDIR=\'/home/node/.no-mistakes/worktrees/450411b3e67c/01M48AGCET15Z951PCQ4YNDYRJ/.v/spawn-home/state/ship-all.tasktmp/gotmp\' --session fm-lab-e2
FM_HOME=/home/node/.no-mistakes/worktrees/450411b3e67c/01M48AGCET15Z951PCQ4YNDYRJ/.v/spawn-home
HERDR command: status --json --session fm-lab-e2
FM_HOME=/home/node/.no-mistakes/worktrees/450411b3e67c/01M48AGCET15Z951PCQ4YNDYRJ/.v/spawn-home
HERDR command: pane run w1:p3 export\ COMPACT_ADVISER_DISABLE=1 --session fm-lab-e2
FM_HOME=/home/node/.no-mistakes/worktrees/450411b3e67c/01M48AGCET15Z951PCQ4YNDYRJ/.v/spawn-home
HERDR command: status --json --session fm-lab-e2
FM_HOME=/home/node/.no-mistakes/worktrees/450411b3e67c/01M48AGCET15Z951PCQ4YNDYRJ/.v/spawn-home
HERDR command: pane run w1:p3 export\ FM_TASK_ID=ship-all --session fm-lab-e2
FM_HOME=/home/node/.no-mistakes/worktrees/450411b3e67c/01M48AGCET15Z951PCQ4YNDYRJ/.v/spawn-home
HERDR command: status --json --session fm-lab-e2
FM_HOME=/home/node/.no-mistakes/worktrees/450411b3e67c/01M48AGCET15Z951PCQ4YNDYRJ/.v/spawn-home
HERDR command: pane send-text w1:p3 .\ \'/tmp/fm-ship-all+225fc10db929241398488ecab5bc7b61357da0454bee5e18db2b2720920a857b/launch.s1791283627.1218619.6232.sh\' --session fm-lab-e2
FM_HOME=/home/node/.no-mistakes/worktrees/450411b3e67c/01M48AGCET15Z951PCQ4YNDYRJ/.v/spawn-home
HERDR command: status --json --session fm-lab-e2
FM_HOME=/home/node/.no-mistakes/worktrees/450411b3e67c/01M48AGCET15Z951PCQ4YNDYRJ/.v/spawn-home
HERDR command: pane send-keys w1:p3 enter --session fm-lab-e2
FM_HOME=/home/node/.no-mistakes/worktrees/450411b3e67c/01M48AGCET15Z951PCQ4YNDYRJ/.v/spawn-home
HERDR command: status --json --session fm-lab-e2
FM_HOME=/home/node/.no-mistakes/worktrees/450411b3e67c/01M48AGCET15Z951PCQ4YNDYRJ/.v/spawn-home
HERDR command: pane read w1:p3 --source recent --lines 200 --session fm-lab-e2
FM_HOME=/home/node/.no-mistakes/worktrees/450411b3e67c/01M48AGCET15Z951PCQ4YNDYRJ/.v/spawn-home
HERDR command: status --json --session fm-lab-e2
FM_HOME=/home/node/.no-mistakes/worktrees/450411b3e67c/01M48AGCET15Z951PCQ4YNDYRJ/.v/spawn-home
HERDR command: pane read w1:p3 --source recent --lines 200 --session fm-lab-e2
FM_HOME=/home/node/.no-mistakes/worktrees/450411b3e67c/01M48AGCET15Z951PCQ4YNDYRJ/.v/spawn-home
HERDR command: status --json --session fm-lab-e2
FM_HOME=/home/node/.no-mistakes/worktrees/450411b3e67c/01M48AGCET15Z951PCQ4YNDYRJ/.v/spawn-home
HERDR command: agent get w1:p3 --session fm-lab-e2
FM_HOME=/home/node/.no-mistakes/worktrees/450411b3e67c/01M48AGCET15Z951PCQ4YNDYRJ/.v/spawn-home
HERDR command: status --json --session fm-lab-e2
FM_HOME=/home/node/.no-mistakes/worktrees/450411b3e67c/01M48AGCET15Z951PCQ4YNDYRJ/.v/spawn-home
HERDR command: pane read w1:p3 --source recent --lines 200 --session fm-lab-e2
FM_HOME=/home/node/.no-mistakes/worktrees/450411b3e67c/01M48AGCET15Z951PCQ4YNDYRJ/.v/spawn-home
HERDR command: status --json --session fm-lab-e2
FM_HOME=/home/node/.no-mistakes/worktrees/450411b3e67c/01M48AGCET15Z951PCQ4YNDYRJ/.v/spawn-home
HERDR command: pane read w1:p3 --source recent --lines 200 --session fm-lab-e2
FM_HOME=/home/node/.no-mistakes/worktrees/450411b3e67c/01M48AGCET15Z951PCQ4YNDYRJ/.v/spawn-home
HERDR command: status --json --session fm-lab-e2
FM_HOME=/home/node/.no-mistakes/worktrees/450411b3e67c/01M48AGCET15Z951PCQ4YNDYRJ/.v/spawn-home
HERDR command: agent get w1:p3 --session fm-lab-e2
FM_HOME=/home/node/.no-mistakes/worktrees/450411b3e67c/01M48AGCET15Z951PCQ4YNDYRJ/.v/spawn-home
HERDR command: status --json --session fm-lab-e2
FM_HOME=/home/node/.no-mistakes/worktrees/450411b3e67c/01M48AGCET15Z951PCQ4YNDYRJ/.v/spawn-home
HERDR command: status --json --session fm-lab-e2
FM_HOME=/home/node/.no-mistakes/worktrees/450411b3e67c/01M48AGCET15Z951PCQ4YNDYRJ/.v/spawn-home
HERDR command: status --json --session fm-lab-e2
FM_HOME=/home/node/.no-mistakes/worktrees/450411b3e67c/01M48AGCET15Z951PCQ4YNDYRJ/.v/spawn-home
HERDR command: status --json --session fm-lab-e2
FM_HOME=/home/node/.no-mistakes/worktrees/450411b3e67c/01M48AGCET15Z951PCQ4YNDYRJ/.v/spawn-home
HERDR command: status --json --session fm-lab-e2
FM_HOME=/home/node/.no-mistakes/worktrees/450411b3e67c/01M48AGCET15Z951PCQ4YNDYRJ/.v/spawn-home
HERDR command: workspace list --session fm-lab-e2
FM_HOME=/home/node/.no-mistakes/worktrees/450411b3e67c/01M48AGCET15Z951PCQ4YNDYRJ/.v/spawn-home
HERDR command: tab list --workspace w1 --session fm-lab-e2
FM_HOME=/home/node/.no-mistakes/worktrees/450411b3e67c/01M48AGCET15Z951PCQ4YNDYRJ/.v/spawn-home
HERDR command: tab create --workspace w1 --cwd /home/node/.no-mistakes/worktrees/450411b3e67c/01M48AGCET15Z951PCQ4YNDYRJ/.v/spawn-project --label fm-ship-paths-only --no-focus --session fm-lab-e2
FM_HOME=/home/node/.no-mistakes/worktrees/450411b3e67c/01M48AGCET15Z951PCQ4YNDYRJ/.v/spawn-home
HERDR command: status --json --session fm-lab-e2
FM_HOME=/home/node/.no-mistakes/worktrees/450411b3e67c/01M48AGCET15Z951PCQ4YNDYRJ/.v/spawn-home
HERDR command: pane run w1:p4 treehouse\ get --session fm-lab-e2
FM_HOME=/home/node/.no-mistakes/worktrees/450411b3e67c/01M48AGCET15Z951PCQ4YNDYRJ/.v/spawn-home
HERDR command: status --json --session fm-lab-e2
FM_HOME=/home/node/.no-mistakes/worktrees/450411b3e67c/01M48AGCET15Z951PCQ4YNDYRJ/.v/spawn-home
HERDR command: pane get w1:p4 --session fm-lab-e2
FM_HOME=/home/node/.no-mistakes/worktrees/450411b3e67c/01M48AGCET15Z951PCQ4YNDYRJ/.v/spawn-home
HERDR command: status --json --session fm-lab-e2
FM_HOME=/home/node/.no-mistakes/worktrees/450411b3e67c/01M48AGCET15Z951PCQ4YNDYRJ/.v/spawn-home
HERDR command: pane get w1:p4 --session fm-lab-e2
FM_HOME=/home/node/.no-mistakes/worktrees/450411b3e67c/01M48AGCET15Z951PCQ4YNDYRJ/.v/spawn-home
HERDR command: status --json --session fm-lab-e2
FM_HOME=/home/node/.no-mistakes/worktrees/450411b3e67c/01M48AGCET15Z951PCQ4YNDYRJ/.v/spawn-home
HERDR command: pane get w1:p4 --session fm-lab-e2
FM_HOME=/home/node/.no-mistakes/worktrees/450411b3e67c/01M48AGCET15Z951PCQ4YNDYRJ/.v/spawn-home
HERDR command: status --json --session fm-lab-e2
FM_HOME=/home/node/.no-mistakes/worktrees/450411b3e67c/01M48AGCET15Z951PCQ4YNDYRJ/.v/spawn-home
HERDR command: pane run w1:p4 cd\ --\ \'/home/node/.no-mistakes/worktrees/450411b3e67c/01M48AGCET15Z951PCQ4YNDYRJ/.v/home/.treehouse/spawn-project-acaec3/3/spawn-project\' --session fm-lab-e2
FM_HOME=/home/node/.no-mistakes/worktrees/450411b3e67c/01M48AGCET15Z951PCQ4YNDYRJ/.v/spawn-home
HERDR command: status --json --session fm-lab-e2
FM_HOME=/home/node/.no-mistakes/worktrees/450411b3e67c/01M48AGCET15Z951PCQ4YNDYRJ/.v/spawn-home
HERDR command: pane get w1:p4 --session fm-lab-e2
FM_HOME=/home/node/.no-mistakes/worktrees/450411b3e67c/01M48AGCET15Z951PCQ4YNDYRJ/.v/spawn-home
HERDR command: pane get w1:p3 --session fm-lab-e2
FM_ROOT_OVERRIDE=/home/node/.no-mistakes/worktrees/450411b3e67c/01M48AGCET15Z951PCQ4YNDYRJ/.v/runtime
FM_STATE_OVERRIDE=/home/node/.no-mistakes/worktrees/450411b3e67c/01M48AGCET15Z951PCQ4YNDYRJ/.v/spawn-home/state
FM_DATA_OVERRIDE=/home/node/.no-mistakes/worktrees/450411b3e67c/01M48AGCET15Z951PCQ4YNDYRJ/.v/spawn-home/data
FM_PROJECTS_OVERRIDE=/home/node/.no-mistakes/worktrees/450411b3e67c/01M48AGCET15Z951PCQ4YNDYRJ/.v/spawn-home/projects
FM_CONFIG_OVERRIDE=/home/node/.no-mistakes/worktrees/450411b3e67c/01M48AGCET15Z951PCQ4YNDYRJ/.v/spawn-home/config
FM_HOME=/home/node/.no-mistakes/worktrees/450411b3e67c/01M48AGCET15Z951PCQ4YNDYRJ/.v/spawn-home
HERDR command: pane get w1:p4 --session fm-lab-e2
FM_ROOT_OVERRIDE=/home/node/.no-mistakes/worktrees/450411b3e67c/01M48AGCET15Z951PCQ4YNDYRJ/.v/runtime
FM_STATE_OVERRIDE=/home/node/.no-mistakes/worktrees/450411b3e67c/01M48AGCET15Z951PCQ4YNDYRJ/.v/spawn-home/state
FM_DATA_OVERRIDE=/home/node/.no-mistakes/worktrees/450411b3e67c/01M48AGCET15Z951PCQ4YNDYRJ/.v/spawn-home/data
FM_PROJECTS_OVERRIDE=/home/node/.no-mistakes/worktrees/450411b3e67c/01M48AGCET15Z951PCQ4YNDYRJ/.v/spawn-home/projects
FM_CONFIG_OVERRIDE=/home/node/.no-mistakes/worktrees/450411b3e67c/01M48AGCET15Z951PCQ4YNDYRJ/.v/spawn-home/config
FM_HOME=/home/node/.no-mistakes/worktrees/450411b3e67c/01M48AGCET15Z951PCQ4YNDYRJ/.v/spawn-home
HERDR command: pane get w1:p2 --session fm-lab-e2
FM_ROOT_OVERRIDE=/home/node/.no-mistakes/worktrees/450411b3e67c/01M48AGCET15Z951PCQ4YNDYRJ/.v/runtime
FM_STATE_OVERRIDE=/home/node/.no-mistakes/worktrees/450411b3e67c/01M48AGCET15Z951PCQ4YNDYRJ/.v/spawn-home/state
FM_DATA_OVERRIDE=/home/node/.no-mistakes/worktrees/450411b3e67c/01M48AGCET15Z951PCQ4YNDYRJ/.v/spawn-home/data
FM_PROJECTS_OVERRIDE=/home/node/.no-mistakes/worktrees/450411b3e67c/01M48AGCET15Z951PCQ4YNDYRJ/.v/spawn-home/projects
FM_CONFIG_OVERRIDE=/home/node/.no-mistakes/worktrees/450411b3e67c/01M48AGCET15Z951PCQ4YNDYRJ/.v/spawn-home/config
FM_HOME=/home/node/.no-mistakes/worktrees/450411b3e67c/01M48AGCET15Z951PCQ4YNDYRJ/.v/spawn-home
HERDR command: status --json --session fm-lab-e2
FM_HOME=/home/node/.no-mistakes/worktrees/450411b3e67c/01M48AGCET15Z951PCQ4YNDYRJ/.v/spawn-home
HERDR command: status --json --session fm-lab-e2
FM_HOME=/home/node/.no-mistakes/worktrees/450411b3e67c/01M48AGCET15Z951PCQ4YNDYRJ/.v/spawn-home
HERDR command: status --json --session fm-lab-e2
FM_HOME=/home/node/.no-mistakes/worktrees/450411b3e67c/01M48AGCET15Z951PCQ4YNDYRJ/.v/spawn-home
HERDR command: pane read w1:p2 --source recent --lines 200 --session fm-lab-e2
FM_HOME=/home/node/.no-mistakes/worktrees/450411b3e67c/01M48AGCET15Z951PCQ4YNDYRJ/.v/spawn-home
HERDR command: pane read w1:p4 --source recent --lines 200 --session fm-lab-e2
FM_HOME=/home/node/.no-mistakes/worktrees/450411b3e67c/01M48AGCET15Z951PCQ4YNDYRJ/.v/spawn-home
HERDR command: pane read w1:p3 --source recent --lines 200 --session fm-lab-e2
FM_HOME=/home/node/.no-mistakes/worktrees/450411b3e67c/01M48AGCET15Z951PCQ4YNDYRJ/.v/spawn-home
HERDR command: status --json --session fm-lab-e2
FM_HOME=/home/node/.no-mistakes/worktrees/450411b3e67c/01M48AGCET15Z951PCQ4YNDYRJ/.v/spawn-home
HERDR command: status --json --session fm-lab-e2
FM_HOME=/home/node/.no-mistakes/worktrees/450411b3e67c/01M48AGCET15Z951PCQ4YNDYRJ/.v/spawn-home
HERDR command: pane read w1:p2 --source recent --lines 200 --session fm-lab-e2
FM_HOME=/home/node/.no-mistakes/worktrees/450411b3e67c/01M48AGCET15Z951PCQ4YNDYRJ/.v/spawn-home
HERDR command: pane read w1:p4 --source recent --lines 200 --session fm-lab-e2
FM_HOME=/home/node/.no-mistakes/worktrees/450411b3e67c/01M48AGCET15Z951PCQ4YNDYRJ/.v/spawn-home
HERDR command: status --json --session fm-lab-e2
FM_HOME=/home/node/.no-mistakes/worktrees/450411b3e67c/01M48AGCET15Z951PCQ4YNDYRJ/.v/spawn-home
HERDR command: status --json --session fm-lab-e2
FM_HOME=/home/node/.no-mistakes/worktrees/450411b3e67c/01M48AGCET15Z951PCQ4YNDYRJ/.v/spawn-home
HERDR command: agent get w1:p4 --session fm-lab-e2
FM_HOME=/home/node/.no-mistakes/worktrees/450411b3e67c/01M48AGCET15Z951PCQ4YNDYRJ/.v/spawn-home
HERDR command: status --json --session fm-lab-e2
FM_HOME=/home/node/.no-mistakes/worktrees/450411b3e67c/01M48AGCET15Z951PCQ4YNDYRJ/.v/spawn-home
HERDR command: pane read w1:p3 --source recent --lines 200 --session fm-lab-e2
FM_HOME=/home/node/.no-mistakes/worktrees/450411b3e67c/01M48AGCET15Z951PCQ4YNDYRJ/.v/spawn-home
HERDR command: status --json --session fm-lab-e2
FM_HOME=/home/node/.no-mistakes/worktrees/450411b3e67c/01M48AGCET15Z951PCQ4YNDYRJ/.v/spawn-home
HERDR command: agent get w1:p2 --session fm-lab-e2
FM_HOME=/home/node/.no-mistakes/worktrees/450411b3e67c/01M48AGCET15Z951PCQ4YNDYRJ/.v/spawn-home
HERDR command: agent get w1:p3 --session fm-lab-e2
FM_HOME=/home/node/.no-mistakes/worktrees/450411b3e67c/01M48AGCET15Z951PCQ4YNDYRJ/.v/spawn-home
HERDR command: status --json --session fm-lab-e2
FM_HOME=/home/node/.no-mistakes/worktrees/450411b3e67c/01M48AGCET15Z951PCQ4YNDYRJ/.v/spawn-home
HERDR command: pane run w1:p4 export\ GOTMPDIR=\'/home/node/.no-mistakes/worktrees/450411b3e67c/01M48AGCET15Z951PCQ4YNDYRJ/.v/spawn-home/state/ship-paths-only.tasktmp/gotmp\' --session fm-lab-e2
FM_HOME=/home/node/.no-mistakes/worktrees/450411b3e67c/01M48AGCET15Z951PCQ4YNDYRJ/.v/spawn-home
HERDR command: status --json --session fm-lab-e2
FM_HOME=/home/node/.no-mistakes/worktrees/450411b3e67c/01M48AGCET15Z951PCQ4YNDYRJ/.v/spawn-home
HERDR command: pane run w1:p4 export\ COMPACT_ADVISER_DISABLE=1 --session fm-lab-e2
FM_HOME=/home/node/.no-mistakes/worktrees/450411b3e67c/01M48AGCET15Z951PCQ4YNDYRJ/.v/spawn-home
HERDR command: status --json --session fm-lab-e2
FM_HOME=/home/node/.no-mistakes/worktrees/450411b3e67c/01M48AGCET15Z951PCQ4YNDYRJ/.v/spawn-home
HERDR command: pane run w1:p4 export\ FM_TASK_ID=ship-paths-only --session fm-lab-e2
FM_HOME=/home/node/.no-mistakes/worktrees/450411b3e67c/01M48AGCET15Z951PCQ4YNDYRJ/.v/spawn-home
HERDR command: status --json --session fm-lab-e2
FM_HOME=/home/node/.no-mistakes/worktrees/450411b3e67c/01M48AGCET15Z951PCQ4YNDYRJ/.v/spawn-home
HERDR command: pane send-text w1:p4 .\ \'/tmp/fm-ship-paths-only+225fc10db929241398488ecab5bc7b61357da0454bee5e18db2b2720920a857b/launch.s1791283632.1221171.18592.sh\' --session fm-lab-e2
FM_HOME=/home/node/.no-mistakes/worktrees/450411b3e67c/01M48AGCET15Z951PCQ4YNDYRJ/.v/spawn-home
HERDR command: status --json --session fm-lab-e2
FM_HOME=/home/node/.no-mistakes/worktrees/450411b3e67c/01M48AGCET15Z951PCQ4YNDYRJ/.v/spawn-home
HERDR command: pane send-keys w1:p4 enter --session fm-lab-e2
FM_HOME=/home/node/.no-mistakes/worktrees/450411b3e67c/01M48AGCET15Z951PCQ4YNDYRJ/.v/spawn-home
HERDR command: status --json --session fm-lab-e2
FM_HOME=/home/node/.no-mistakes/worktrees/450411b3e67c/01M48AGCET15Z951PCQ4YNDYRJ/.v/spawn-home
HERDR command: pane read w1:p4 --source recent --lines 200 --session fm-lab-e2
FM_HOME=/home/node/.no-mistakes/worktrees/450411b3e67c/01M48AGCET15Z951PCQ4YNDYRJ/.v/spawn-home
HERDR command: status --json --session fm-lab-e2
FM_HOME=/home/node/.no-mistakes/worktrees/450411b3e67c/01M48AGCET15Z951PCQ4YNDYRJ/.v/spawn-home
HERDR command: pane read w1:p4 --source recent --lines 200 --session fm-lab-e2
FM_HOME=/home/node/.no-mistakes/worktrees/450411b3e67c/01M48AGCET15Z951PCQ4YNDYRJ/.v/spawn-home
HERDR command: status --json --session fm-lab-e2
FM_HOME=/home/node/.no-mistakes/worktrees/450411b3e67c/01M48AGCET15Z951PCQ4YNDYRJ/.v/spawn-home
HERDR command: agent get w1:p4 --session fm-lab-e2
FM_HOME=/home/node/.no-mistakes/worktrees/450411b3e67c/01M48AGCET15Z951PCQ4YNDYRJ/.v/spawn-home
HERDR command: status --json --session fm-lab-e2
FM_HOME=/home/node/.no-mistakes/worktrees/450411b3e67c/01M48AGCET15Z951PCQ4YNDYRJ/.v/spawn-home
HERDR command: pane read w1:p4 --source recent --lines 200 --session fm-lab-e2
FM_HOME=/home/node/.no-mistakes/worktrees/450411b3e67c/01M48AGCET15Z951PCQ4YNDYRJ/.v/spawn-home
HERDR command: status --json --session fm-lab-e2
FM_HOME=/home/node/.no-mistakes/worktrees/450411b3e67c/01M48AGCET15Z951PCQ4YNDYRJ/.v/spawn-home
HERDR command: pane read w1:p4 --source recent --lines 200 --session fm-lab-e2
FM_HOME=/home/node/.no-mistakes/worktrees/450411b3e67c/01M48AGCET15Z951PCQ4YNDYRJ/.v/spawn-home
HERDR command: status --json --session fm-lab-e2
FM_HOME=/home/node/.no-mistakes/worktrees/450411b3e67c/01M48AGCET15Z951PCQ4YNDYRJ/.v/spawn-home
HERDR command: agent get w1:p4 --session fm-lab-e2
FM_HOME=/home/node/.no-mistakes/worktrees/450411b3e67c/01M48AGCET15Z951PCQ4YNDYRJ/.v/spawn-home
HERDR command: pane send-text w1:p2 export\ FM_SNAPSHOT_SCOPED_ENV=1\ FM_CREW_STATE_META_OVERRIDE=relaunch-poison-FM_CREW_STATE_META_OVERRIDE\ FM_CREW_STATE_STATUS_OVERRIDE=relaunch-poison-FM_CREW_STATE_STATUS_OVERRIDE\ FM_HOME_SUMMARY_IF_IDLE=relaunch-poison-FM_HOME_SUMMARY_IF_IDLE\ FM_HOME_SUMMARY_WORKER_BEST_EFFORT=relaunch-poison-FM_HOME_SUMMARY_WORKER_BEST_EFFORT\ FM_HOME_SUMMARY_PARENT_ERROR=relaunch-poison-FM_HOME_SUMMARY_PARENT_ERROR\ FM_HOME_SUMMARY_PARENT_STAMP=relaunch-poison-FM_HOME_SUMMARY_PARENT_STAMP\ FM_ROOT_OVERRIDE=relaunch-poison-FM_ROOT_OVERRIDE\ FM_STATE_OVERRIDE=relaunch-poison-FM_STATE_OVERRIDE\ FM_DATA_OVERRIDE=relaunch-poison-FM_DATA_OVERRIDE\ FM_PROJECTS_OVERRIDE=relaunch-poison-FM_PROJECTS_OVERRIDE\ FM_CONFIG_OVERRIDE=relaunch-poison-FM_CONFIG_OVERRIDE --session fm-lab-e2
FM_HOME=/home/node/.no-mistakes/worktrees/450411b3e67c/01M48AGCET15Z951PCQ4YNDYRJ/.v/spawn-home
HERDR command: pane send-keys w1:p2 enter --session fm-lab-e2
FM_HOME=/home/node/.no-mistakes/worktrees/450411b3e67c/01M48AGCET15Z951PCQ4YNDYRJ/.v/spawn-home
HERDR command: pane get w1:p2 --session fm-lab-e2
FM_HOME=/home/node/.no-mistakes/worktrees/450411b3e67c/01M48AGCET15Z951PCQ4YNDYRJ/.v/spawn-home
HERDR command: agent get w1:p2 --session fm-lab-e2
FM_HOME=/home/node/.no-mistakes/worktrees/450411b3e67c/01M48AGCET15Z951PCQ4YNDYRJ/.v/spawn-home
HERDR command: status --json --session fm-lab-e2
FM_HOME=/home/node/.no-mistakes/worktrees/450411b3e67c/01M48AGCET15Z951PCQ4YNDYRJ/.v/spawn-home
HERDR command: pane get w1:p2 --session fm-lab-e2
FM_HOME=/home/node/.no-mistakes/worktrees/450411b3e67c/01M48AGCET15Z951PCQ4YNDYRJ/.v/spawn-home
HERDR command: status --json --session fm-lab-e2
FM_HOME=/home/node/.no-mistakes/worktrees/450411b3e67c/01M48AGCET15Z951PCQ4YNDYRJ/.v/spawn-home
HERDR command: pane run w1:p2 cd\ --\ \'/home/node/.no-mistakes/worktrees/450411b3e67c/01M48AGCET15Z951PCQ4YNDYRJ/.v/home/.treehouse/spawn-project-acaec3/1/spawn-project\' --session fm-lab-e2
FM_HOME=/home/node/.no-mistakes/worktrees/450411b3e67c/01M48AGCET15Z951PCQ4YNDYRJ/.v/spawn-home
HERDR command: status --json --session fm-lab-e2
FM_HOME=/home/node/.no-mistakes/worktrees/450411b3e67c/01M48AGCET15Z951PCQ4YNDYRJ/.v/spawn-home
HERDR command: pane get w1:p2 --session fm-lab-e2
FM_HOME=/home/node/.no-mistakes/worktrees/450411b3e67c/01M48AGCET15Z951PCQ4YNDYRJ/.v/spawn-home
HERDR command: pane get w1:p4 --session fm-lab-e2
FM_ROOT_OVERRIDE=/home/node/.no-mistakes/worktrees/450411b3e67c/01M48AGCET15Z951PCQ4YNDYRJ/.v/runtime
FM_STATE_OVERRIDE=/home/node/.no-mistakes/worktrees/450411b3e67c/01M48AGCET15Z951PCQ4YNDYRJ/.v/spawn-home/state
FM_DATA_OVERRIDE=/home/node/.no-mistakes/worktrees/450411b3e67c/01M48AGCET15Z951PCQ4YNDYRJ/.v/spawn-home/data
FM_PROJECTS_OVERRIDE=/home/node/.no-mistakes/worktrees/450411b3e67c/01M48AGCET15Z951PCQ4YNDYRJ/.v/spawn-home/projects
FM_CONFIG_OVERRIDE=/home/node/.no-mistakes/worktrees/450411b3e67c/01M48AGCET15Z951PCQ4YNDYRJ/.v/spawn-home/config
FM_HOME=/home/node/.no-mistakes/worktrees/450411b3e67c/01M48AGCET15Z951PCQ4YNDYRJ/.v/spawn-home
HERDR command: pane get w1:p3 --session fm-lab-e2
FM_ROOT_OVERRIDE=/home/node/.no-mistakes/worktrees/450411b3e67c/01M48AGCET15Z951PCQ4YNDYRJ/.v/runtime
FM_STATE_OVERRIDE=/home/node/.no-mistakes/worktrees/450411b3e67c/01M48AGCET15Z951PCQ4YNDYRJ/.v/spawn-home/state
FM_DATA_OVERRIDE=/home/node/.no-mistakes/worktrees/450411b3e67c/01M48AGCET15Z951PCQ4YNDYRJ/.v/spawn-home/data
FM_PROJECTS_OVERRIDE=/home/node/.no-mistakes/worktrees/450411b3e67c/01M48AGCET15Z951PCQ4YNDYRJ/.v/spawn-home/projects
FM_CONFIG_OVERRIDE=/home/node/.no-mistakes/worktrees/450411b3e67c/01M48AGCET15Z951PCQ4YNDYRJ/.v/spawn-home/config
FM_HOME=/home/node/.no-mistakes/worktrees/450411b3e67c/01M48AGCET15Z951PCQ4YNDYRJ/.v/spawn-home
HERDR command: pane get w1:p2 --session fm-lab-e2
FM_ROOT_OVERRIDE=/home/node/.no-mistakes/worktrees/450411b3e67c/01M48AGCET15Z951PCQ4YNDYRJ/.v/runtime
FM_STATE_OVERRIDE=/home/node/.no-mistakes/worktrees/450411b3e67c/01M48AGCET15Z951PCQ4YNDYRJ/.v/spawn-home/state
FM_DATA_OVERRIDE=/home/node/.no-mistakes/worktrees/450411b3e67c/01M48AGCET15Z951PCQ4YNDYRJ/.v/spawn-home/data
FM_PROJECTS_OVERRIDE=/home/node/.no-mistakes/worktrees/450411b3e67c/01M48AGCET15Z951PCQ4YNDYRJ/.v/spawn-home/projects
FM_CONFIG_OVERRIDE=/home/node/.no-mistakes/worktrees/450411b3e67c/01M48AGCET15Z951PCQ4YNDYRJ/.v/spawn-home/config
FM_HOME=/home/node/.no-mistakes/worktrees/450411b3e67c/01M48AGCET15Z951PCQ4YNDYRJ/.v/spawn-home
HERDR command: status --json --session fm-lab-e2
FM_HOME=/home/node/.no-mistakes/worktrees/450411b3e67c/01M48AGCET15Z951PCQ4YNDYRJ/.v/spawn-home
HERDR command: status --json --session fm-lab-e2
FM_HOME=/home/node/.no-mistakes/worktrees/450411b3e67c/01M48AGCET15Z951PCQ4YNDYRJ/.v/spawn-home
HERDR command: status --json --session fm-lab-e2
FM_HOME=/home/node/.no-mistakes/worktrees/450411b3e67c/01M48AGCET15Z951PCQ4YNDYRJ/.v/spawn-home
HERDR command: pane read w1:p3 --source recent --lines 200 --session fm-lab-e2
FM_HOME=/home/node/.no-mistakes/worktrees/450411b3e67c/01M48AGCET15Z951PCQ4YNDYRJ/.v/spawn-home
HERDR command: pane read w1:p4 --source recent --lines 200 --session fm-lab-e2
FM_HOME=/home/node/.no-mistakes/worktrees/450411b3e67c/01M48AGCET15Z951PCQ4YNDYRJ/.v/spawn-home
HERDR command: status --json --session fm-lab-e2
FM_HOME=/home/node/.no-mistakes/worktrees/450411b3e67c/01M48AGCET15Z951PCQ4YNDYRJ/.v/spawn-home
HERDR command: status --json --session fm-lab-e2
FM_HOME=/home/node/.no-mistakes/worktrees/450411b3e67c/01M48AGCET15Z951PCQ4YNDYRJ/.v/spawn-home
HERDR command: pane read w1:p3 --source recent --lines 200 --session fm-lab-e2
FM_HOME=/home/node/.no-mistakes/worktrees/450411b3e67c/01M48AGCET15Z951PCQ4YNDYRJ/.v/spawn-home
HERDR command: pane read w1:p4 --source recent --lines 200 --session fm-lab-e2
FM_HOME=/home/node/.no-mistakes/worktrees/450411b3e67c/01M48AGCET15Z951PCQ4YNDYRJ/.v/spawn-home
HERDR command: status --json --session fm-lab-e2
FM_HOME=/home/node/.no-mistakes/worktrees/450411b3e67c/01M48AGCET15Z951PCQ4YNDYRJ/.v/spawn-home
HERDR command: status --json --session fm-lab-e2
FM_HOME=/home/node/.no-mistakes/worktrees/450411b3e67c/01M48AGCET15Z951PCQ4YNDYRJ/.v/spawn-home
HERDR command: agent get w1:p3 --session fm-lab-e2
FM_HOME=/home/node/.no-mistakes/worktrees/450411b3e67c/01M48AGCET15Z951PCQ4YNDYRJ/.v/spawn-home
HERDR command: agent get w1:p4 --session fm-lab-e2
FM_HOME=/home/node/.no-mistakes/worktrees/450411b3e67c/01M48AGCET15Z951PCQ4YNDYRJ/.v/spawn-home
HERDR command: pane read w1:p2 --source recent --lines 200 --session fm-lab-e2
FM_HOME=/home/node/.no-mistakes/worktrees/450411b3e67c/01M48AGCET15Z951PCQ4YNDYRJ/.v/spawn-home
HERDR command: status --json --session fm-lab-e2
FM_HOME=/home/node/.no-mistakes/worktrees/450411b3e67c/01M48AGCET15Z951PCQ4YNDYRJ/.v/spawn-home
HERDR command: pane read w1:p2 --source recent --lines 200 --session fm-lab-e2
FM_HOME=/home/node/.no-mistakes/worktrees/450411b3e67c/01M48AGCET15Z951PCQ4YNDYRJ/.v/spawn-home
HERDR command: status --json --session fm-lab-e2
FM_HOME=/home/node/.no-mistakes/worktrees/450411b3e67c/01M48AGCET15Z951PCQ4YNDYRJ/.v/spawn-home
HERDR command: agent get w1:p2 --session fm-lab-e2
FM_HOME=/home/node/.no-mistakes/worktrees/450411b3e67c/01M48AGCET15Z951PCQ4YNDYRJ/.v/spawn-home
HERDR command: agent get w1:p2 --session fm-lab-e2
FM_HOME=/home/node/.no-mistakes/worktrees/450411b3e67c/01M48AGCET15Z951PCQ4YNDYRJ/.v/spawn-home
HERDR command: status --json --session fm-lab-e2
FM_HOME=/home/node/.no-mistakes/worktrees/450411b3e67c/01M48AGCET15Z951PCQ4YNDYRJ/.v/spawn-home
HERDR command: pane run w1:p2 export\ GOTMPDIR=\'/home/node/.no-mistakes/worktrees/450411b3e67c/01M48AGCET15Z951PCQ4YNDYRJ/.v/spawn-home/state/ship-absent.tasktmp/gotmp\' --session fm-lab-e2
FM_HOME=/home/node/.no-mistakes/worktrees/450411b3e67c/01M48AGCET15Z951PCQ4YNDYRJ/.v/spawn-home
HERDR command: status --json --session fm-lab-e2
FM_HOME=/home/node/.no-mistakes/worktrees/450411b3e67c/01M48AGCET15Z951PCQ4YNDYRJ/.v/spawn-home
HERDR command: pane run w1:p2 export\ COMPACT_ADVISER_DISABLE=1 --session fm-lab-e2
FM_HOME=/home/node/.no-mistakes/worktrees/450411b3e67c/01M48AGCET15Z951PCQ4YNDYRJ/.v/spawn-home
HERDR command: status --json --session fm-lab-e2
FM_HOME=/home/node/.no-mistakes/worktrees/450411b3e67c/01M48AGCET15Z951PCQ4YNDYRJ/.v/spawn-home
HERDR command: pane run w1:p2 export\ FM_TASK_ID=ship-absent --session fm-lab-e2
FM_HOME=/home/node/.no-mistakes/worktrees/450411b3e67c/01M48AGCET15Z951PCQ4YNDYRJ/.v/spawn-home
HERDR command: status --json --session fm-lab-e2
FM_HOME=/home/node/.no-mistakes/worktrees/450411b3e67c/01M48AGCET15Z951PCQ4YNDYRJ/.v/spawn-home
HERDR command: pane send-text w1:p2 .\ \'/tmp/fm-ship-absent+225fc10db929241398488ecab5bc7b61357da0454bee5e18db2b2720920a857b/launch.s1791283636.1223500.15397.sh\' --session fm-lab-e2
FM_HOME=/home/node/.no-mistakes/worktrees/450411b3e67c/01M48AGCET15Z951PCQ4YNDYRJ/.v/spawn-home
HERDR command: status --json --session fm-lab-e2
FM_HOME=/home/node/.no-mistakes/worktrees/450411b3e67c/01M48AGCET15Z951PCQ4YNDYRJ/.v/spawn-home
HERDR command: pane send-keys w1:p2 enter --session fm-lab-e2
FM_HOME=/home/node/.no-mistakes/worktrees/450411b3e67c/01M48AGCET15Z951PCQ4YNDYRJ/.v/spawn-home
HERDR command: status --json --session fm-lab-e2
FM_HOME=/home/node/.no-mistakes/worktrees/450411b3e67c/01M48AGCET15Z951PCQ4YNDYRJ/.v/spawn-home
HERDR command: pane read w1:p2 --source recent --lines 200 --session fm-lab-e2
FM_HOME=/home/node/.no-mistakes/worktrees/450411b3e67c/01M48AGCET15Z951PCQ4YNDYRJ/.v/spawn-home
HERDR command: status --json --session fm-lab-e2
FM_HOME=/home/node/.no-mistakes/worktrees/450411b3e67c/01M48AGCET15Z951PCQ4YNDYRJ/.v/spawn-home
HERDR command: pane read w1:p2 --source recent --lines 200 --session fm-lab-e2
FM_HOME=/home/node/.no-mistakes/worktrees/450411b3e67c/01M48AGCET15Z951PCQ4YNDYRJ/.v/spawn-home
HERDR command: status --json --session fm-lab-e2
FM_HOME=/home/node/.no-mistakes/worktrees/450411b3e67c/01M48AGCET15Z951PCQ4YNDYRJ/.v/spawn-home
HERDR command: agent get w1:p2 --session fm-lab-e2
FM_HOME=/home/node/.no-mistakes/worktrees/450411b3e67c/01M48AGCET15Z951PCQ4YNDYRJ/.v/spawn-home
HERDR command: status --json --session fm-lab-e2
FM_HOME=/home/node/.no-mistakes/worktrees/450411b3e67c/01M48AGCET15Z951PCQ4YNDYRJ/.v/spawn-home
HERDR command: pane read w1:p2 --source recent --lines 200 --session fm-lab-e2
FM_HOME=/home/node/.no-mistakes/worktrees/450411b3e67c/01M48AGCET15Z951PCQ4YNDYRJ/.v/spawn-home
HERDR command: status --json --session fm-lab-e2
FM_HOME=/home/node/.no-mistakes/worktrees/450411b3e67c/01M48AGCET15Z951PCQ4YNDYRJ/.v/spawn-home
HERDR command: pane read w1:p2 --source recent --lines 200 --session fm-lab-e2
FM_HOME=/home/node/.no-mistakes/worktrees/450411b3e67c/01M48AGCET15Z951PCQ4YNDYRJ/.v/spawn-home
HERDR command: status --json --session fm-lab-e2
FM_HOME=/home/node/.no-mistakes/worktrees/450411b3e67c/01M48AGCET15Z951PCQ4YNDYRJ/.v/spawn-home
HERDR command: agent get w1:p2 --session fm-lab-e2
FM_HOME=/home/node/.no-mistakes/worktrees/450411b3e67c/01M48AGCET15Z951PCQ4YNDYRJ/.v/spawn-home
HERDR command: pane send-text w1:p2 export\ FM_ROOT_OVERRIDE=/home/node/.no-mistakes/worktrees/450411b3e67c/01M48AGCET15Z951PCQ4YNDYRJ/.v/runtime\ FM_STATE_OVERRIDE=/home/node/.no-mistakes/worktrees/450411b3e67c/01M48AGCET15Z951PCQ4YNDYRJ/.v/spawn-home/state\ FM_DATA_OVERRIDE=/home/node/.no-mistakes/worktrees/450411b3e67c/01M48AGCET15Z951PCQ4YNDYRJ/.v/spawn-home/data\ FM_PROJECTS_OVERRIDE=/home/node/.no-mistakes/worktrees/450411b3e67c/01M48AGCET15Z951PCQ4YNDYRJ/.v/spawn-home/projects\ FM_CONFIG_OVERRIDE=/home/node/.no-mistakes/worktrees/450411b3e67c/01M48AGCET15Z951PCQ4YNDYRJ/.v/spawn-home/config\ FM_SNAPSHOT_SCOPED_ENV=0 --session fm-lab-e2
FM_HOME=/home/node/.no-mistakes/worktrees/450411b3e67c/01M48AGCET15Z951PCQ4YNDYRJ/.v/spawn-home
HERDR command: pane send-keys w1:p2 enter --session fm-lab-e2
FM_HOME=/home/node/.no-mistakes/worktrees/450411b3e67c/01M48AGCET15Z951PCQ4YNDYRJ/.v/spawn-home
HERDR command: pane get w1:p2 --session fm-lab-e2
FM_HOME=/home/node/.no-mistakes/worktrees/450411b3e67c/01M48AGCET15Z951PCQ4YNDYRJ/.v/spawn-home
HERDR command: agent get w1:p2 --session fm-lab-e2
FM_HOME=/home/node/.no-mistakes/worktrees/450411b3e67c/01M48AGCET15Z951PCQ4YNDYRJ/.v/spawn-home
HERDR command: status --json --session fm-lab-e2
FM_HOME=/home/node/.no-mistakes/worktrees/450411b3e67c/01M48AGCET15Z951PCQ4YNDYRJ/.v/spawn-home
HERDR command: pane get w1:p2 --session fm-lab-e2
FM_HOME=/home/node/.no-mistakes/worktrees/450411b3e67c/01M48AGCET15Z951PCQ4YNDYRJ/.v/spawn-home
HERDR command: status --json --session fm-lab-e2
FM_HOME=/home/node/.no-mistakes/worktrees/450411b3e67c/01M48AGCET15Z951PCQ4YNDYRJ/.v/spawn-home
HERDR command: pane run w1:p2 cd\ --\ \'/home/node/.no-mistakes/worktrees/450411b3e67c/01M48AGCET15Z951PCQ4YNDYRJ/.v/home/.treehouse/spawn-project-acaec3/1/spawn-project\' --session fm-lab-e2
FM_HOME=/home/node/.no-mistakes/worktrees/450411b3e67c/01M48AGCET15Z951PCQ4YNDYRJ/.v/spawn-home
HERDR command: status --json --session fm-lab-e2
FM_HOME=/home/node/.no-mistakes/worktrees/450411b3e67c/01M48AGCET15Z951PCQ4YNDYRJ/.v/spawn-home
HERDR command: pane get w1:p2 --session fm-lab-e2
FM_HOME=/home/node/.no-mistakes/worktrees/450411b3e67c/01M48AGCET15Z951PCQ4YNDYRJ/.v/spawn-home
HERDR command: pane get w1:p2 --session fm-lab-e2
FM_ROOT_OVERRIDE=/home/node/.no-mistakes/worktrees/450411b3e67c/01M48AGCET15Z951PCQ4YNDYRJ/.v/runtime
FM_STATE_OVERRIDE=/home/node/.no-mistakes/worktrees/450411b3e67c/01M48AGCET15Z951PCQ4YNDYRJ/.v/spawn-home/state
FM_DATA_OVERRIDE=/home/node/.no-mistakes/worktrees/450411b3e67c/01M48AGCET15Z951PCQ4YNDYRJ/.v/spawn-home/data
FM_PROJECTS_OVERRIDE=/home/node/.no-mistakes/worktrees/450411b3e67c/01M48AGCET15Z951PCQ4YNDYRJ/.v/spawn-home/projects
FM_CONFIG_OVERRIDE=/home/node/.no-mistakes/worktrees/450411b3e67c/01M48AGCET15Z951PCQ4YNDYRJ/.v/spawn-home/config
FM_HOME=/home/node/.no-mistakes/worktrees/450411b3e67c/01M48AGCET15Z951PCQ4YNDYRJ/.v/spawn-home
HERDR command: pane get w1:p4 --session fm-lab-e2
FM_ROOT_OVERRIDE=/home/node/.no-mistakes/worktrees/450411b3e67c/01M48AGCET15Z951PCQ4YNDYRJ/.v/runtime
FM_STATE_OVERRIDE=/home/node/.no-mistakes/worktrees/450411b3e67c/01M48AGCET15Z951PCQ4YNDYRJ/.v/spawn-home/state
FM_DATA_OVERRIDE=/home/node/.no-mistakes/worktrees/450411b3e67c/01M48AGCET15Z951PCQ4YNDYRJ/.v/spawn-home/data
FM_PROJECTS_OVERRIDE=/home/node/.no-mistakes/worktrees/450411b3e67c/01M48AGCET15Z951PCQ4YNDYRJ/.v/spawn-home/projects
FM_CONFIG_OVERRIDE=/home/node/.no-mistakes/worktrees/450411b3e67c/01M48AGCET15Z951PCQ4YNDYRJ/.v/spawn-home/config
FM_HOME=/home/node/.no-mistakes/worktrees/450411b3e67c/01M48AGCET15Z951PCQ4YNDYRJ/.v/spawn-home
HERDR command: pane get w1:p3 --session fm-lab-e2
FM_ROOT_OVERRIDE=/home/node/.no-mistakes/worktrees/450411b3e67c/01M48AGCET15Z951PCQ4YNDYRJ/.v/runtime
FM_STATE_OVERRIDE=/home/node/.no-mistakes/worktrees/450411b3e67c/01M48AGCET15Z951PCQ4YNDYRJ/.v/spawn-home/state
FM_DATA_OVERRIDE=/home/node/.no-mistakes/worktrees/450411b3e67c/01M48AGCET15Z951PCQ4YNDYRJ/.v/spawn-home/data
FM_PROJECTS_OVERRIDE=/home/node/.no-mistakes/worktrees/450411b3e67c/01M48AGCET15Z951PCQ4YNDYRJ/.v/spawn-home/projects
FM_CONFIG_OVERRIDE=/home/node/.no-mistakes/worktrees/450411b3e67c/01M48AGCET15Z951PCQ4YNDYRJ/.v/spawn-home/config
FM_HOME=/home/node/.no-mistakes/worktrees/450411b3e67c/01M48AGCET15Z951PCQ4YNDYRJ/.v/spawn-home
HERDR command: status --json --session fm-lab-e2
FM_HOME=/home/node/.no-mistakes/worktrees/450411b3e67c/01M48AGCET15Z951PCQ4YNDYRJ/.v/spawn-home
HERDR command: status --json --session fm-lab-e2
FM_HOME=/home/node/.no-mistakes/worktrees/450411b3e67c/01M48AGCET15Z951PCQ4YNDYRJ/.v/spawn-home
HERDR command: status --json --session fm-lab-e2
FM_HOME=/home/node/.no-mistakes/worktrees/450411b3e67c/01M48AGCET15Z951PCQ4YNDYRJ/.v/spawn-home
HERDR command: pane read w1:p4 --source recent --lines 200 --session fm-lab-e2
FM_HOME=/home/node/.no-mistakes/worktrees/450411b3e67c/01M48AGCET15Z951PCQ4YNDYRJ/.v/spawn-home
HERDR command: status --json --session fm-lab-e2
FM_HOME=/home/node/.no-mistakes/worktrees/450411b3e67c/01M48AGCET15Z951PCQ4YNDYRJ/.v/spawn-home
HERDR command: pane read w1:p4 --source recent --lines 200 --session fm-lab-e2
FM_HOME=/home/node/.no-mistakes/worktrees/450411b3e67c/01M48AGCET15Z951PCQ4YNDYRJ/.v/spawn-home
HERDR command: status --json --session fm-lab-e2
FM_HOME=/home/node/.no-mistakes/worktrees/450411b3e67c/01M48AGCET15Z951PCQ4YNDYRJ/.v/spawn-home
HERDR command: pane read w1:p3 --source recent --lines 200 --session fm-lab-e2
FM_HOME=/home/node/.no-mistakes/worktrees/450411b3e67c/01M48AGCET15Z951PCQ4YNDYRJ/.v/spawn-home
HERDR command: agent get w1:p4 --session fm-lab-e2
FM_HOME=/home/node/.no-mistakes/worktrees/450411b3e67c/01M48AGCET15Z951PCQ4YNDYRJ/.v/spawn-home
HERDR command: pane read w1:p2 --source recent --lines 200 --session fm-lab-e2
FM_HOME=/home/node/.no-mistakes/worktrees/450411b3e67c/01M48AGCET15Z951PCQ4YNDYRJ/.v/spawn-home
HERDR command: status --json --session fm-lab-e2
FM_HOME=/home/node/.no-mistakes/worktrees/450411b3e67c/01M48AGCET15Z951PCQ4YNDYRJ/.v/spawn-home
HERDR command: pane read w1:p3 --source recent --lines 200 --session fm-lab-e2
FM_HOME=/home/node/.no-mistakes/worktrees/450411b3e67c/01M48AGCET15Z951PCQ4YNDYRJ/.v/spawn-home
HERDR command: status --json --session fm-lab-e2
FM_HOME=/home/node/.no-mistakes/worktrees/450411b3e67c/01M48AGCET15Z951PCQ4YNDYRJ/.v/spawn-home
HERDR command: agent get w1:p3 --session fm-lab-e2
FM_HOME=/home/node/.no-mistakes/worktrees/450411b3e67c/01M48AGCET15Z951PCQ4YNDYRJ/.v/spawn-home
HERDR command: status --json --session fm-lab-e2
FM_HOME=/home/node/.no-mistakes/worktrees/450411b3e67c/01M48AGCET15Z951PCQ4YNDYRJ/.v/spawn-home
HERDR command: pane read w1:p2 --source recent --lines 200 --session fm-lab-e2
FM_HOME=/home/node/.no-mistakes/worktrees/450411b3e67c/01M48AGCET15Z951PCQ4YNDYRJ/.v/spawn-home
HERDR command: status --json --session fm-lab-e2
FM_HOME=/home/node/.no-mistakes/worktrees/450411b3e67c/01M48AGCET15Z951PCQ4YNDYRJ/.v/spawn-home
HERDR command: agent get w1:p2 --session fm-lab-e2
FM_HOME=/home/node/.no-mistakes/worktrees/450411b3e67c/01M48AGCET15Z951PCQ4YNDYRJ/.v/spawn-home
HERDR command: agent get w1:p2 --session fm-lab-e2
FM_HOME=/home/node/.no-mistakes/worktrees/450411b3e67c/01M48AGCET15Z951PCQ4YNDYRJ/.v/spawn-home
HERDR command: status --json --session fm-lab-e2
FM_HOME=/home/node/.no-mistakes/worktrees/450411b3e67c/01M48AGCET15Z951PCQ4YNDYRJ/.v/spawn-home
HERDR command: pane run w1:p2 export\ GOTMPDIR=\'/home/node/.no-mistakes/worktrees/450411b3e67c/01M48AGCET15Z951PCQ4YNDYRJ/.v/spawn-home/state/ship-absent.tasktmp/gotmp\' --session fm-lab-e2
FM_HOME=/home/node/.no-mistakes/worktrees/450411b3e67c/01M48AGCET15Z951PCQ4YNDYRJ/.v/spawn-home
HERDR command: status --json --session fm-lab-e2
FM_HOME=/home/node/.no-mistakes/worktrees/450411b3e67c/01M48AGCET15Z951PCQ4YNDYRJ/.v/spawn-home
HERDR command: pane run w1:p2 export\ COMPACT_ADVISER_DISABLE=1 --session fm-lab-e2
FM_HOME=/home/node/.no-mistakes/worktrees/450411b3e67c/01M48AGCET15Z951PCQ4YNDYRJ/.v/spawn-home
HERDR command: status --json --session fm-lab-e2
FM_HOME=/home/node/.no-mistakes/worktrees/450411b3e67c/01M48AGCET15Z951PCQ4YNDYRJ/.v/spawn-home
HERDR command: pane run w1:p2 export\ FM_TASK_ID=ship-absent --session fm-lab-e2
FM_HOME=/home/node/.no-mistakes/worktrees/450411b3e67c/01M48AGCET15Z951PCQ4YNDYRJ/.v/spawn-home
HERDR command: status --json --session fm-lab-e2
FM_HOME=/home/node/.no-mistakes/worktrees/450411b3e67c/01M48AGCET15Z951PCQ4YNDYRJ/.v/spawn-home
HERDR command: pane send-text w1:p2 .\ \'/tmp/fm-ship-absent+225fc10db929241398488ecab5bc7b61357da0454bee5e18db2b2720920a857b/launch.s1791283640.1225680.20161.sh\' --session fm-lab-e2
FM_HOME=/home/node/.no-mistakes/worktrees/450411b3e67c/01M48AGCET15Z951PCQ4YNDYRJ/.v/spawn-home
HERDR command: status --json --session fm-lab-e2
FM_HOME=/home/node/.no-mistakes/worktrees/450411b3e67c/01M48AGCET15Z951PCQ4YNDYRJ/.v/spawn-home
HERDR command: pane send-keys w1:p2 enter --session fm-lab-e2
FM_HOME=/home/node/.no-mistakes/worktrees/450411b3e67c/01M48AGCET15Z951PCQ4YNDYRJ/.v/spawn-home
HERDR command: status --json --session fm-lab-e2
FM_ROOT_OVERRIDE=/home/node/.no-mistakes/worktrees/450411b3e67c/01M48AGCET15Z951PCQ4YNDYRJ/.v/runtime
FM_STATE_OVERRIDE=/home/node/.no-mistakes/worktrees/450411b3e67c/01M48AGCET15Z951PCQ4YNDYRJ/.v/spawn-home/state
FM_DATA_OVERRIDE=/home/node/.no-mistakes/worktrees/450411b3e67c/01M48AGCET15Z951PCQ4YNDYRJ/.v/spawn-home/data
FM_PROJECTS_OVERRIDE=/home/node/.no-mistakes/worktrees/450411b3e67c/01M48AGCET15Z951PCQ4YNDYRJ/.v/spawn-home/projects
FM_CONFIG_OVERRIDE=/home/node/.no-mistakes/worktrees/450411b3e67c/01M48AGCET15Z951PCQ4YNDYRJ/.v/spawn-home/config
FM_HOME=/home/node/.no-mistakes/worktrees/450411b3e67c/01M48AGCET15Z951PCQ4YNDYRJ/.v/spawn-home
HERDR command: pane read w1:p2 --source recent --lines 200 --session fm-lab-e2
FM_ROOT_OVERRIDE=/home/node/.no-mistakes/worktrees/450411b3e67c/01M48AGCET15Z951PCQ4YNDYRJ/.v/runtime
FM_STATE_OVERRIDE=/home/node/.no-mistakes/worktrees/450411b3e67c/01M48AGCET15Z951PCQ4YNDYRJ/.v/spawn-home/state
FM_DATA_OVERRIDE=/home/node/.no-mistakes/worktrees/450411b3e67c/01M48AGCET15Z951PCQ4YNDYRJ/.v/spawn-home/data
FM_PROJECTS_OVERRIDE=/home/node/.no-mistakes/worktrees/450411b3e67c/01M48AGCET15Z951PCQ4YNDYRJ/.v/spawn-home/projects
FM_CONFIG_OVERRIDE=/home/node/.no-mistakes/worktrees/450411b3e67c/01M48AGCET15Z951PCQ4YNDYRJ/.v/spawn-home/config
FM_HOME=/home/node/.no-mistakes/worktrees/450411b3e67c/01M48AGCET15Z951PCQ4YNDYRJ/.v/spawn-home
HERDR command: status --json --session fm-lab-e2
FM_ROOT_OVERRIDE=/home/node/.no-mistakes/worktrees/450411b3e67c/01M48AGCET15Z951PCQ4YNDYRJ/.v/runtime
FM_STATE_OVERRIDE=/home/node/.no-mistakes/worktrees/450411b3e67c/01M48AGCET15Z951PCQ4YNDYRJ/.v/spawn-home/state
FM_DATA_OVERRIDE=/home/node/.no-mistakes/worktrees/450411b3e67c/01M48AGCET15Z951PCQ4YNDYRJ/.v/spawn-home/data
FM_PROJECTS_OVERRIDE=/home/node/.no-mistakes/worktrees/450411b3e67c/01M48AGCET15Z951PCQ4YNDYRJ/.v/spawn-home/projects
FM_CONFIG_OVERRIDE=/home/node/.no-mistakes/worktrees/450411b3e67c/01M48AGCET15Z951PCQ4YNDYRJ/.v/spawn-home/config
FM_HOME=/home/node/.no-mistakes/worktrees/450411b3e67c/01M48AGCET15Z951PCQ4YNDYRJ/.v/spawn-home
HERDR command: pane read w1:p2 --source recent --lines 200 --session fm-lab-e2
FM_ROOT_OVERRIDE=/home/node/.no-mistakes/worktrees/450411b3e67c/01M48AGCET15Z951PCQ4YNDYRJ/.v/runtime
FM_STATE_OVERRIDE=/home/node/.no-mistakes/worktrees/450411b3e67c/01M48AGCET15Z951PCQ4YNDYRJ/.v/spawn-home/state
FM_DATA_OVERRIDE=/home/node/.no-mistakes/worktrees/450411b3e67c/01M48AGCET15Z951PCQ4YNDYRJ/.v/spawn-home/data
FM_PROJECTS_OVERRIDE=/home/node/.no-mistakes/worktrees/450411b3e67c/01M48AGCET15Z951PCQ4YNDYRJ/.v/spawn-home/projects
FM_CONFIG_OVERRIDE=/home/node/.no-mistakes/worktrees/450411b3e67c/01M48AGCET15Z951PCQ4YNDYRJ/.v/spawn-home/config
FM_HOME=/home/node/.no-mistakes/worktrees/450411b3e67c/01M48AGCET15Z951PCQ4YNDYRJ/.v/spawn-home
HERDR command: status --json --session fm-lab-e2
FM_ROOT_OVERRIDE=/home/node/.no-mistakes/worktrees/450411b3e67c/01M48AGCET15Z951PCQ4YNDYRJ/.v/runtime
FM_STATE_OVERRIDE=/home/node/.no-mistakes/worktrees/450411b3e67c/01M48AGCET15Z951PCQ4YNDYRJ/.v/spawn-home/state
FM_DATA_OVERRIDE=/home/node/.no-mistakes/worktrees/450411b3e67c/01M48AGCET15Z951PCQ4YNDYRJ/.v/spawn-home/data
FM_PROJECTS_OVERRIDE=/home/node/.no-mistakes/worktrees/450411b3e67c/01M48AGCET15Z951PCQ4YNDYRJ/.v/spawn-home/projects
FM_CONFIG_OVERRIDE=/home/node/.no-mistakes/worktrees/450411b3e67c/01M48AGCET15Z951PCQ4YNDYRJ/.v/spawn-home/config
FM_HOME=/home/node/.no-mistakes/worktrees/450411b3e67c/01M48AGCET15Z951PCQ4YNDYRJ/.v/spawn-home
HERDR command: agent get w1:p2 --session fm-lab-e2
FM_ROOT_OVERRIDE=/home/node/.no-mistakes/worktrees/450411b3e67c/01M48AGCET15Z951PCQ4YNDYRJ/.v/runtime
FM_STATE_OVERRIDE=/home/node/.no-mistakes/worktrees/450411b3e67c/01M48AGCET15Z951PCQ4YNDYRJ/.v/spawn-home/state
FM_DATA_OVERRIDE=/home/node/.no-mistakes/worktrees/450411b3e67c/01M48AGCET15Z951PCQ4YNDYRJ/.v/spawn-home/data
FM_PROJECTS_OVERRIDE=/home/node/.no-mistakes/worktrees/450411b3e67c/01M48AGCET15Z951PCQ4YNDYRJ/.v/spawn-home/projects
FM_CONFIG_OVERRIDE=/home/node/.no-mistakes/worktrees/450411b3e67c/01M48AGCET15Z951PCQ4YNDYRJ/.v/spawn-home/config
FM_HOME=/home/node/.no-mistakes/worktrees/450411b3e67c/01M48AGCET15Z951PCQ4YNDYRJ/.v/spawn-home
HERDR command: status --json --session fm-lab-e2
FM_HOME=/home/node/.no-mistakes/worktrees/450411b3e67c/01M48AGCET15Z951PCQ4YNDYRJ/.v/spawn-home
HERDR command: pane read w1:p2 --source recent --lines 200 --session fm-lab-e2
FM_HOME=/home/node/.no-mistakes/worktrees/450411b3e67c/01M48AGCET15Z951PCQ4YNDYRJ/.v/spawn-home
HERDR command: status --json --session fm-lab-e2
FM_HOME=/home/node/.no-mistakes/worktrees/450411b3e67c/01M48AGCET15Z951PCQ4YNDYRJ/.v/spawn-home
HERDR command: pane read w1:p2 --source recent --lines 200 --session fm-lab-e2
FM_HOME=/home/node/.no-mistakes/worktrees/450411b3e67c/01M48AGCET15Z951PCQ4YNDYRJ/.v/spawn-home
HERDR command: status --json --session fm-lab-e2
FM_HOME=/home/node/.no-mistakes/worktrees/450411b3e67c/01M48AGCET15Z951PCQ4YNDYRJ/.v/spawn-home
HERDR command: agent get w1:p2 --session fm-lab-e2
FM_HOME=/home/node/.no-mistakes/worktrees/450411b3e67c/01M48AGCET15Z951PCQ4YNDYRJ/.v/spawn-home
HERDR command: pane send-text w1:p2 export\ FM_ROOT_OVERRIDE=/home/node/.no-mistakes/worktrees/450411b3e67c/01M48AGCET15Z951PCQ4YNDYRJ/.v/runtime\ FM_STATE_OVERRIDE=/home/node/.no-mistakes/worktrees/450411b3e67c/01M48AGCET15Z951PCQ4YNDYRJ/.v/spawn-home/state\ FM_DATA_OVERRIDE=/home/node/.no-mistakes/worktrees/450411b3e67c/01M48AGCET15Z951PCQ4YNDYRJ/.v/spawn-home/data\ FM_PROJECTS_OVERRIDE=/home/node/.no-mistakes/worktrees/450411b3e67c/01M48AGCET15Z951PCQ4YNDYRJ/.v/spawn-home/projects\ FM_CONFIG_OVERRIDE=/home/node/.no-mistakes/worktrees/450411b3e67c/01M48AGCET15Z951PCQ4YNDYRJ/.v/spawn-home/config\ FM_SNAPSHOT_SCOPED_ENV=0 --session fm-lab-e2
FM_HOME=/home/node/.no-mistakes/worktrees/450411b3e67c/01M48AGCET15Z951PCQ4YNDYRJ/.v/spawn-home
HERDR command: pane send-keys w1:p2 enter --session fm-lab-e2
FM_HOME=/home/node/.no-mistakes/worktrees/450411b3e67c/01M48AGCET15Z951PCQ4YNDYRJ/.v/spawn-home
HERDR command: pane get w1:p2 --session fm-lab-e2
FM_HOME=/home/node/.no-mistakes/worktrees/450411b3e67c/01M48AGCET15Z951PCQ4YNDYRJ/.v/spawn-home
HERDR command: agent get w1:p2 --session fm-lab-e2
FM_HOME=/home/node/.no-mistakes/worktrees/450411b3e67c/01M48AGCET15Z951PCQ4YNDYRJ/.v/spawn-home
HERDR command: status --json --session fm-lab-e2
FM_HOME=/home/node/.no-mistakes/worktrees/450411b3e67c/01M48AGCET15Z951PCQ4YNDYRJ/.v/spawn-home
HERDR command: pane get w1:p2 --session fm-lab-e2
FM_HOME=/home/node/.no-mistakes/worktrees/450411b3e67c/01M48AGCET15Z951PCQ4YNDYRJ/.v/spawn-home
HERDR command: status --json --session fm-lab-e2
FM_HOME=/home/node/.no-mistakes/worktrees/450411b3e67c/01M48AGCET15Z951PCQ4YNDYRJ/.v/spawn-home
HERDR command: pane run w1:p2 cd\ --\ \'/home/node/.no-mistakes/worktrees/450411b3e67c/01M48AGCET15Z951PCQ4YNDYRJ/.v/home/.treehouse/spawn-project-acaec3/1/spawn-project\' --session fm-lab-e2
FM_HOME=/home/node/.no-mistakes/worktrees/450411b3e67c/01M48AGCET15Z951PCQ4YNDYRJ/.v/spawn-home
HERDR command: status --json --session fm-lab-e2
FM_HOME=/home/node/.no-mistakes/worktrees/450411b3e67c/01M48AGCET15Z951PCQ4YNDYRJ/.v/spawn-home
HERDR command: pane get w1:p2 --session fm-lab-e2
FM_HOME=/home/node/.no-mistakes/worktrees/450411b3e67c/01M48AGCET15Z951PCQ4YNDYRJ/.v/spawn-home
HERDR command: pane get w1:p2 --session fm-lab-e2
FM_ROOT_OVERRIDE=/home/node/.no-mistakes/worktrees/450411b3e67c/01M48AGCET15Z951PCQ4YNDYRJ/.v/runtime
FM_STATE_OVERRIDE=/home/node/.no-mistakes/worktrees/450411b3e67c/01M48AGCET15Z951PCQ4YNDYRJ/.v/spawn-home/state
FM_DATA_OVERRIDE=/home/node/.no-mistakes/worktrees/450411b3e67c/01M48AGCET15Z951PCQ4YNDYRJ/.v/spawn-home/data
FM_PROJECTS_OVERRIDE=/home/node/.no-mistakes/worktrees/450411b3e67c/01M48AGCET15Z951PCQ4YNDYRJ/.v/spawn-home/projects
FM_CONFIG_OVERRIDE=/home/node/.no-mistakes/worktrees/450411b3e67c/01M48AGCET15Z951PCQ4YNDYRJ/.v/spawn-home/config
FM_HOME=/home/node/.no-mistakes/worktrees/450411b3e67c/01M48AGCET15Z951PCQ4YNDYRJ/.v/spawn-home
HERDR command: pane get w1:p4 --session fm-lab-e2
FM_ROOT_OVERRIDE=/home/node/.no-mistakes/worktrees/450411b3e67c/01M48AGCET15Z951PCQ4YNDYRJ/.v/runtime
FM_STATE_OVERRIDE=/home/node/.no-mistakes/worktrees/450411b3e67c/01M48AGCET15Z951PCQ4YNDYRJ/.v/spawn-home/state
FM_DATA_OVERRIDE=/home/node/.no-mistakes/worktrees/450411b3e67c/01M48AGCET15Z951PCQ4YNDYRJ/.v/spawn-home/data
FM_PROJECTS_OVERRIDE=/home/node/.no-mistakes/worktrees/450411b3e67c/01M48AGCET15Z951PCQ4YNDYRJ/.v/spawn-home/projects
FM_CONFIG_OVERRIDE=/home/node/.no-mistakes/worktrees/450411b3e67c/01M48AGCET15Z951PCQ4YNDYRJ/.v/spawn-home/config
FM_HOME=/home/node/.no-mistakes/worktrees/450411b3e67c/01M48AGCET15Z951PCQ4YNDYRJ/.v/spawn-home
HERDR command: pane get w1:p3 --session fm-lab-e2
FM_ROOT_OVERRIDE=/home/node/.no-mistakes/worktrees/450411b3e67c/01M48AGCET15Z951PCQ4YNDYRJ/.v/runtime
FM_STATE_OVERRIDE=/home/node/.no-mistakes/worktrees/450411b3e67c/01M48AGCET15Z951PCQ4YNDYRJ/.v/spawn-home/state
FM_DATA_OVERRIDE=/home/node/.no-mistakes/worktrees/450411b3e67c/01M48AGCET15Z951PCQ4YNDYRJ/.v/spawn-home/data
FM_PROJECTS_OVERRIDE=/home/node/.no-mistakes/worktrees/450411b3e67c/01M48AGCET15Z951PCQ4YNDYRJ/.v/spawn-home/projects
FM_CONFIG_OVERRIDE=/home/node/.no-mistakes/worktrees/450411b3e67c/01M48AGCET15Z951PCQ4YNDYRJ/.v/spawn-home/config
FM_HOME=/home/node/.no-mistakes/worktrees/450411b3e67c/01M48AGCET15Z951PCQ4YNDYRJ/.v/spawn-home
HERDR command: status --json --session fm-lab-e2
FM_HOME=/home/node/.no-mistakes/worktrees/450411b3e67c/01M48AGCET15Z951PCQ4YNDYRJ/.v/spawn-home
HERDR command: status --json --session fm-lab-e2
FM_HOME=/home/node/.no-mistakes/worktrees/450411b3e67c/01M48AGCET15Z951PCQ4YNDYRJ/.v/spawn-home
HERDR command: status --json --session fm-lab-e2
FM_HOME=/home/node/.no-mistakes/worktrees/450411b3e67c/01M48AGCET15Z951PCQ4YNDYRJ/.v/spawn-home
HERDR command: pane read w1:p2 --source recent --lines 200 --session fm-lab-e2
FM_HOME=/home/node/.no-mistakes/worktrees/450411b3e67c/01M48AGCET15Z951PCQ4YNDYRJ/.v/spawn-home
HERDR command: pane read w1:p3 --source recent --lines 200 --session fm-lab-e2
FM_HOME=/home/node/.no-mistakes/worktrees/450411b3e67c/01M48AGCET15Z951PCQ4YNDYRJ/.v/spawn-home
HERDR command: pane read w1:p4 --source recent --lines 200 --session fm-lab-e2
FM_HOME=/home/node/.no-mistakes/worktrees/450411b3e67c/01M48AGCET15Z951PCQ4YNDYRJ/.v/spawn-home
HERDR command: status --json --session fm-lab-e2
FM_HOME=/home/node/.no-mistakes/worktrees/450411b3e67c/01M48AGCET15Z951PCQ4YNDYRJ/.v/spawn-home
HERDR command: status --json --session fm-lab-e2
FM_HOME=/home/node/.no-mistakes/worktrees/450411b3e67c/01M48AGCET15Z951PCQ4YNDYRJ/.v/spawn-home
HERDR command: pane read w1:p3 --source recent --lines 200 --session fm-lab-e2
FM_HOME=/home/node/.no-mistakes/worktrees/450411b3e67c/01M48AGCET15Z951PCQ4YNDYRJ/.v/spawn-home
HERDR command: pane read w1:p2 --source recent --lines 200 --session fm-lab-e2
FM_HOME=/home/node/.no-mistakes/worktrees/450411b3e67c/01M48AGCET15Z951PCQ4YNDYRJ/.v/spawn-home
HERDR command: status --json --session fm-lab-e2
FM_HOME=/home/node/.no-mistakes/worktrees/450411b3e67c/01M48AGCET15Z951PCQ4YNDYRJ/.v/spawn-home
HERDR command: pane read w1:p4 --source recent --lines 200 --session fm-lab-e2
FM_HOME=/home/node/.no-mistakes/worktrees/450411b3e67c/01M48AGCET15Z951PCQ4YNDYRJ/.v/spawn-home
HERDR command: status --json --session fm-lab-e2
FM_HOME=/home/node/.no-mistakes/worktrees/450411b3e67c/01M48AGCET15Z951PCQ4YNDYRJ/.v/spawn-home
HERDR command: status --json --session fm-lab-e2
FM_HOME=/home/node/.no-mistakes/worktrees/450411b3e67c/01M48AGCET15Z951PCQ4YNDYRJ/.v/spawn-home
HERDR command: agent get w1:p2 --session fm-lab-e2
FM_HOME=/home/node/.no-mistakes/worktrees/450411b3e67c/01M48AGCET15Z951PCQ4YNDYRJ/.v/spawn-home
HERDR command: agent get w1:p3 --session fm-lab-e2
FM_HOME=/home/node/.no-mistakes/worktrees/450411b3e67c/01M48AGCET15Z951PCQ4YNDYRJ/.v/spawn-home
HERDR command: status --json --session fm-lab-e2
FM_HOME=/home/node/.no-mistakes/worktrees/450411b3e67c/01M48AGCET15Z951PCQ4YNDYRJ/.v/spawn-home
HERDR command: agent get w1:p4 --session fm-lab-e2
FM_HOME=/home/node/.no-mistakes/worktrees/450411b3e67c/01M48AGCET15Z951PCQ4YNDYRJ/.v/spawn-home
HERDR command: agent get w1:p2 --session fm-lab-e2
FM_HOME=/home/node/.no-mistakes/worktrees/450411b3e67c/01M48AGCET15Z951PCQ4YNDYRJ/.v/spawn-home
HERDR command: status --json --session fm-lab-e2
FM_HOME=/home/node/.no-mistakes/worktrees/450411b3e67c/01M48AGCET15Z951PCQ4YNDYRJ/.v/spawn-home
HERDR command: pane run w1:p2 export\ GOTMPDIR=\'/home/node/.no-mistakes/worktrees/450411b3e67c/01M48AGCET15Z951PCQ4YNDYRJ/.v/spawn-home/state/ship-absent.tasktmp/gotmp\' --session fm-lab-e2
FM_HOME=/home/node/.no-mistakes/worktrees/450411b3e67c/01M48AGCET15Z951PCQ4YNDYRJ/.v/spawn-home
HERDR command: status --json --session fm-lab-e2
FM_HOME=/home/node/.no-mistakes/worktrees/450411b3e67c/01M48AGCET15Z951PCQ4YNDYRJ/.v/spawn-home
HERDR command: pane run w1:p2 export\ COMPACT_ADVISER_DISABLE=1 --session fm-lab-e2
FM_HOME=/home/node/.no-mistakes/worktrees/450411b3e67c/01M48AGCET15Z951PCQ4YNDYRJ/.v/spawn-home
HERDR command: status --json --session fm-lab-e2
FM_HOME=/home/node/.no-mistakes/worktrees/450411b3e67c/01M48AGCET15Z951PCQ4YNDYRJ/.v/spawn-home
HERDR command: pane run w1:p2 export\ FM_TASK_ID=ship-absent --session fm-lab-e2
FM_HOME=/home/node/.no-mistakes/worktrees/450411b3e67c/01M48AGCET15Z951PCQ4YNDYRJ/.v/spawn-home
HERDR command: status --json --session fm-lab-e2
FM_HOME=/home/node/.no-mistakes/worktrees/450411b3e67c/01M48AGCET15Z951PCQ4YNDYRJ/.v/spawn-home
HERDR command: pane send-text w1:p2 .\ \'/tmp/fm-ship-absent+225fc10db929241398488ecab5bc7b61357da0454bee5e18db2b2720920a857b/launch.s1791283644.1229546.13434.sh\' --session fm-lab-e2
FM_HOME=/home/node/.no-mistakes/worktrees/450411b3e67c/01M48AGCET15Z951PCQ4YNDYRJ/.v/spawn-home
HERDR command: status --json --session fm-lab-e2
FM_HOME=/home/node/.no-mistakes/worktrees/450411b3e67c/01M48AGCET15Z951PCQ4YNDYRJ/.v/spawn-home
HERDR command: pane send-keys w1:p2 enter --session fm-lab-e2
FM_HOME=/home/node/.no-mistakes/worktrees/450411b3e67c/01M48AGCET15Z951PCQ4YNDYRJ/.v/spawn-home
HERDR command: status --json --session fm-lab-e2
FM_ROOT_OVERRIDE=/home/node/.no-mistakes/worktrees/450411b3e67c/01M48AGCET15Z951PCQ4YNDYRJ/.v/runtime
FM_STATE_OVERRIDE=/home/node/.no-mistakes/worktrees/450411b3e67c/01M48AGCET15Z951PCQ4YNDYRJ/.v/spawn-home/state
FM_DATA_OVERRIDE=/home/node/.no-mistakes/worktrees/450411b3e67c/01M48AGCET15Z951PCQ4YNDYRJ/.v/spawn-home/data
FM_PROJECTS_OVERRIDE=/home/node/.no-mistakes/worktrees/450411b3e67c/01M48AGCET15Z951PCQ4YNDYRJ/.v/spawn-home/projects
FM_CONFIG_OVERRIDE=/home/node/.no-mistakes/worktrees/450411b3e67c/01M48AGCET15Z951PCQ4YNDYRJ/.v/spawn-home/config
FM_HOME=/home/node/.no-mistakes/worktrees/450411b3e67c/01M48AGCET15Z951PCQ4YNDYRJ/.v/spawn-home
HERDR command: pane read w1:p2 --source recent --lines 200 --session fm-lab-e2
FM_ROOT_OVERRIDE=/home/node/.no-mistakes/worktrees/450411b3e67c/01M48AGCET15Z951PCQ4YNDYRJ/.v/runtime
FM_STATE_OVERRIDE=/home/node/.no-mistakes/worktrees/450411b3e67c/01M48AGCET15Z951PCQ4YNDYRJ/.v/spawn-home/state
FM_DATA_OVERRIDE=/home/node/.no-mistakes/worktrees/450411b3e67c/01M48AGCET15Z951PCQ4YNDYRJ/.v/spawn-home/data
FM_PROJECTS_OVERRIDE=/home/node/.no-mistakes/worktrees/450411b3e67c/01M48AGCET15Z951PCQ4YNDYRJ/.v/spawn-home/projects
FM_CONFIG_OVERRIDE=/home/node/.no-mistakes/worktrees/450411b3e67c/01M48AGCET15Z951PCQ4YNDYRJ/.v/spawn-home/config
FM_HOME=/home/node/.no-mistakes/worktrees/450411b3e67c/01M48AGCET15Z951PCQ4YNDYRJ/.v/spawn-home
HERDR command: status --json --session fm-lab-e2
FM_ROOT_OVERRIDE=/home/node/.no-mistakes/worktrees/450411b3e67c/01M48AGCET15Z951PCQ4YNDYRJ/.v/runtime
FM_STATE_OVERRIDE=/home/node/.no-mistakes/worktrees/450411b3e67c/01M48AGCET15Z951PCQ4YNDYRJ/.v/spawn-home/state
FM_DATA_OVERRIDE=/home/node/.no-mistakes/worktrees/450411b3e67c/01M48AGCET15Z951PCQ4YNDYRJ/.v/spawn-home/data
FM_PROJECTS_OVERRIDE=/home/node/.no-mistakes/worktrees/450411b3e67c/01M48AGCET15Z951PCQ4YNDYRJ/.v/spawn-home/projects
FM_CONFIG_OVERRIDE=/home/node/.no-mistakes/worktrees/450411b3e67c/01M48AGCET15Z951PCQ4YNDYRJ/.v/spawn-home/config
FM_HOME=/home/node/.no-mistakes/worktrees/450411b3e67c/01M48AGCET15Z951PCQ4YNDYRJ/.v/spawn-home
HERDR command: pane read w1:p2 --source recent --lines 200 --session fm-lab-e2
FM_ROOT_OVERRIDE=/home/node/.no-mistakes/worktrees/450411b3e67c/01M48AGCET15Z951PCQ4YNDYRJ/.v/runtime
FM_STATE_OVERRIDE=/home/node/.no-mistakes/worktrees/450411b3e67c/01M48AGCET15Z951PCQ4YNDYRJ/.v/spawn-home/state
FM_DATA_OVERRIDE=/home/node/.no-mistakes/worktrees/450411b3e67c/01M48AGCET15Z951PCQ4YNDYRJ/.v/spawn-home/data
FM_PROJECTS_OVERRIDE=/home/node/.no-mistakes/worktrees/450411b3e67c/01M48AGCET15Z951PCQ4YNDYRJ/.v/spawn-home/projects
FM_CONFIG_OVERRIDE=/home/node/.no-mistakes/worktrees/450411b3e67c/01M48AGCET15Z951PCQ4YNDYRJ/.v/spawn-home/config
FM_HOME=/home/node/.no-mistakes/worktrees/450411b3e67c/01M48AGCET15Z951PCQ4YNDYRJ/.v/spawn-home
HERDR command: status --json --session fm-lab-e2
FM_ROOT_OVERRIDE=/home/node/.no-mistakes/worktrees/450411b3e67c/01M48AGCET15Z951PCQ4YNDYRJ/.v/runtime
FM_STATE_OVERRIDE=/home/node/.no-mistakes/worktrees/450411b3e67c/01M48AGCET15Z951PCQ4YNDYRJ/.v/spawn-home/state
FM_DATA_OVERRIDE=/home/node/.no-mistakes/worktrees/450411b3e67c/01M48AGCET15Z951PCQ4YNDYRJ/.v/spawn-home/data
FM_PROJECTS_OVERRIDE=/home/node/.no-mistakes/worktrees/450411b3e67c/01M48AGCET15Z951PCQ4YNDYRJ/.v/spawn-home/projects
FM_CONFIG_OVERRIDE=/home/node/.no-mistakes/worktrees/450411b3e67c/01M48AGCET15Z951PCQ4YNDYRJ/.v/spawn-home/config
FM_HOME=/home/node/.no-mistakes/worktrees/450411b3e67c/01M48AGCET15Z951PCQ4YNDYRJ/.v/spawn-home
HERDR command: agent get w1:p2 --session fm-lab-e2
FM_ROOT_OVERRIDE=/home/node/.no-mistakes/worktrees/450411b3e67c/01M48AGCET15Z951PCQ4YNDYRJ/.v/runtime
FM_STATE_OVERRIDE=/home/node/.no-mistakes/worktrees/450411b3e67c/01M48AGCET15Z951PCQ4YNDYRJ/.v/spawn-home/state
FM_DATA_OVERRIDE=/home/node/.no-mistakes/worktrees/450411b3e67c/01M48AGCET15Z951PCQ4YNDYRJ/.v/spawn-home/data
FM_PROJECTS_OVERRIDE=/home/node/.no-mistakes/worktrees/450411b3e67c/01M48AGCET15Z951PCQ4YNDYRJ/.v/spawn-home/projects
FM_CONFIG_OVERRIDE=/home/node/.no-mistakes/worktrees/450411b3e67c/01M48AGCET15Z951PCQ4YNDYRJ/.v/spawn-home/config
FM_HOME=/home/node/.no-mistakes/worktrees/450411b3e67c/01M48AGCET15Z951PCQ4YNDYRJ/.v/spawn-home
HERDR command: status --json --session fm-lab-e2
FM_HOME=/home/node/.no-mistakes/worktrees/450411b3e67c/01M48AGCET15Z951PCQ4YNDYRJ/.v/spawn-home
HERDR command: pane read w1:p2 --source recent --lines 200 --session fm-lab-e2
FM_HOME=/home/node/.no-mistakes/worktrees/450411b3e67c/01M48AGCET15Z951PCQ4YNDYRJ/.v/spawn-home
HERDR command: status --json --session fm-lab-e2
FM_HOME=/home/node/.no-mistakes/worktrees/450411b3e67c/01M48AGCET15Z951PCQ4YNDYRJ/.v/spawn-home
HERDR command: pane read w1:p2 --source recent --lines 200 --session fm-lab-e2
FM_HOME=/home/node/.no-mistakes/worktrees/450411b3e67c/01M48AGCET15Z951PCQ4YNDYRJ/.v/spawn-home
HERDR command: status --json --session fm-lab-e2
FM_HOME=/home/node/.no-mistakes/worktrees/450411b3e67c/01M48AGCET15Z951PCQ4YNDYRJ/.v/spawn-home
HERDR command: agent get w1:p2 --session fm-lab-e2
FM_HOME=/home/node/.no-mistakes/worktrees/450411b3e67c/01M48AGCET15Z951PCQ4YNDYRJ/.v/spawn-home
HERDR command: status --json --session fm-lab-e2
FM_HOME=/home/node/.no-mistakes/worktrees/450411b3e67c/01M48AGCET15Z951PCQ4YNDYRJ/.v/secondmate
HERDR command: status --json --session fm-lab-e2
FM_HOME=/home/node/.no-mistakes/worktrees/450411b3e67c/01M48AGCET15Z951PCQ4YNDYRJ/.v/secondmate
HERDR command: workspace list --session fm-lab-e2
FM_HOME=/home/node/.no-mistakes/worktrees/450411b3e67c/01M48AGCET15Z951PCQ4YNDYRJ/.v/secondmate
HERDR command: workspace create --cwd /home/node/.no-mistakes/worktrees/450411b3e67c/01M48AGCET15Z951PCQ4YNDYRJ/.v/secondmate --label 2ndmate-secondmate --no-focus --session fm-lab-e2
FM_HOME=/home/node/.no-mistakes/worktrees/450411b3e67c/01M48AGCET15Z951PCQ4YNDYRJ/.v/secondmate
HERDR command: tab list --workspace w2 --session fm-lab-e2
FM_HOME=/home/node/.no-mistakes/worktrees/450411b3e67c/01M48AGCET15Z951PCQ4YNDYRJ/.v/secondmate
HERDR command: tab create --workspace w2 --cwd /home/node/.no-mistakes/worktrees/450411b3e67c/01M48AGCET15Z951PCQ4YNDYRJ/.v/secondmate --label fm-secondmate --no-focus --session fm-lab-e2
FM_HOME=/home/node/.no-mistakes/worktrees/450411b3e67c/01M48AGCET15Z951PCQ4YNDYRJ/.v/secondmate
HERDR command: tab list --workspace w2 --session fm-lab-e2
FM_HOME=/home/node/.no-mistakes/worktrees/450411b3e67c/01M48AGCET15Z951PCQ4YNDYRJ/.v/secondmate
HERDR command: pane list --workspace w2 --session fm-lab-e2
FM_HOME=/home/node/.no-mistakes/worktrees/450411b3e67c/01M48AGCET15Z951PCQ4YNDYRJ/.v/secondmate
HERDR command: agent get w2:p1 --session fm-lab-e2
FM_HOME=/home/node/.no-mistakes/worktrees/450411b3e67c/01M48AGCET15Z951PCQ4YNDYRJ/.v/secondmate
HERDR command: pane close w2:p1 --session fm-lab-e2
FM_HOME=/home/node/.no-mistakes/worktrees/450411b3e67c/01M48AGCET15Z951PCQ4YNDYRJ/.v/secondmate
HERDR command: pane get w2:p2 --session fm-lab-e2
FM_ROOT_OVERRIDE=/home/node/.no-mistakes/worktrees/450411b3e67c/01M48AGCET15Z951PCQ4YNDYRJ/.v/runtime
FM_STATE_OVERRIDE=/home/node/.no-mistakes/worktrees/450411b3e67c/01M48AGCET15Z951PCQ4YNDYRJ/.v/spawn-home/state
FM_DATA_OVERRIDE=/home/node/.no-mistakes/worktrees/450411b3e67c/01M48AGCET15Z951PCQ4YNDYRJ/.v/spawn-home/data
FM_PROJECTS_OVERRIDE=/home/node/.no-mistakes/worktrees/450411b3e67c/01M48AGCET15Z951PCQ4YNDYRJ/.v/spawn-home/projects
FM_CONFIG_OVERRIDE=/home/node/.no-mistakes/worktrees/450411b3e67c/01M48AGCET15Z951PCQ4YNDYRJ/.v/spawn-home/config
FM_HOME=/home/node/.no-mistakes/worktrees/450411b3e67c/01M48AGCET15Z951PCQ4YNDYRJ/.v/spawn-home
HERDR command: pane get w1:p3 --session fm-lab-e2
FM_ROOT_OVERRIDE=/home/node/.no-mistakes/worktrees/450411b3e67c/01M48AGCET15Z951PCQ4YNDYRJ/.v/runtime
FM_STATE_OVERRIDE=/home/node/.no-mistakes/worktrees/450411b3e67c/01M48AGCET15Z951PCQ4YNDYRJ/.v/spawn-home/state
FM_DATA_OVERRIDE=/home/node/.no-mistakes/worktrees/450411b3e67c/01M48AGCET15Z951PCQ4YNDYRJ/.v/spawn-home/data
FM_PROJECTS_OVERRIDE=/home/node/.no-mistakes/worktrees/450411b3e67c/01M48AGCET15Z951PCQ4YNDYRJ/.v/spawn-home/projects
FM_CONFIG_OVERRIDE=/home/node/.no-mistakes/worktrees/450411b3e67c/01M48AGCET15Z951PCQ4YNDYRJ/.v/spawn-home/config
FM_HOME=/home/node/.no-mistakes/worktrees/450411b3e67c/01M48AGCET15Z951PCQ4YNDYRJ/.v/spawn-home
HERDR command: pane get w1:p2 --session fm-lab-e2
FM_ROOT_OVERRIDE=/home/node/.no-mistakes/worktrees/450411b3e67c/01M48AGCET15Z951PCQ4YNDYRJ/.v/runtime
FM_STATE_OVERRIDE=/home/node/.no-mistakes/worktrees/450411b3e67c/01M48AGCET15Z951PCQ4YNDYRJ/.v/spawn-home/state
FM_DATA_OVERRIDE=/home/node/.no-mistakes/worktrees/450411b3e67c/01M48AGCET15Z951PCQ4YNDYRJ/.v/spawn-home/data
FM_PROJECTS_OVERRIDE=/home/node/.no-mistakes/worktrees/450411b3e67c/01M48AGCET15Z951PCQ4YNDYRJ/.v/spawn-home/projects
FM_CONFIG_OVERRIDE=/home/node/.no-mistakes/worktrees/450411b3e67c/01M48AGCET15Z951PCQ4YNDYRJ/.v/spawn-home/config
FM_HOME=/home/node/.no-mistakes/worktrees/450411b3e67c/01M48AGCET15Z951PCQ4YNDYRJ/.v/spawn-home
HERDR command: pane get w1:p4 --session fm-lab-e2
FM_ROOT_OVERRIDE=/home/node/.no-mistakes/worktrees/450411b3e67c/01M48AGCET15Z951PCQ4YNDYRJ/.v/runtime
FM_STATE_OVERRIDE=/home/node/.no-mistakes/worktrees/450411b3e67c/01M48AGCET15Z951PCQ4YNDYRJ/.v/spawn-home/state
FM_DATA_OVERRIDE=/home/node/.no-mistakes/worktrees/450411b3e67c/01M48AGCET15Z951PCQ4YNDYRJ/.v/spawn-home/data
FM_PROJECTS_OVERRIDE=/home/node/.no-mistakes/worktrees/450411b3e67c/01M48AGCET15Z951PCQ4YNDYRJ/.v/spawn-home/projects
FM_CONFIG_OVERRIDE=/home/node/.no-mistakes/worktrees/450411b3e67c/01M48AGCET15Z951PCQ4YNDYRJ/.v/spawn-home/config
FM_HOME=/home/node/.no-mistakes/worktrees/450411b3e67c/01M48AGCET15Z951PCQ4YNDYRJ/.v/spawn-home
HERDR command: pane get w2:p2 --session fm-lab-e2
FM_ROOT_OVERRIDE=/home/node/.no-mistakes/worktrees/450411b3e67c/01M48AGCET15Z951PCQ4YNDYRJ/.v/runtime
FM_STATE_OVERRIDE=/home/node/.no-mistakes/worktrees/450411b3e67c/01M48AGCET15Z951PCQ4YNDYRJ/.v/spawn-home/state
FM_DATA_OVERRIDE=/home/node/.no-mistakes/worktrees/450411b3e67c/01M48AGCET15Z951PCQ4YNDYRJ/.v/spawn-home/data
FM_PROJECTS_OVERRIDE=/home/node/.no-mistakes/worktrees/450411b3e67c/01M48AGCET15Z951PCQ4YNDYRJ/.v/spawn-home/projects
FM_CONFIG_OVERRIDE=/home/node/.no-mistakes/worktrees/450411b3e67c/01M48AGCET15Z951PCQ4YNDYRJ/.v/spawn-home/config
FM_HOME=/home/node/.no-mistakes/worktrees/450411b3e67c/01M48AGCET15Z951PCQ4YNDYRJ/.v/spawn-home
HERDR command: agent get w2:p2 --session fm-lab-e2
FM_ROOT_OVERRIDE=/home/node/.no-mistakes/worktrees/450411b3e67c/01M48AGCET15Z951PCQ4YNDYRJ/.v/runtime
FM_STATE_OVERRIDE=/home/node/.no-mistakes/worktrees/450411b3e67c/01M48AGCET15Z951PCQ4YNDYRJ/.v/spawn-home/state
FM_DATA_OVERRIDE=/home/node/.no-mistakes/worktrees/450411b3e67c/01M48AGCET15Z951PCQ4YNDYRJ/.v/spawn-home/data
FM_PROJECTS_OVERRIDE=/home/node/.no-mistakes/worktrees/450411b3e67c/01M48AGCET15Z951PCQ4YNDYRJ/.v/spawn-home/projects
FM_CONFIG_OVERRIDE=/home/node/.no-mistakes/worktrees/450411b3e67c/01M48AGCET15Z951PCQ4YNDYRJ/.v/spawn-home/config
FM_HOME=/home/node/.no-mistakes/worktrees/450411b3e67c/01M48AGCET15Z951PCQ4YNDYRJ/.v/spawn-home
HERDR command: status --json --session fm-lab-e2
FM_HOME=/home/node/.no-mistakes/worktrees/450411b3e67c/01M48AGCET15Z951PCQ4YNDYRJ/.v/spawn-home
HERDR command: status --json --session fm-lab-e2
FM_HOME=/home/node/.no-mistakes/worktrees/450411b3e67c/01M48AGCET15Z951PCQ4YNDYRJ/.v/spawn-home
HERDR command: status --json --session fm-lab-e2
FM_HOME=/home/node/.no-mistakes/worktrees/450411b3e67c/01M48AGCET15Z951PCQ4YNDYRJ/.v/spawn-home
HERDR command: status --json --session fm-lab-e2
FM_HOME=/home/node/.no-mistakes/worktrees/450411b3e67c/01M48AGCET15Z951PCQ4YNDYRJ/.v/spawn-home
HERDR command: pane read w2:p2 --source recent --lines 200 --session fm-lab-e2
FM_HOME=/home/node/.no-mistakes/worktrees/450411b3e67c/01M48AGCET15Z951PCQ4YNDYRJ/.v/spawn-home
HERDR command: pane read w1:p2 --source recent --lines 200 --session fm-lab-e2
FM_HOME=/home/node/.no-mistakes/worktrees/450411b3e67c/01M48AGCET15Z951PCQ4YNDYRJ/.v/spawn-home
HERDR command: pane read w1:p4 --source recent --lines 200 --session fm-lab-e2
FM_HOME=/home/node/.no-mistakes/worktrees/450411b3e67c/01M48AGCET15Z951PCQ4YNDYRJ/.v/spawn-home
HERDR command: pane read w1:p3 --source recent --lines 200 --session fm-lab-e2
FM_HOME=/home/node/.no-mistakes/worktrees/450411b3e67c/01M48AGCET15Z951PCQ4YNDYRJ/.v/spawn-home
HERDR command: status --json --session fm-lab-e2
FM_HOME=/home/node/.no-mistakes/worktrees/450411b3e67c/01M48AGCET15Z951PCQ4YNDYRJ/.v/spawn-home
HERDR command: status --json --session fm-lab-e2
FM_HOME=/home/node/.no-mistakes/worktrees/450411b3e67c/01M48AGCET15Z951PCQ4YNDYRJ/.v/spawn-home
HERDR command: status --json --session fm-lab-e2
FM_HOME=/home/node/.no-mistakes/worktrees/450411b3e67c/01M48AGCET15Z951PCQ4YNDYRJ/.v/spawn-home
HERDR command: pane read w1:p2 --source recent --lines 200 --session fm-lab-e2
FM_HOME=/home/node/.no-mistakes/worktrees/450411b3e67c/01M48AGCET15Z951PCQ4YNDYRJ/.v/spawn-home
HERDR command: pane read w1:p4 --source recent --lines 200 --session fm-lab-e2
FM_HOME=/home/node/.no-mistakes/worktrees/450411b3e67c/01M48AGCET15Z951PCQ4YNDYRJ/.v/spawn-home
HERDR command: pane read w1:p3 --source recent --lines 200 --session fm-lab-e2
FM_HOME=/home/node/.no-mistakes/worktrees/450411b3e67c/01M48AGCET15Z951PCQ4YNDYRJ/.v/spawn-home
HERDR command: status --json --session fm-lab-e2
FM_HOME=/home/node/.no-mistakes/worktrees/450411b3e67c/01M48AGCET15Z951PCQ4YNDYRJ/.v/spawn-home
HERDR command: status --json --session fm-lab-e2
FM_HOME=/home/node/.no-mistakes/worktrees/450411b3e67c/01M48AGCET15Z951PCQ4YNDYRJ/.v/spawn-home
HERDR command: status --json --session fm-lab-e2
FM_HOME=/home/node/.no-mistakes/worktrees/450411b3e67c/01M48AGCET15Z951PCQ4YNDYRJ/.v/spawn-home
HERDR command: agent get w1:p2 --session fm-lab-e2
FM_HOME=/home/node/.no-mistakes/worktrees/450411b3e67c/01M48AGCET15Z951PCQ4YNDYRJ/.v/spawn-home
HERDR command: agent get w1:p4 --session fm-lab-e2
FM_HOME=/home/node/.no-mistakes/worktrees/450411b3e67c/01M48AGCET15Z951PCQ4YNDYRJ/.v/spawn-home
HERDR command: agent get w1:p3 --session fm-lab-e2
FM_HOME=/home/node/.no-mistakes/worktrees/450411b3e67c/01M48AGCET15Z951PCQ4YNDYRJ/.v/spawn-home
HERDR command: status --json --session fm-lab-e2
FM_HOME=/home/node/.no-mistakes/worktrees/450411b3e67c/01M48AGCET15Z951PCQ4YNDYRJ/.v/spawn-home
HERDR command: pane run w2:p2 export\ GOTMPDIR=\'/home/node/.no-mistakes/worktrees/450411b3e67c/01M48AGCET15Z951PCQ4YNDYRJ/.v/spawn-home/state/secondmate.tasktmp/gotmp\' --session fm-lab-e2
FM_HOME=/home/node/.no-mistakes/worktrees/450411b3e67c/01M48AGCET15Z951PCQ4YNDYRJ/.v/spawn-home
HERDR command: status --json --session fm-lab-e2
FM_HOME=/home/node/.no-mistakes/worktrees/450411b3e67c/01M48AGCET15Z951PCQ4YNDYRJ/.v/spawn-home
HERDR command: pane run w2:p2 export\ COMPACT_ADVISER_DISABLE=1 --session fm-lab-e2
FM_HOME=/home/node/.no-mistakes/worktrees/450411b3e67c/01M48AGCET15Z951PCQ4YNDYRJ/.v/spawn-home
HERDR command: status --json --session fm-lab-e2
FM_HOME=/home/node/.no-mistakes/worktrees/450411b3e67c/01M48AGCET15Z951PCQ4YNDYRJ/.v/spawn-home
HERDR command: pane send-text w2:p2 .\ \'/tmp/fm-secondmate+225fc10db929241398488ecab5bc7b61357da0454bee5e18db2b2720920a857b/launch.s1791283647.1231170.26565.sh\' --session fm-lab-e2
FM_HOME=/home/node/.no-mistakes/worktrees/450411b3e67c/01M48AGCET15Z951PCQ4YNDYRJ/.v/spawn-home
HERDR command: status --json --session fm-lab-e2
FM_HOME=/home/node/.no-mistakes/worktrees/450411b3e67c/01M48AGCET15Z951PCQ4YNDYRJ/.v/spawn-home
HERDR command: pane send-keys w2:p2 enter --session fm-lab-e2
FM_HOME=/home/node/.no-mistakes/worktrees/450411b3e67c/01M48AGCET15Z951PCQ4YNDYRJ/.v/spawn-home
HERDR command: status --json --session fm-lab-e2
FM_ROOT_OVERRIDE=
FM_STATE_OVERRIDE=
FM_DATA_OVERRIDE=
FM_PROJECTS_OVERRIDE=
FM_CONFIG_OVERRIDE=
FM_HOME=/home/node/.no-mistakes/worktrees/450411b3e67c/01M48AGCET15Z951PCQ4YNDYRJ/.v/secondmate
HERDR command: pane read w1:p2 --source recent --lines 200 --session fm-lab-e2
FM_ROOT_OVERRIDE=
FM_STATE_OVERRIDE=
FM_DATA_OVERRIDE=
FM_PROJECTS_OVERRIDE=
FM_CONFIG_OVERRIDE=
FM_HOME=/home/node/.no-mistakes/worktrees/450411b3e67c/01M48AGCET15Z951PCQ4YNDYRJ/.v/secondmate
HERDR command: status --json --session fm-lab-e2
FM_ROOT_OVERRIDE=
FM_STATE_OVERRIDE=
FM_DATA_OVERRIDE=
FM_PROJECTS_OVERRIDE=
FM_CONFIG_OVERRIDE=
FM_HOME=/home/node/.no-mistakes/worktrees/450411b3e67c/01M48AGCET15Z951PCQ4YNDYRJ/.v/secondmate
HERDR command: pane read w1:p2 --source recent --lines 200 --session fm-lab-e2
FM_ROOT_OVERRIDE=
FM_STATE_OVERRIDE=
FM_DATA_OVERRIDE=
FM_PROJECTS_OVERRIDE=
FM_CONFIG_OVERRIDE=
FM_HOME=/home/node/.no-mistakes/worktrees/450411b3e67c/01M48AGCET15Z951PCQ4YNDYRJ/.v/secondmate
HERDR command: status --json --session fm-lab-e2
FM_ROOT_OVERRIDE=
FM_STATE_OVERRIDE=
FM_DATA_OVERRIDE=
FM_PROJECTS_OVERRIDE=
FM_CONFIG_OVERRIDE=
FM_HOME=/home/node/.no-mistakes/worktrees/450411b3e67c/01M48AGCET15Z951PCQ4YNDYRJ/.v/secondmate
HERDR command: agent get w1:p2 --session fm-lab-e2
FM_ROOT_OVERRIDE=
FM_STATE_OVERRIDE=
FM_DATA_OVERRIDE=
FM_PROJECTS_OVERRIDE=
FM_CONFIG_OVERRIDE=
FM_HOME=/home/node/.no-mistakes/worktrees/450411b3e67c/01M48AGCET15Z951PCQ4YNDYRJ/.v/secondmate
HERDR command: status --json --session fm-lab-e2
FM_HOME=/home/node/.no-mistakes/worktrees/450411b3e67c/01M48AGCET15Z951PCQ4YNDYRJ/.v/secondmate
HERDR command: pane read w1:p2 --source recent --lines 200 --session fm-lab-e2
FM_HOME=/home/node/.no-mistakes/worktrees/450411b3e67c/01M48AGCET15Z951PCQ4YNDYRJ/.v/secondmate
HERDR command: status --json --session fm-lab-e2
FM_HOME=/home/node/.no-mistakes/worktrees/450411b3e67c/01M48AGCET15Z951PCQ4YNDYRJ/.v/secondmate
HERDR command: pane read w1:p2 --source recent --lines 200 --session fm-lab-e2
FM_HOME=/home/node/.no-mistakes/worktrees/450411b3e67c/01M48AGCET15Z951PCQ4YNDYRJ/.v/secondmate
HERDR command: status --json --session fm-lab-e2
FM_HOME=/home/node/.no-mistakes/worktrees/450411b3e67c/01M48AGCET15Z951PCQ4YNDYRJ/.v/secondmate
HERDR command: agent get w1:p2 --session fm-lab-e2
FM_HOME=/home/node/.no-mistakes/worktrees/450411b3e67c/01M48AGCET15Z951PCQ4YNDYRJ/.v/secondmate
HERDR command: pane send-text w2:p2 export\ FM_SNAPSHOT_SCOPED_ENV=1\ FM_CREW_STATE_META_OVERRIDE=relaunch-poison-FM_CREW_STATE_META_OVERRIDE\ FM_CREW_STATE_STATUS_OVERRIDE=relaunch-poison-FM_CREW_STATE_STATUS_OVERRIDE\ FM_HOME_SUMMARY_IF_IDLE=relaunch-poison-FM_HOME_SUMMARY_IF_IDLE\ FM_HOME_SUMMARY_WORKER_BEST_EFFORT=relaunch-poison-FM_HOME_SUMMARY_WORKER_BEST_EFFORT\ FM_HOME_SUMMARY_PARENT_ERROR=relaunch-poison-FM_HOME_SUMMARY_PARENT_ERROR\ FM_HOME_SUMMARY_PARENT_STAMP=relaunch-poison-FM_HOME_SUMMARY_PARENT_STAMP\ FM_ROOT_OVERRIDE=relaunch-poison-FM_ROOT_OVERRIDE\ FM_STATE_OVERRIDE=relaunch-poison-FM_STATE_OVERRIDE\ FM_DATA_OVERRIDE=relaunch-poison-FM_DATA_OVERRIDE\ FM_PROJECTS_OVERRIDE=relaunch-poison-FM_PROJECTS_OVERRIDE\ FM_CONFIG_OVERRIDE=relaunch-poison-FM_CONFIG_OVERRIDE --session fm-lab-e2
FM_HOME=/home/node/.no-mistakes/worktrees/450411b3e67c/01M48AGCET15Z951PCQ4YNDYRJ/.v/spawn-home
HERDR command: pane send-keys w2:p2 enter --session fm-lab-e2
FM_HOME=/home/node/.no-mistakes/worktrees/450411b3e67c/01M48AGCET15Z951PCQ4YNDYRJ/.v/spawn-home
HERDR command: pane get w2:p2 --session fm-lab-e2
FM_HOME=/home/node/.no-mistakes/worktrees/450411b3e67c/01M48AGCET15Z951PCQ4YNDYRJ/.v/spawn-home
HERDR command: agent get w2:p2 --session fm-lab-e2
FM_HOME=/home/node/.no-mistakes/worktrees/450411b3e67c/01M48AGCET15Z951PCQ4YNDYRJ/.v/spawn-home
HERDR command: status --json --session fm-lab-e2
FM_HOME=/home/node/.no-mistakes/worktrees/450411b3e67c/01M48AGCET15Z951PCQ4YNDYRJ/.v/spawn-home
HERDR command: pane get w2:p2 --session fm-lab-e2
FM_HOME=/home/node/.no-mistakes/worktrees/450411b3e67c/01M48AGCET15Z951PCQ4YNDYRJ/.v/spawn-home
HERDR command: pane get w2:p2 --session fm-lab-e2
FM_ROOT_OVERRIDE=/home/node/.no-mistakes/worktrees/450411b3e67c/01M48AGCET15Z951PCQ4YNDYRJ/.v/runtime
FM_STATE_OVERRIDE=/home/node/.no-mistakes/worktrees/450411b3e67c/01M48AGCET15Z951PCQ4YNDYRJ/.v/spawn-home/state
FM_DATA_OVERRIDE=/home/node/.no-mistakes/worktrees/450411b3e67c/01M48AGCET15Z951PCQ4YNDYRJ/.v/spawn-home/data
FM_PROJECTS_OVERRIDE=/home/node/.no-mistakes/worktrees/450411b3e67c/01M48AGCET15Z951PCQ4YNDYRJ/.v/spawn-home/projects
FM_CONFIG_OVERRIDE=/home/node/.no-mistakes/worktrees/450411b3e67c/01M48AGCET15Z951PCQ4YNDYRJ/.v/spawn-home/config
FM_HOME=/home/node/.no-mistakes/worktrees/450411b3e67c/01M48AGCET15Z951PCQ4YNDYRJ/.v/spawn-home
HERDR command: pane get w1:p2 --session fm-lab-e2
FM_ROOT_OVERRIDE=/home/node/.no-mistakes/worktrees/450411b3e67c/01M48AGCET15Z951PCQ4YNDYRJ/.v/runtime
FM_STATE_OVERRIDE=/home/node/.no-mistakes/worktrees/450411b3e67c/01M48AGCET15Z951PCQ4YNDYRJ/.v/spawn-home/state
FM_DATA_OVERRIDE=/home/node/.no-mistakes/worktrees/450411b3e67c/01M48AGCET15Z951PCQ4YNDYRJ/.v/spawn-home/data
FM_PROJECTS_OVERRIDE=/home/node/.no-mistakes/worktrees/450411b3e67c/01M48AGCET15Z951PCQ4YNDYRJ/.v/spawn-home/projects
FM_CONFIG_OVERRIDE=/home/node/.no-mistakes/worktrees/450411b3e67c/01M48AGCET15Z951PCQ4YNDYRJ/.v/spawn-home/config
FM_HOME=/home/node/.no-mistakes/worktrees/450411b3e67c/01M48AGCET15Z951PCQ4YNDYRJ/.v/spawn-home
HERDR command: pane get w1:p3 --session fm-lab-e2
FM_ROOT_OVERRIDE=/home/node/.no-mistakes/worktrees/450411b3e67c/01M48AGCET15Z951PCQ4YNDYRJ/.v/runtime
FM_STATE_OVERRIDE=/home/node/.no-mistakes/worktrees/450411b3e67c/01M48AGCET15Z951PCQ4YNDYRJ/.v/spawn-home/state
FM_DATA_OVERRIDE=/home/node/.no-mistakes/worktrees/450411b3e67c/01M48AGCET15Z951PCQ4YNDYRJ/.v/spawn-home/data
FM_PROJECTS_OVERRIDE=/home/node/.no-mistakes/worktrees/450411b3e67c/01M48AGCET15Z951PCQ4YNDYRJ/.v/spawn-home/projects
FM_CONFIG_OVERRIDE=/home/node/.no-mistakes/worktrees/450411b3e67c/01M48AGCET15Z951PCQ4YNDYRJ/.v/spawn-home/config
FM_HOME=/home/node/.no-mistakes/worktrees/450411b3e67c/01M48AGCET15Z951PCQ4YNDYRJ/.v/spawn-home
HERDR command: pane get w1:p4 --session fm-lab-e2
FM_ROOT_OVERRIDE=/home/node/.no-mistakes/worktrees/450411b3e67c/01M48AGCET15Z951PCQ4YNDYRJ/.v/runtime
FM_STATE_OVERRIDE=/home/node/.no-mistakes/worktrees/450411b3e67c/01M48AGCET15Z951PCQ4YNDYRJ/.v/spawn-home/state
FM_DATA_OVERRIDE=/home/node/.no-mistakes/worktrees/450411b3e67c/01M48AGCET15Z951PCQ4YNDYRJ/.v/spawn-home/data
FM_PROJECTS_OVERRIDE=/home/node/.no-mistakes/worktrees/450411b3e67c/01M48AGCET15Z951PCQ4YNDYRJ/.v/spawn-home/projects
FM_CONFIG_OVERRIDE=/home/node/.no-mistakes/worktrees/450411b3e67c/01M48AGCET15Z951PCQ4YNDYRJ/.v/spawn-home/config
FM_HOME=/home/node/.no-mistakes/worktrees/450411b3e67c/01M48AGCET15Z951PCQ4YNDYRJ/.v/spawn-home
HERDR command: pane get w2:p2 --session fm-lab-e2
FM_ROOT_OVERRIDE=/home/node/.no-mistakes/worktrees/450411b3e67c/01M48AGCET15Z951PCQ4YNDYRJ/.v/runtime
FM_STATE_OVERRIDE=/home/node/.no-mistakes/worktrees/450411b3e67c/01M48AGCET15Z951PCQ4YNDYRJ/.v/spawn-home/state
FM_DATA_OVERRIDE=/home/node/.no-mistakes/worktrees/450411b3e67c/01M48AGCET15Z951PCQ4YNDYRJ/.v/spawn-home/data
FM_PROJECTS_OVERRIDE=/home/node/.no-mistakes/worktrees/450411b3e67c/01M48AGCET15Z951PCQ4YNDYRJ/.v/spawn-home/projects
FM_CONFIG_OVERRIDE=/home/node/.no-mistakes/worktrees/450411b3e67c/01M48AGCET15Z951PCQ4YNDYRJ/.v/spawn-home/config
FM_HOME=/home/node/.no-mistakes/worktrees/450411b3e67c/01M48AGCET15Z951PCQ4YNDYRJ/.v/spawn-home
HERDR command: agent get w2:p2 --session fm-lab-e2
FM_ROOT_OVERRIDE=/home/node/.no-mistakes/worktrees/450411b3e67c/01M48AGCET15Z951PCQ4YNDYRJ/.v/runtime
FM_STATE_OVERRIDE=/home/node/.no-mistakes/worktrees/450411b3e67c/01M48AGCET15Z951PCQ4YNDYRJ/.v/spawn-home/state
FM_DATA_OVERRIDE=/home/node/.no-mistakes/worktrees/450411b3e67c/01M48AGCET15Z951PCQ4YNDYRJ/.v/spawn-home/data
FM_PROJECTS_OVERRIDE=/home/node/.no-mistakes/worktrees/450411b3e67c/01M48AGCET15Z951PCQ4YNDYRJ/.v/spawn-home/projects
FM_CONFIG_OVERRIDE=/home/node/.no-mistakes/worktrees/450411b3e67c/01M48AGCET15Z951PCQ4YNDYRJ/.v/spawn-home/config
FM_HOME=/home/node/.no-mistakes/worktrees/450411b3e67c/01M48AGCET15Z951PCQ4YNDYRJ/.v/spawn-home
HERDR command: status --json --session fm-lab-e2
FM_HOME=/home/node/.no-mistakes/worktrees/450411b3e67c/01M48AGCET15Z951PCQ4YNDYRJ/.v/spawn-home
HERDR command: status --json --session fm-lab-e2
FM_HOME=/home/node/.no-mistakes/worktrees/450411b3e67c/01M48AGCET15Z951PCQ4YNDYRJ/.v/spawn-home
HERDR command: status --json --session fm-lab-e2
FM_HOME=/home/node/.no-mistakes/worktrees/450411b3e67c/01M48AGCET15Z951PCQ4YNDYRJ/.v/spawn-home
HERDR command: status --json --session fm-lab-e2
FM_HOME=/home/node/.no-mistakes/worktrees/450411b3e67c/01M48AGCET15Z951PCQ4YNDYRJ/.v/spawn-home
HERDR command: pane read w1:p2 --source recent --lines 200 --session fm-lab-e2
FM_HOME=/home/node/.no-mistakes/worktrees/450411b3e67c/01M48AGCET15Z951PCQ4YNDYRJ/.v/spawn-home
HERDR command: pane read w1:p4 --source recent --lines 200 --session fm-lab-e2
FM_HOME=/home/node/.no-mistakes/worktrees/450411b3e67c/01M48AGCET15Z951PCQ4YNDYRJ/.v/spawn-home
HERDR command: pane read w1:p3 --source recent --lines 200 --session fm-lab-e2
FM_HOME=/home/node/.no-mistakes/worktrees/450411b3e67c/01M48AGCET15Z951PCQ4YNDYRJ/.v/spawn-home
HERDR command: status --json --session fm-lab-e2
FM_HOME=/home/node/.no-mistakes/worktrees/450411b3e67c/01M48AGCET15Z951PCQ4YNDYRJ/.v/spawn-home
HERDR command: status --json --session fm-lab-e2
FM_HOME=/home/node/.no-mistakes/worktrees/450411b3e67c/01M48AGCET15Z951PCQ4YNDYRJ/.v/spawn-home
HERDR command: pane read w1:p2 --source recent --lines 200 --session fm-lab-e2
FM_HOME=/home/node/.no-mistakes/worktrees/450411b3e67c/01M48AGCET15Z951PCQ4YNDYRJ/.v/spawn-home
HERDR command: pane read w1:p4 --source recent --lines 200 --session fm-lab-e2
FM_HOME=/home/node/.no-mistakes/worktrees/450411b3e67c/01M48AGCET15Z951PCQ4YNDYRJ/.v/spawn-home
HERDR command: status --json --session fm-lab-e2
FM_HOME=/home/node/.no-mistakes/worktrees/450411b3e67c/01M48AGCET15Z951PCQ4YNDYRJ/.v/spawn-home
HERDR command: status --json --session fm-lab-e2
FM_HOME=/home/node/.no-mistakes/worktrees/450411b3e67c/01M48AGCET15Z951PCQ4YNDYRJ/.v/spawn-home
HERDR command: pane read w2:p2 --source recent --lines 200 --session fm-lab-e2
FM_HOME=/home/node/.no-mistakes/worktrees/450411b3e67c/01M48AGCET15Z951PCQ4YNDYRJ/.v/spawn-home
HERDR command: agent get w1:p4 --session fm-lab-e2
FM_HOME=/home/node/.no-mistakes/worktrees/450411b3e67c/01M48AGCET15Z951PCQ4YNDYRJ/.v/spawn-home
HERDR command: agent get w1:p2 --session fm-lab-e2
FM_HOME=/home/node/.no-mistakes/worktrees/450411b3e67c/01M48AGCET15Z951PCQ4YNDYRJ/.v/spawn-home
HERDR command: status --json --session fm-lab-e2
FM_HOME=/home/node/.no-mistakes/worktrees/450411b3e67c/01M48AGCET15Z951PCQ4YNDYRJ/.v/spawn-home
HERDR command: pane read w1:p3 --source recent --lines 200 --session fm-lab-e2
FM_HOME=/home/node/.no-mistakes/worktrees/450411b3e67c/01M48AGCET15Z951PCQ4YNDYRJ/.v/spawn-home
HERDR command: status --json --session fm-lab-e2
FM_HOME=/home/node/.no-mistakes/worktrees/450411b3e67c/01M48AGCET15Z951PCQ4YNDYRJ/.v/spawn-home
HERDR command: agent get w1:p3 --session fm-lab-e2
FM_HOME=/home/node/.no-mistakes/worktrees/450411b3e67c/01M48AGCET15Z951PCQ4YNDYRJ/.v/spawn-home
HERDR command: agent get w2:p2 --session fm-lab-e2
FM_HOME=/home/node/.no-mistakes/worktrees/450411b3e67c/01M48AGCET15Z951PCQ4YNDYRJ/.v/spawn-home
HERDR command: status --json --session fm-lab-e2
FM_HOME=/home/node/.no-mistakes/worktrees/450411b3e67c/01M48AGCET15Z951PCQ4YNDYRJ/.v/spawn-home
HERDR command: pane run w2:p2 export\ GOTMPDIR=\'/home/node/.no-mistakes/worktrees/450411b3e67c/01M48AGCET15Z951PCQ4YNDYRJ/.v/spawn-home/state/secondmate.tasktmp/gotmp\' --session fm-lab-e2
FM_HOME=/home/node/.no-mistakes/worktrees/450411b3e67c/01M48AGCET15Z951PCQ4YNDYRJ/.v/spawn-home
HERDR command: status --json --session fm-lab-e2
FM_HOME=/home/node/.no-mistakes/worktrees/450411b3e67c/01M48AGCET15Z951PCQ4YNDYRJ/.v/spawn-home
HERDR command: pane run w2:p2 export\ COMPACT_ADVISER_DISABLE=1 --session fm-lab-e2
FM_HOME=/home/node/.no-mistakes/worktrees/450411b3e67c/01M48AGCET15Z951PCQ4YNDYRJ/.v/spawn-home
HERDR command: status --json --session fm-lab-e2
FM_HOME=/home/node/.no-mistakes/worktrees/450411b3e67c/01M48AGCET15Z951PCQ4YNDYRJ/.v/spawn-home
HERDR command: pane send-text w2:p2 .\ \'/tmp/fm-secondmate+225fc10db929241398488ecab5bc7b61357da0454bee5e18db2b2720920a857b/launch.s1791283651.1233416.24195.sh\' --session fm-lab-e2
FM_HOME=/home/node/.no-mistakes/worktrees/450411b3e67c/01M48AGCET15Z951PCQ4YNDYRJ/.v/spawn-home
HERDR command: status --json --session fm-lab-e2
FM_HOME=/home/node/.no-mistakes/worktrees/450411b3e67c/01M48AGCET15Z951PCQ4YNDYRJ/.v/spawn-home
HERDR command: pane send-keys w2:p2 enter --session fm-lab-e2
FM_HOME=/home/node/.no-mistakes/worktrees/450411b3e67c/01M48AGCET15Z951PCQ4YNDYRJ/.v/spawn-home
HERDR command: status --json --session fm-lab-e2
FM_ROOT_OVERRIDE=
FM_STATE_OVERRIDE=
FM_DATA_OVERRIDE=
FM_PROJECTS_OVERRIDE=
FM_CONFIG_OVERRIDE=
FM_HOME=/home/node/.no-mistakes/worktrees/450411b3e67c/01M48AGCET15Z951PCQ4YNDYRJ/.v/secondmate
HERDR command: pane read w1:p2 --source recent --lines 200 --session fm-lab-e2
FM_ROOT_OVERRIDE=
FM_STATE_OVERRIDE=
FM_DATA_OVERRIDE=
FM_PROJECTS_OVERRIDE=
FM_CONFIG_OVERRIDE=
FM_HOME=/home/node/.no-mistakes/worktrees/450411b3e67c/01M48AGCET15Z951PCQ4YNDYRJ/.v/secondmate
HERDR command: status --json --session fm-lab-e2
FM_ROOT_OVERRIDE=
FM_STATE_OVERRIDE=
FM_DATA_OVERRIDE=
FM_PROJECTS_OVERRIDE=
FM_CONFIG_OVERRIDE=
FM_HOME=/home/node/.no-mistakes/worktrees/450411b3e67c/01M48AGCET15Z951PCQ4YNDYRJ/.v/secondmate
HERDR command: pane read w1:p2 --source recent --lines 200 --session fm-lab-e2
FM_ROOT_OVERRIDE=
FM_STATE_OVERRIDE=
FM_DATA_OVERRIDE=
FM_PROJECTS_OVERRIDE=
FM_CONFIG_OVERRIDE=
FM_HOME=/home/node/.no-mistakes/worktrees/450411b3e67c/01M48AGCET15Z951PCQ4YNDYRJ/.v/secondmate
HERDR command: status --json --session fm-lab-e2
FM_ROOT_OVERRIDE=
FM_STATE_OVERRIDE=
FM_DATA_OVERRIDE=
FM_PROJECTS_OVERRIDE=
FM_CONFIG_OVERRIDE=
FM_HOME=/home/node/.no-mistakes/worktrees/450411b3e67c/01M48AGCET15Z951PCQ4YNDYRJ/.v/secondmate
HERDR command: agent get w1:p2 --session fm-lab-e2
FM_ROOT_OVERRIDE=
FM_STATE_OVERRIDE=
FM_DATA_OVERRIDE=
FM_PROJECTS_OVERRIDE=
FM_CONFIG_OVERRIDE=
FM_HOME=/home/node/.no-mistakes/worktrees/450411b3e67c/01M48AGCET15Z951PCQ4YNDYRJ/.v/secondmate
HERDR command: status --json --session fm-lab-e2
FM_HOME=/home/node/.no-mistakes/worktrees/450411b3e67c/01M48AGCET15Z951PCQ4YNDYRJ/.v/secondmate
HERDR command: pane read w1:p2 --source recent --lines 200 --session fm-lab-e2
FM_HOME=/home/node/.no-mistakes/worktrees/450411b3e67c/01M48AGCET15Z951PCQ4YNDYRJ/.v/secondmate
HERDR command: status --json --session fm-lab-e2
FM_HOME=/home/node/.no-mistakes/worktrees/450411b3e67c/01M48AGCET15Z951PCQ4YNDYRJ/.v/secondmate
HERDR command: pane read w1:p2 --source recent --lines 200 --session fm-lab-e2
FM_HOME=/home/node/.no-mistakes/worktrees/450411b3e67c/01M48AGCET15Z951PCQ4YNDYRJ/.v/secondmate
HERDR command: status --json --session fm-lab-e2
FM_HOME=/home/node/.no-mistakes/worktrees/450411b3e67c/01M48AGCET15Z951PCQ4YNDYRJ/.v/secondmate
HERDR command: agent get w1:p2 --session fm-lab-e2
FM_HOME=/home/node/.no-mistakes/worktrees/450411b3e67c/01M48AGCET15Z951PCQ4YNDYRJ/.v/secondmate
HERDR command: pane send-text w2:p2 export\ FM_SNAPSHOT_SCOPED_ENV=1\ FM_CREW_STATE_META_OVERRIDE=relaunch-poison-FM_CREW_STATE_META_OVERRIDE\ FM_CREW_STATE_STATUS_OVERRIDE=relaunch-poison-FM_CREW_STATE_STATUS_OVERRIDE\ FM_HOME_SUMMARY_IF_IDLE=relaunch-poison-FM_HOME_SUMMARY_IF_IDLE\ FM_HOME_SUMMARY_WORKER_BEST_EFFORT=relaunch-poison-FM_HOME_SUMMARY_WORKER_BEST_EFFORT\ FM_HOME_SUMMARY_PARENT_ERROR=relaunch-poison-FM_HOME_SUMMARY_PARENT_ERROR\ FM_HOME_SUMMARY_PARENT_STAMP=relaunch-poison-FM_HOME_SUMMARY_PARENT_STAMP\ FM_ROOT_OVERRIDE=relaunch-poison-FM_ROOT_OVERRIDE\ FM_STATE_OVERRIDE=relaunch-poison-FM_STATE_OVERRIDE\ FM_DATA_OVERRIDE=relaunch-poison-FM_DATA_OVERRIDE\ FM_PROJECTS_OVERRIDE=relaunch-poison-FM_PROJECTS_OVERRIDE\ FM_CONFIG_OVERRIDE=relaunch-poison-FM_CONFIG_OVERRIDE --session fm-lab-e2
FM_HOME=/home/node/.no-mistakes/worktrees/450411b3e67c/01M48AGCET15Z951PCQ4YNDYRJ/.v/spawn-home
HERDR command: pane send-keys w2:p2 enter --session fm-lab-e2
FM_HOME=/home/node/.no-mistakes/worktrees/450411b3e67c/01M48AGCET15Z951PCQ4YNDYRJ/.v/spawn-home
HERDR command: pane get w2:p2 --session fm-lab-e2
FM_HOME=/home/node/.no-mistakes/worktrees/450411b3e67c/01M48AGCET15Z951PCQ4YNDYRJ/.v/spawn-home
HERDR command: agent get w2:p2 --session fm-lab-e2
FM_HOME=/home/node/.no-mistakes/worktrees/450411b3e67c/01M48AGCET15Z951PCQ4YNDYRJ/.v/spawn-home
HERDR command: status --json --session fm-lab-e2
FM_HOME=/home/node/.no-mistakes/worktrees/450411b3e67c/01M48AGCET15Z951PCQ4YNDYRJ/.v/spawn-home
HERDR command: pane get w2:p2 --session fm-lab-e2
FM_HOME=/home/node/.no-mistakes/worktrees/450411b3e67c/01M48AGCET15Z951PCQ4YNDYRJ/.v/spawn-home
HERDR command: pane get w1:p2 --session fm-lab-e2
FM_ROOT_OVERRIDE=/home/node/.no-mistakes/worktrees/450411b3e67c/01M48AGCET15Z951PCQ4YNDYRJ/.v/runtime
FM_STATE_OVERRIDE=/home/node/.no-mistakes/worktrees/450411b3e67c/01M48AGCET15Z951PCQ4YNDYRJ/.v/spawn-home/state
FM_DATA_OVERRIDE=/home/node/.no-mistakes/worktrees/450411b3e67c/01M48AGCET15Z951PCQ4YNDYRJ/.v/spawn-home/data
FM_PROJECTS_OVERRIDE=/home/node/.no-mistakes/worktrees/450411b3e67c/01M48AGCET15Z951PCQ4YNDYRJ/.v/spawn-home/projects
FM_CONFIG_OVERRIDE=/home/node/.no-mistakes/worktrees/450411b3e67c/01M48AGCET15Z951PCQ4YNDYRJ/.v/spawn-home/config
FM_HOME=/home/node/.no-mistakes/worktrees/450411b3e67c/01M48AGCET15Z951PCQ4YNDYRJ/.v/spawn-home
HERDR command: pane get w2:p2 --session fm-lab-e2
FM_ROOT_OVERRIDE=/home/node/.no-mistakes/worktrees/450411b3e67c/01M48AGCET15Z951PCQ4YNDYRJ/.v/runtime
FM_STATE_OVERRIDE=/home/node/.no-mistakes/worktrees/450411b3e67c/01M48AGCET15Z951PCQ4YNDYRJ/.v/spawn-home/state
FM_DATA_OVERRIDE=/home/node/.no-mistakes/worktrees/450411b3e67c/01M48AGCET15Z951PCQ4YNDYRJ/.v/spawn-home/data
FM_PROJECTS_OVERRIDE=/home/node/.no-mistakes/worktrees/450411b3e67c/01M48AGCET15Z951PCQ4YNDYRJ/.v/spawn-home/projects
FM_CONFIG_OVERRIDE=/home/node/.no-mistakes/worktrees/450411b3e67c/01M48AGCET15Z951PCQ4YNDYRJ/.v/spawn-home/config
FM_HOME=/home/node/.no-mistakes/worktrees/450411b3e67c/01M48AGCET15Z951PCQ4YNDYRJ/.v/spawn-home
HERDR command:HERDR command: pane get w1:p4 --session fm-lab-e2 pane get w1:p3 --session fm-lab-e2

FM_ROOT_OVERRIDE=/home/node/.no-mistakes/worktrees/450411b3e67c/01M48AGCET15Z951PCQ4YNDYRJ/.v/runtime
FM_ROOT_OVERRIDE=/home/node/.no-mistakes/worktrees/450411b3e67c/01M48AGCET15Z951PCQ4YNDYRJ/.v/runtime
FM_STATE_OVERRIDE=/home/node/.no-mistakes/worktrees/450411b3e67c/01M48AGCET15Z951PCQ4YNDYRJ/.v/spawn-home/state
FM_STATE_OVERRIDE=/home/node/.no-mistakes/worktrees/450411b3e67c/01M48AGCET15Z951PCQ4YNDYRJ/.v/spawn-home/state
FM_DATA_OVERRIDE=/home/node/.no-mistakes/worktrees/450411b3e67c/01M48AGCET15Z951PCQ4YNDYRJ/.v/spawn-home/data
FM_DATA_OVERRIDE=/home/node/.no-mistakes/worktrees/450411b3e67c/01M48AGCET15Z951PCQ4YNDYRJ/.v/spawn-home/data
FM_PROJECTS_OVERRIDE=/home/node/.no-mistakes/worktrees/450411b3e67c/01M48AGCET15Z951PCQ4YNDYRJ/.v/spawn-home/projects
FM_PROJECTS_OVERRIDE=/home/node/.no-mistakes/worktrees/450411b3e67c/01M48AGCET15Z951PCQ4YNDYRJ/.v/spawn-home/projects
FM_CONFIG_OVERRIDE=/home/node/.no-mistakes/worktrees/450411b3e67c/01M48AGCET15Z951PCQ4YNDYRJ/.v/spawn-home/config
FM_CONFIG_OVERRIDE=/home/node/.no-mistakes/worktrees/450411b3e67c/01M48AGCET15Z951PCQ4YNDYRJ/.v/spawn-home/config
FM_HOME=/home/node/.no-mistakes/worktrees/450411b3e67c/01M48AGCET15Z951PCQ4YNDYRJ/.v/spawn-home
FM_HOME=/home/node/.no-mistakes/worktrees/450411b3e67c/01M48AGCET15Z951PCQ4YNDYRJ/.v/spawn-home
HERDR command: pane get w2:p2 --session fm-lab-e2
FM_ROOT_OVERRIDE=/home/node/.no-mistakes/worktrees/450411b3e67c/01M48AGCET15Z951PCQ4YNDYRJ/.v/runtime
FM_STATE_OVERRIDE=/home/node/.no-mistakes/worktrees/450411b3e67c/01M48AGCET15Z951PCQ4YNDYRJ/.v/spawn-home/state
FM_DATA_OVERRIDE=/home/node/.no-mistakes/worktrees/450411b3e67c/01M48AGCET15Z951PCQ4YNDYRJ/.v/spawn-home/data
FM_PROJECTS_OVERRIDE=/home/node/.no-mistakes/worktrees/450411b3e67c/01M48AGCET15Z951PCQ4YNDYRJ/.v/spawn-home/projects
FM_CONFIG_OVERRIDE=/home/node/.no-mistakes/worktrees/450411b3e67c/01M48AGCET15Z951PCQ4YNDYRJ/.v/spawn-home/config
FM_HOME=/home/node/.no-mistakes/worktrees/450411b3e67c/01M48AGCET15Z951PCQ4YNDYRJ/.v/spawn-home
HERDR command: agent get w2:p2 --session fm-lab-e2
FM_ROOT_OVERRIDE=/home/node/.no-mistakes/worktrees/450411b3e67c/01M48AGCET15Z951PCQ4YNDYRJ/.v/runtime
FM_STATE_OVERRIDE=/home/node/.no-mistakes/worktrees/450411b3e67c/01M48AGCET15Z951PCQ4YNDYRJ/.v/spawn-home/state
FM_DATA_OVERRIDE=/home/node/.no-mistakes/worktrees/450411b3e67c/01M48AGCET15Z951PCQ4YNDYRJ/.v/spawn-home/data
FM_PROJECTS_OVERRIDE=/home/node/.no-mistakes/worktrees/450411b3e67c/01M48AGCET15Z951PCQ4YNDYRJ/.v/spawn-home/projects
FM_CONFIG_OVERRIDE=/home/node/.no-mistakes/worktrees/450411b3e67c/01M48AGCET15Z951PCQ4YNDYRJ/.v/spawn-home/config
FM_HOME=/home/node/.no-mistakes/worktrees/450411b3e67c/01M48AGCET15Z951PCQ4YNDYRJ/.v/spawn-home
HERDR command: status --json --session fm-lab-e2
FM_HOME=/home/node/.no-mistakes/worktrees/450411b3e67c/01M48AGCET15Z951PCQ4YNDYRJ/.v/spawn-home
HERDR command: status --json --session fm-lab-e2
FM_HOME=/home/node/.no-mistakes/worktrees/450411b3e67c/01M48AGCET15Z951PCQ4YNDYRJ/.v/spawn-home
HERDR command: status --json --session fm-lab-e2
FM_HOME=/home/node/.no-mistakes/worktrees/450411b3e67c/01M48AGCET15Z951PCQ4YNDYRJ/.v/spawn-home
HERDR command: status --json --session fm-lab-e2
FM_HOME=/home/node/.no-mistakes/worktrees/450411b3e67c/01M48AGCET15Z951PCQ4YNDYRJ/.v/spawn-home
HERDR command: pane read w2:p2 --source recent --lines 200 --session fm-lab-e2
FM_HOME=/home/node/.no-mistakes/worktrees/450411b3e67c/01M48AGCET15Z951PCQ4YNDYRJ/.v/spawn-home
HERDR command: pane read w1:p4 --source recent --lines 200 --session fm-lab-e2
FM_HOME=/home/node/.no-mistakes/worktrees/450411b3e67c/01M48AGCET15Z951PCQ4YNDYRJ/.v/spawn-home
HERDR command: pane read w1:p2 --source recent --lines 200 --session fm-lab-e2
FM_HOME=/home/node/.no-mistakes/worktrees/450411b3e67c/01M48AGCET15Z951PCQ4YNDYRJ/.v/spawn-home
HERDR command: pane read w1:p3 --source recent --lines 200 --session fm-lab-e2
FM_HOME=/home/node/.no-mistakes/worktrees/450411b3e67c/01M48AGCET15Z951PCQ4YNDYRJ/.v/spawn-home
HERDR command: status --json --session fm-lab-e2
FM_HOME=/home/node/.no-mistakes/worktrees/450411b3e67c/01M48AGCET15Z951PCQ4YNDYRJ/.v/spawn-home
HERDR command: pane read w1:p3 --source recent --lines 200 --session fm-lab-e2
FM_HOME=/home/node/.no-mistakes/worktrees/450411b3e67c/01M48AGCET15Z951PCQ4YNDYRJ/.v/spawn-home
HERDR command: status --json --session fm-lab-e2
FM_HOME=/home/node/.no-mistakes/worktrees/450411b3e67c/01M48AGCET15Z951PCQ4YNDYRJ/.v/spawn-home
HERDR command: agent get w1:p3 --session fm-lab-e2
FM_HOME=/home/node/.no-mistakes/worktrees/450411b3e67c/01M48AGCET15Z951PCQ4YNDYRJ/.v/spawn-home
HERDR command: status --json --session fm-lab-e2
FM_HOME=/home/node/.no-mistakes/worktrees/450411b3e67c/01M48AGCET15Z951PCQ4YNDYRJ/.v/spawn-home
HERDR command: status --json --session fm-lab-e2
FM_HOME=/home/node/.no-mistakes/worktrees/450411b3e67c/01M48AGCET15Z951PCQ4YNDYRJ/.v/spawn-home
HERDR command: pane read w1:p4 --source recent --lines 200 --session fm-lab-e2
FM_HOME=/home/node/.no-mistakes/worktrees/450411b3e67c/01M48AGCET15Z951PCQ4YNDYRJ/.v/spawn-home
HERDR command: pane read w1:p2 --source recent --lines 200 --session fm-lab-e2
FM_HOME=/home/node/.no-mistakes/worktrees/450411b3e67c/01M48AGCET15Z951PCQ4YNDYRJ/.v/spawn-home
HERDR command: status --json --session fm-lab-e2
FM_HOME=/home/node/.no-mistakes/worktrees/450411b3e67c/01M48AGCET15Z951PCQ4YNDYRJ/.v/spawn-home
HERDR command: status --json --session fm-lab-e2
FM_HOME=/home/node/.no-mistakes/worktrees/450411b3e67c/01M48AGCET15Z951PCQ4YNDYRJ/.v/spawn-home
HERDR command: agent get w1:p4 --session fm-lab-e2
FM_HOME=/home/node/.no-mistakes/worktrees/450411b3e67c/01M48AGCET15Z951PCQ4YNDYRJ/.v/spawn-home
HERDR command: agent get w1:p2 --session fm-lab-e2
FM_HOME=/home/node/.no-mistakes/worktrees/450411b3e67c/01M48AGCET15Z951PCQ4YNDYRJ/.v/spawn-home
HERDR command: agent get w2:p2 --session fm-lab-e2
FM_HOME=/home/node/.no-mistakes/worktrees/450411b3e67c/01M48AGCET15Z951PCQ4YNDYRJ/.v/spawn-home
HERDR command: status --json --session fm-lab-e2
FM_HOME=/home/node/.no-mistakes/worktrees/450411b3e67c/01M48AGCET15Z951PCQ4YNDYRJ/.v/spawn-home
HERDR command: pane run w2:p2 export\ GOTMPDIR=\'/home/node/.no-mistakes/worktrees/450411b3e67c/01M48AGCET15Z951PCQ4YNDYRJ/.v/spawn-home/state/secondmate.tasktmp/gotmp\' --session fm-lab-e2
FM_HOME=/home/node/.no-mistakes/worktrees/450411b3e67c/01M48AGCET15Z951PCQ4YNDYRJ/.v/spawn-home
HERDR command: status --json --session fm-lab-e2
FM_HOME=/home/node/.no-mistakes/worktrees/450411b3e67c/01M48AGCET15Z951PCQ4YNDYRJ/.v/spawn-home
HERDR command: pane run w2:p2 export\ COMPACT_ADVISER_DISABLE=1 --session fm-lab-e2
FM_HOME=/home/node/.no-mistakes/worktrees/450411b3e67c/01M48AGCET15Z951PCQ4YNDYRJ/.v/spawn-home
HERDR command: status --json --session fm-lab-e2
FM_HOME=/home/node/.no-mistakes/worktrees/450411b3e67c/01M48AGCET15Z951PCQ4YNDYRJ/.v/spawn-home
HERDR command: pane send-text w2:p2 .\ \'/tmp/fm-secondmate+225fc10db929241398488ecab5bc7b61357da0454bee5e18db2b2720920a857b/launch.s1791283654.1235287.23463.sh\' --session fm-lab-e2
FM_HOME=/home/node/.no-mistakes/worktrees/450411b3e67c/01M48AGCET15Z951PCQ4YNDYRJ/.v/spawn-home
HERDR command: status --json --session fm-lab-e2
FM_HOME=/home/node/.no-mistakes/worktrees/450411b3e67c/01M48AGCET15Z951PCQ4YNDYRJ/.v/spawn-home
HERDR command: pane send-keys w2:p2 enter --session fm-lab-e2
FM_HOME=/home/node/.no-mistakes/worktrees/450411b3e67c/01M48AGCET15Z951PCQ4YNDYRJ/.v/spawn-home
HERDR command: status --json --session fm-lab-e2
FM_ROOT_OVERRIDE=
FM_STATE_OVERRIDE=
FM_DATA_OVERRIDE=
FM_PROJECTS_OVERRIDE=
FM_CONFIG_OVERRIDE=
FM_HOME=/home/node/.no-mistakes/worktrees/450411b3e67c/01M48AGCET15Z951PCQ4YNDYRJ/.v/secondmate
HERDR command: pane read w1:p2 --source recent --lines 200 --session fm-lab-e2
FM_ROOT_OVERRIDE=
FM_STATE_OVERRIDE=
FM_DATA_OVERRIDE=
FM_PROJECTS_OVERRIDE=
FM_CONFIG_OVERRIDE=
FM_HOME=/home/node/.no-mistakes/worktrees/450411b3e67c/01M48AGCET15Z951PCQ4YNDYRJ/.v/secondmate
HERDR command: status --json --session fm-lab-e2
FM_ROOT_OVERRIDE=
FM_STATE_OVERRIDE=
FM_DATA_OVERRIDE=
FM_PROJECTS_OVERRIDE=
FM_CONFIG_OVERRIDE=
FM_HOME=/home/node/.no-mistakes/worktrees/450411b3e67c/01M48AGCET15Z951PCQ4YNDYRJ/.v/secondmate
HERDR command: pane read w1:p2 --source recent --lines 200 --session fm-lab-e2
FM_ROOT_OVERRIDE=
FM_STATE_OVERRIDE=
FM_DATA_OVERRIDE=
FM_PROJECTS_OVERRIDE=
FM_CONFIG_OVERRIDE=
FM_HOME=/home/node/.no-mistakes/worktrees/450411b3e67c/01M48AGCET15Z951PCQ4YNDYRJ/.v/secondmate
HERDR command: status --json --session fm-lab-e2
FM_ROOT_OVERRIDE=
FM_STATE_OVERRIDE=
FM_DATA_OVERRIDE=
FM_PROJECTS_OVERRIDE=
FM_CONFIG_OVERRIDE=
FM_HOME=/home/node/.no-mistakes/worktrees/450411b3e67c/01M48AGCET15Z951PCQ4YNDYRJ/.v/secondmate
HERDR command: agent get w1:p2 --session fm-lab-e2
FM_ROOT_OVERRIDE=
FM_STATE_OVERRIDE=
FM_DATA_OVERRIDE=
FM_PROJECTS_OVERRIDE=
FM_CONFIG_OVERRIDE=
FM_HOME=/home/node/.no-mistakes/worktrees/450411b3e67c/01M48AGCET15Z951PCQ4YNDYRJ/.v/secondmate
HERDR command: status --json --session fm-lab-e2
FM_HOME=/home/node/.no-mistakes/worktrees/450411b3e67c/01M48AGCET15Z951PCQ4YNDYRJ/.v/secondmate
HERDR command: pane read w1:p2 --source recent --lines 200 --session fm-lab-e2
FM_HOME=/home/node/.no-mistakes/worktrees/450411b3e67c/01M48AGCET15Z951PCQ4YNDYRJ/.v/secondmate
HERDR command: status --json --session fm-lab-e2
FM_HOME=/home/node/.no-mistakes/worktrees/450411b3e67c/01M48AGCET15Z951PCQ4YNDYRJ/.v/secondmate
HERDR command: pane read w1:p2 --source recent --lines 200 --session fm-lab-e2
FM_HOME=/home/node/.no-mistakes/worktrees/450411b3e67c/01M48AGCET15Z951PCQ4YNDYRJ/.v/secondmate
HERDR command: status --json --session fm-lab-e2
FM_HOME=/home/node/.no-mistakes/worktrees/450411b3e67c/01M48AGCET15Z951PCQ4YNDYRJ/.v/secondmate
HERDR command: agent get w1:p2 --session fm-lab-e2
FM_HOME=/home/node/.no-mistakes/worktrees/450411b3e67c/01M48AGCET15Z951PCQ4YNDYRJ/.v/secondmate
HERDR command: session stop fm-lab-e2 --json --session fm-lab-e2
FM_HOME=/home/node/.no-mistakes/worktrees/450411b3e67c/01M48AGCET15Z951PCQ4YNDYRJ/.v/spawn-home
HERDR command: session delete fm-lab-e2 --json --session fm-lab-e2
FM_HOME=/home/node/.no-mistakes/worktrees/450411b3e67c/01M48AGCET15Z951PCQ4YNDYRJ/.v/spawn-home
HERDR command: server --session fm-lab-e2
FM_SNAPSHOT_SCOPED_ENV=1
FM_CREW_STATE_META_OVERRIDE=prior-poison-FM_CREW_STATE_META_OVERRIDE
FM_CREW_STATE_STATUS_OVERRIDE=prior-poison-FM_CREW_STATE_STATUS_OVERRIDE
FM_HOME_SUMMARY_IF_IDLE=prior-poison-FM_HOME_SUMMARY_IF_IDLE
FM_HOME_SUMMARY_WORKER_BEST_EFFORT=prior-poison-FM_HOME_SUMMARY_WORKER_BEST_EFFORT
FM_HOME_SUMMARY_PARENT_ERROR=prior-poison-FM_HOME_SUMMARY_PARENT_ERROR
FM_HOME_SUMMARY_PARENT_STAMP=prior-poison-FM_HOME_SUMMARY_PARENT_STAMP
FM_ROOT_OVERRIDE=prior-poison-FM_ROOT_OVERRIDE
FM_STATE_OVERRIDE=prior-poison-FM_STATE_OVERRIDE
FM_DATA_OVERRIDE=prior-poison-FM_DATA_OVERRIDE
FM_PROJECTS_OVERRIDE=prior-poison-FM_PROJECTS_OVERRIDE
FM_CONFIG_OVERRIDE=prior-poison-FM_CONFIG_OVERRIDE
FM_HOME=/home/node/.no-mistakes/worktrees/450411b3e67c/01M48AGCET15Z951PCQ4YNDYRJ/.v/prior-home
HERDR command: status --json --session fm-lab-e2
FM_SNAPSHOT_SCOPED_ENV=1
FM_CREW_STATE_META_OVERRIDE=prior-poison-FM_CREW_STATE_META_OVERRIDE
FM_CREW_STATE_STATUS_OVERRIDE=prior-poison-FM_CREW_STATE_STATUS_OVERRIDE
FM_HOME_SUMMARY_IF_IDLE=prior-poison-FM_HOME_SUMMARY_IF_IDLE
FM_HOME_SUMMARY_WORKER_BEST_EFFORT=prior-poison-FM_HOME_SUMMARY_WORKER_BEST_EFFORT
FM_HOME_SUMMARY_PARENT_ERROR=prior-poison-FM_HOME_SUMMARY_PARENT_ERROR
FM_HOME_SUMMARY_PARENT_STAMP=prior-poison-FM_HOME_SUMMARY_PARENT_STAMP
FM_ROOT_OVERRIDE=prior-poison-FM_ROOT_OVERRIDE
FM_STATE_OVERRIDE=prior-poison-FM_STATE_OVERRIDE
FM_DATA_OVERRIDE=prior-poison-FM_DATA_OVERRIDE
FM_PROJECTS_OVERRIDE=prior-poison-FM_PROJECTS_OVERRIDE
FM_CONFIG_OVERRIDE=prior-poison-FM_CONFIG_OVERRIDE
FM_HOME=/home/node/.no-mistakes/worktrees/450411b3e67c/01M48AGCET15Z951PCQ4YNDYRJ/.v/prior-home
HERDR command: status --json --session fm-lab-e2
FM_HOME=/home/node/.no-mistakes/worktrees/450411b3e67c/01M48AGCET15Z951PCQ4YNDYRJ/.v/prior-home
HERDR command: status --json --session fm-lab-e2
FM_HOME=/home/node/.no-mistakes/worktrees/450411b3e67c/01M48AGCET15Z951PCQ4YNDYRJ/.v/prior-home
HERDR command: status --json --session fm-lab-e2
FM_HOME=/home/node/.no-mistakes/worktrees/450411b3e67c/01M48AGCET15Z951PCQ4YNDYRJ/.v/prior-home
HERDR command: status --json --session fm-lab-e2
FM_HOME=/home/node/.no-mistakes/worktrees/450411b3e67c/01M48AGCET15Z951PCQ4YNDYRJ/.v/prior-home
HERDR command: status --json --session fm-lab-e2
FM_HOME=/home/node/.no-mistakes/worktrees/450411b3e67c/01M48AGCET15Z951PCQ4YNDYRJ/.v/prior-home
HERDR command: workspace list --session fm-lab-e2
FM_HOME=/home/node/.no-mistakes/worktrees/450411b3e67c/01M48AGCET15Z951PCQ4YNDYRJ/.v/prior-home
HERDR command: workspace create --cwd /home/node/.no-mistakes/worktrees/450411b3e67c/01M48AGCET15Z951PCQ4YNDYRJ/.v/prior-project --label firstmate --no-focus --session fm-lab-e2
FM_HOME=/home/node/.no-mistakes/worktrees/450411b3e67c/01M48AGCET15Z951PCQ4YNDYRJ/.v/prior-home
HERDR command: tab list --workspace w1 --session fm-lab-e2
FM_HOME=/home/node/.no-mistakes/worktrees/450411b3e67c/01M48AGCET15Z951PCQ4YNDYRJ/.v/prior-home
HERDR command: tab create --workspace w1 --cwd /home/node/.no-mistakes/worktrees/450411b3e67c/01M48AGCET15Z951PCQ4YNDYRJ/.v/prior-project --label fm-prior-ship --no-focus --session fm-lab-e2
FM_HOME=/home/node/.no-mistakes/worktrees/450411b3e67c/01M48AGCET15Z951PCQ4YNDYRJ/.v/prior-home
HERDR command: tab list --workspace w1 --session fm-lab-e2
FM_HOME=/home/node/.no-mistakes/worktrees/450411b3e67c/01M48AGCET15Z951PCQ4YNDYRJ/.v/prior-home
HERDR command: pane list --workspace w1 --session fm-lab-e2
FM_HOME=/home/node/.no-mistakes/worktrees/450411b3e67c/01M48AGCET15Z951PCQ4YNDYRJ/.v/prior-home
HERDR command: agent get w1:p1 --session fm-lab-e2
FM_HOME=/home/node/.no-mistakes/worktrees/450411b3e67c/01M48AGCET15Z951PCQ4YNDYRJ/.v/prior-home
HERDR command: pane close w1:p1 --session fm-lab-e2
FM_HOME=/home/node/.no-mistakes/worktrees/450411b3e67c/01M48AGCET15Z951PCQ4YNDYRJ/.v/prior-home
HERDR command: status --json --session fm-lab-e2
FM_HOME=/home/node/.no-mistakes/worktrees/450411b3e67c/01M48AGCET15Z951PCQ4YNDYRJ/.v/prior-home
HERDR command: pane run w1:p2 treehouse\ get --session fm-lab-e2
FM_HOME=/home/node/.no-mistakes/worktrees/450411b3e67c/01M48AGCET15Z951PCQ4YNDYRJ/.v/prior-home
HERDR command: status --json --session fm-lab-e2
FM_HOME=/home/node/.no-mistakes/worktrees/450411b3e67c/01M48AGCET15Z951PCQ4YNDYRJ/.v/prior-home
HERDR command: pane get w1:p2 --session fm-lab-e2
FM_HOME=/home/node/.no-mistakes/worktrees/450411b3e67c/01M48AGCET15Z951PCQ4YNDYRJ/.v/prior-home
HERDR command: status --json --session fm-lab-e2
FM_HOME=/home/node/.no-mistakes/worktrees/450411b3e67c/01M48AGCET15Z951PCQ4YNDYRJ/.v/prior-home
HERDR command: pane get w1:p2 --session fm-lab-e2
FM_HOME=/home/node/.no-mistakes/worktrees/450411b3e67c/01M48AGCET15Z951PCQ4YNDYRJ/.v/prior-home
HERDR command: status --json --session fm-lab-e2
FM_HOME=/home/node/.no-mistakes/worktrees/450411b3e67c/01M48AGCET15Z951PCQ4YNDYRJ/.v/prior-home
HERDR command: pane run w1:p2 cd\ --\ \'/home/node/.no-mistakes/worktrees/450411b3e67c/01M48AGCET15Z951PCQ4YNDYRJ/.v/home/.treehouse/prior-project-9afc4f/1/prior-project\' --session fm-lab-e2
FM_HOME=/home/node/.no-mistakes/worktrees/450411b3e67c/01M48AGCET15Z951PCQ4YNDYRJ/.v/prior-home
HERDR command: status --json --session fm-lab-e2
FM_HOME=/home/node/.no-mistakes/worktrees/450411b3e67c/01M48AGCET15Z951PCQ4YNDYRJ/.v/prior-home
HERDR command: pane get w1:p2 --session fm-lab-e2
FM_HOME=/home/node/.no-mistakes/worktrees/450411b3e67c/01M48AGCET15Z951PCQ4YNDYRJ/.v/prior-home
HERDR command: pane get w1:p2 --session fm-lab-e2
FM_ROOT_OVERRIDE=/home/node/.no-mistakes/worktrees/450411b3e67c/01M48AGCET15Z951PCQ4YNDYRJ/.v/prior
FM_STATE_OVERRIDE=/home/node/.no-mistakes/worktrees/450411b3e67c/01M48AGCET15Z951PCQ4YNDYRJ/.v/prior-home/state
FM_DATA_OVERRIDE=/home/node/.no-mistakes/worktrees/450411b3e67c/01M48AGCET15Z951PCQ4YNDYRJ/.v/prior-home/data
FM_PROJECTS_OVERRIDE=/home/node/.no-mistakes/worktrees/450411b3e67c/01M48AGCET15Z951PCQ4YNDYRJ/.v/prior-home/projects
FM_CONFIG_OVERRIDE=/home/node/.no-mistakes/worktrees/450411b3e67c/01M48AGCET15Z951PCQ4YNDYRJ/.v/prior-home/config
FM_HOME=/home/node/.no-mistakes/worktrees/450411b3e67c/01M48AGCET15Z951PCQ4YNDYRJ/.v/prior-home
HERDR command: status --json --session fm-lab-e2
FM_HOME=/home/node/.no-mistakes/worktrees/450411b3e67c/01M48AGCET15Z951PCQ4YNDYRJ/.v/prior-home
HERDR command: pane read w1:p2 --source recent --lines 200 --session fm-lab-e2
FM_HOME=/home/node/.no-mistakes/worktrees/450411b3e67c/01M48AGCET15Z951PCQ4YNDYRJ/.v/prior-home
HERDR command: status --json --session fm-lab-e2
FM_HOME=/home/node/.no-mistakes/worktrees/450411b3e67c/01M48AGCET15Z951PCQ4YNDYRJ/.v/prior-home
HERDR command: pane read w1:p2 --source recent --lines 200 --session fm-lab-e2
FM_HOME=/home/node/.no-mistakes/worktrees/450411b3e67c/01M48AGCET15Z951PCQ4YNDYRJ/.v/prior-home
HERDR command: status --json --session fm-lab-e2
FM_HOME=/home/node/.no-mistakes/worktrees/450411b3e67c/01M48AGCET15Z951PCQ4YNDYRJ/.v/prior-home
HERDR command: agent get w1:p2 --session fm-lab-e2
FM_HOME=/home/node/.no-mistakes/worktrees/450411b3e67c/01M48AGCET15Z951PCQ4YNDYRJ/.v/prior-home
HERDR command: status --json --session fm-lab-e2
FM_HOME=/home/node/.no-mistakes/worktrees/450411b3e67c/01M48AGCET15Z951PCQ4YNDYRJ/.v/prior-home
HERDR command: pane run w1:p2 export\ GOTMPDIR=\'/home/node/.no-mistakes/worktrees/450411b3e67c/01M48AGCET15Z951PCQ4YNDYRJ/.v/prior-home/state/prior-ship.tasktmp/gotmp\' --session fm-lab-e2
FM_HOME=/home/node/.no-mistakes/worktrees/450411b3e67c/01M48AGCET15Z951PCQ4YNDYRJ/.v/prior-home
HERDR command: status --json --session fm-lab-e2
FM_HOME=/home/node/.no-mistakes/worktrees/450411b3e67c/01M48AGCET15Z951PCQ4YNDYRJ/.v/prior-home
HERDR command: pane run w1:p2 export\ COMPACT_ADVISER_DISABLE=1 --session fm-lab-e2
FM_HOME=/home/node/.no-mistakes/worktrees/450411b3e67c/01M48AGCET15Z951PCQ4YNDYRJ/.v/prior-home
HERDR command: status --json --session fm-lab-e2
FM_HOME=/home/node/.no-mistakes/worktrees/450411b3e67c/01M48AGCET15Z951PCQ4YNDYRJ/.v/prior-home
HERDR command: pane run w1:p2 export\ FM_TASK_ID=prior-ship --session fm-lab-e2
FM_HOME=/home/node/.no-mistakes/worktrees/450411b3e67c/01M48AGCET15Z951PCQ4YNDYRJ/.v/prior-home
HERDR command: status --json --session fm-lab-e2
FM_HOME=/home/node/.no-mistakes/worktrees/450411b3e67c/01M48AGCET15Z951PCQ4YNDYRJ/.v/prior-home
HERDR command: pane send-text w1:p2 .\ \'/tmp/fm-prior-ship+88671364bf5665f97aacdeff236645bfd8b87ca97507ecb51604897050446410/launch.s1791283688.1244109.16518.sh\' --session fm-lab-e2
FM_HOME=/home/node/.no-mistakes/worktrees/450411b3e67c/01M48AGCET15Z951PCQ4YNDYRJ/.v/prior-home
HERDR command: status --json --session fm-lab-e2
FM_HOME=/home/node/.no-mistakes/worktrees/450411b3e67c/01M48AGCET15Z951PCQ4YNDYRJ/.v/prior-home
HERDR command: pane send-keys w1:p2 enter --session fm-lab-e2
FM_HOME=/home/node/.no-mistakes/worktrees/450411b3e67c/01M48AGCET15Z951PCQ4YNDYRJ/.v/prior-home
HERDR command: status --json --session fm-lab-e2
FM_HOME=/home/node/.no-mistakes/worktrees/450411b3e67c/01M48AGCET15Z951PCQ4YNDYRJ/.v/prior-home
HERDR command: pane read w1:p2 --source recent --lines 200 --session fm-lab-e2
FM_HOME=/home/node/.no-mistakes/worktrees/450411b3e67c/01M48AGCET15Z951PCQ4YNDYRJ/.v/prior-home
HERDR command: status --json --session fm-lab-e2
FM_HOME=/home/node/.no-mistakes/worktrees/450411b3e67c/01M48AGCET15Z951PCQ4YNDYRJ/.v/prior-home
HERDR command: pane read w1:p2 --source recent --lines 200 --session fm-lab-e2
FM_HOME=/home/node/.no-mistakes/worktrees/450411b3e67c/01M48AGCET15Z951PCQ4YNDYRJ/.v/prior-home
HERDR command: status --json --session fm-lab-e2
FM_HOME=/home/node/.no-mistakes/worktrees/450411b3e67c/01M48AGCET15Z951PCQ4YNDYRJ/.v/prior-home
HERDR command: agent get w1:p2 --session fm-lab-e2
FM_HOME=/home/node/.no-mistakes/worktrees/450411b3e67c/01M48AGCET15Z951PCQ4YNDYRJ/.v/prior-home
HERDR command: session stop fm-lab-e2 --json --session fm-lab-e2
FM_HOME=/home/node/.no-mistakes/worktrees/450411b3e67c/01M48AGCET15Z951PCQ4YNDYRJ/.v/prior-home
HERDR command: session delete fm-lab-e2 --json --session fm-lab-e2
FM_HOME=/home/node/.no-mistakes/worktrees/450411b3e67c/01M48AGCET15Z951PCQ4YNDYRJ/.v/prior-home
